round_id,club_id,number,par,tees
07fde5f1-63b2-439e-9c2c-cebc92cd962c,13b48d48-e5c7-4e3c-8661-4a8c73392797,1,4,"{""be6a10d5-8493-42bc-927e-17fba150b09b"": ""319"", ""a3d6ecb7-d610-45c0-a250-14b428fc7965"": ""280"", ""935b94d8-3ef5-42f2-8fdd-24c81fce5353"": {""distance"": ""309"", ""par"": ""4""}}"
07fde5f1-63b2-439e-9c2c-cebc92cd962c,13b48d48-e5c7-4e3c-8661-4a8c73392797,2,4,"{""be6a10d5-8493-42bc-927e-17fba150b09b"": ""323"", ""a3d6ecb7-d610-45c0-a250-14b428fc7965"": ""297"", ""935b94d8-3ef5-42f2-8fdd-24c81fce5353"": {""distance"": ""316"", ""par"": ""4""}}"
07fde5f1-63b2-439e-9c2c-cebc92cd962c,13b48d48-e5c7-4e3c-8661-4a8c73392797,3,5,"{""be6a10d5-8493-42bc-927e-17fba150b09b"": ""495"", ""a3d6ecb7-d610-45c0-a250-14b428fc7965"": ""435"", ""935b94d8-3ef5-42f2-8fdd-24c81fce5353"": {""distance"": ""488"", ""par"": ""5""}}"
07fde5f1-63b2-439e-9c2c-cebc92cd962c,13b48d48-e5c7-4e3c-8661-4a8c73392797,4,4,"{""be6a10d5-8493-42bc-927e-17fba150b09b"": ""375"", ""a3d6ecb7-d610-45c0-a250-14b428fc7965"": ""326"", ""935b94d8-3ef5-42f2-8fdd-24c81fce5353"": {""distance"": ""360"", ""par"": ""4""}}"
07fde5f1-63b2-439e-9c2c-cebc92cd962c,13b48d48-e5c7-4e3c-8661-4a8c73392797,5,3,"{""be6a10d5-8493-42bc-927e-17fba150b09b"": ""168"", ""a3d6ecb7-d610-45c0-a250-14b428fc7965"": ""112"", ""935b94d8-3ef5-42f2-8fdd-24c81fce5353"": {""distance"": ""115"", ""par"": ""3""}}"
07fde5f1-63b2-439e-9c2c-cebc92cd962c,13b48d48-e5c7-4e3c-8661-4a8c73392797,6,4,"{""be6a10d5-8493-42bc-927e-17fba150b09b"": ""328"", ""a3d6ecb7-d610-45c0-a250-14b428fc7965"": ""317"", ""935b94d8-3ef5-42f2-8fdd-24c81fce5353"": {""distance"": ""325"", ""par"": ""4""}}"
07fde5f1-63b2-439e-9c2c-cebc92cd962c,13b48d48-e5c7-4e3c-8661-4a8c73392797,7,5,"{""be6a10d5-8493-42bc-927e-17fba150b09b"": ""456"", ""a3d6ecb7-d610-45c0-a250-14b428fc7965"": ""383"", ""935b94d8-3ef5-42f2-8fdd-24c81fce5353"": {""distance"": ""446"", ""par"": ""5""}}"
07fde5f1-63b2-439e-9c2c-cebc92cd962c,13b48d48-e5c7-4e3c-8661-4a8c73392797,8,3,"{""be6a10d5-8493-42bc-927e-17fba150b09b"": ""176"", ""a3d6ecb7-d610-45c0-a250-14b428fc7965"": ""151"", ""935b94d8-3ef5-42f2-8fdd-24c81fce5353"": {""distance"": ""171"", ""par"": ""3""}}"
07fde5f1-63b2-439e-9c2c-cebc92cd962c,13b48d48-e5c7-4e3c-8661-4a8c73392797,9,4,"{""be6a10d5-8493-42bc-927e-17fba150b09b"": ""325"", ""a3d6ecb7-d610-45c0-a250-14b428fc7965"": ""256"", ""935b94d8-3ef5-42f2-8fdd-24c81fce5353"": {""distance"": ""317"", ""par"": ""4""}}"
07fde5f1-63b2-439e-9c2c-cebc92cd962c,13b48d48-e5c7-4e3c-8661-4a8c73392797,10,4,"{""be6a10d5-8493-42bc-927e-17fba150b09b"": ""319"", ""a3d6ecb7-d610-45c0-a250-14b428fc7965"": ""295"", ""935b94d8-3ef5-42f2-8fdd-24c81fce5353"": {""distance"": ""309"", ""par"": ""4""}}"
07fde5f1-63b2-439e-9c2c-cebc92cd962c,13b48d48-e5c7-4e3c-8661-4a8c73392797,11,4,"{""be6a10d5-8493-42bc-927e-17fba150b09b"": ""322"", ""a3d6ecb7-d610-45c0-a250-14b428fc7965"": ""306"", ""935b94d8-3ef5-42f2-8fdd-24c81fce5353"": {""distance"": ""316"", ""par"": ""4""}}"
07fde5f1-63b2-439e-9c2c-cebc92cd962c,13b48d48-e5c7-4e3c-8661-4a8c73392797,12,5,"{""be6a10d5-8493-42bc-927e-17fba150b09b"": ""495"", ""a3d6ecb7-d610-45c0-a250-14b428fc7965"": ""435"", ""935b94d8-3ef5-42f2-8fdd-24c81fce5353"": {""distance"": ""488"", ""par"": ""5""}}"
07fde5f1-63b2-439e-9c2c-cebc92cd962c,13b48d48-e5c7-4e3c-8661-4a8c73392797,13,4,"{""be6a10d5-8493-42bc-927e-17fba150b09b"": ""370"", ""a3d6ecb7-d610-45c0-a250-14b428fc7965"": ""326"", ""935b94d8-3ef5-42f2-8fdd-24c81fce5353"": {""distance"": ""359"", ""par"": ""4""}}"
07fde5f1-63b2-439e-9c2c-cebc92cd962c,13b48d48-e5c7-4e3c-8661-4a8c73392797,14,3,"{""be6a10d5-8493-42bc-927e-17fba150b09b"": ""130"", ""a3d6ecb7-d610-45c0-a250-14b428fc7965"": ""113"", ""935b94d8-3ef5-42f2-8fdd-24c81fce5353"": {""distance"": ""121"", ""par"": ""3""}}"
07fde5f1-63b2-439e-9c2c-cebc92cd962c,13b48d48-e5c7-4e3c-8661-4a8c73392797,15,4,"{""be6a10d5-8493-42bc-927e-17fba150b09b"": ""344"", ""a3d6ecb7-d610-45c0-a250-14b428fc7965"": ""327"", ""935b94d8-3ef5-42f2-8fdd-24c81fce5353"": {""distance"": ""339"", ""par"": ""4""}}"
07fde5f1-63b2-439e-9c2c-cebc92cd962c,13b48d48-e5c7-4e3c-8661-4a8c73392797,16,5,"{""be6a10d5-8493-42bc-927e-17fba150b09b"": ""456"", ""a3d6ecb7-d610-45c0-a250-14b428fc7965"": ""383"", ""935b94d8-3ef5-42f2-8fdd-24c81fce5353"": {""distance"": ""446"", ""par"": ""5""}}"
07fde5f1-63b2-439e-9c2c-cebc92cd962c,13b48d48-e5c7-4e3c-8661-4a8c73392797,17,3,"{""be6a10d5-8493-42bc-927e-17fba150b09b"": ""115"", ""a3d6ecb7-d610-45c0-a250-14b428fc7965"": ""88"", ""935b94d8-3ef5-42f2-8fdd-24c81fce5353"": {""distance"": ""110"", ""par"": ""3""}}"
07fde5f1-63b2-439e-9c2c-cebc92cd962c,13b48d48-e5c7-4e3c-8661-4a8c73392797,18,4,"{""be6a10d5-8493-42bc-927e-17fba150b09b"": ""362"", ""a3d6ecb7-d610-45c0-a250-14b428fc7965"": ""311"", ""935b94d8-3ef5-42f2-8fdd-24c81fce5353"": {""distance"": ""342"", ""par"": ""4""}}"
6f06a7f2-77a0-4a5d-a890-4f0a7ed1d6f8,fed0b0c7-d9e8-4ae9-a216-45e19d405ee6,1,4,"{""06381c89-05c4-49ba-9c6c-3d320d3f1ccd"": ""319"", ""f0de8e09-0b3c-43db-957d-a44f845e75fc"": ""293"", ""83b74ddc-3dc7-4f0f-b96c-d1c6479974ee"": ""276"", ""fef89c13-5332-4ef7-9b7f-ed9ee8ed419e"": {""distance"": ""256"", ""par"": ""4""}}"
6f06a7f2-77a0-4a5d-a890-4f0a7ed1d6f8,fed0b0c7-d9e8-4ae9-a216-45e19d405ee6,2,4,"{""06381c89-05c4-49ba-9c6c-3d320d3f1ccd"": ""356"", ""f0de8e09-0b3c-43db-957d-a44f845e75fc"": ""287"", ""83b74ddc-3dc7-4f0f-b96c-d1c6479974ee"": ""251"", ""fef89c13-5332-4ef7-9b7f-ed9ee8ed419e"": {""distance"": ""226"", ""par"": ""4""}}"
6f06a7f2-77a0-4a5d-a890-4f0a7ed1d6f8,fed0b0c7-d9e8-4ae9-a216-45e19d405ee6,3,5,"{""06381c89-05c4-49ba-9c6c-3d320d3f1ccd"": ""525"", ""f0de8e09-0b3c-43db-957d-a44f845e75fc"": ""502"", ""83b74ddc-3dc7-4f0f-b96c-d1c6479974ee"": ""477"", ""fef89c13-5332-4ef7-9b7f-ed9ee8ed419e"": {""distance"": ""451"", ""par"": ""5""}}"
6f06a7f2-77a0-4a5d-a890-4f0a7ed1d6f8,fed0b0c7-d9e8-4ae9-a216-45e19d405ee6,4,3,"{""06381c89-05c4-49ba-9c6c-3d320d3f1ccd"": ""210"", ""f0de8e09-0b3c-43db-957d-a44f845e75fc"": ""182"", ""83b74ddc-3dc7-4f0f-b96c-d1c6479974ee"": ""173"", ""fef89c13-5332-4ef7-9b7f-ed9ee8ed419e"": {""distance"": ""142"", ""par"": ""3""}}"
6f06a7f2-77a0-4a5d-a890-4f0a7ed1d6f8,fed0b0c7-d9e8-4ae9-a216-45e19d405ee6,5,4,"{""06381c89-05c4-49ba-9c6c-3d320d3f1ccd"": ""307"", ""f0de8e09-0b3c-43db-957d-a44f845e75fc"": ""300"", ""83b74ddc-3dc7-4f0f-b96c-d1c6479974ee"": ""291"", ""fef89c13-5332-4ef7-9b7f-ed9ee8ed419e"": {""distance"": ""284"", ""par"": ""4""}}"
6f06a7f2-77a0-4a5d-a890-4f0a7ed1d6f8,fed0b0c7-d9e8-4ae9-a216-45e19d405ee6,6,5,"{""06381c89-05c4-49ba-9c6c-3d320d3f1ccd"": ""443"", ""f0de8e09-0b3c-43db-957d-a44f845e75fc"": ""423"", ""83b74ddc-3dc7-4f0f-b96c-d1c6479974ee"": ""395"", ""fef89c13-5332-4ef7-9b7f-ed9ee8ed419e"": {""distance"": ""370"", ""par"": ""5""}}"
6f06a7f2-77a0-4a5d-a890-4f0a7ed1d6f8,fed0b0c7-d9e8-4ae9-a216-45e19d405ee6,7,3,"{""06381c89-05c4-49ba-9c6c-3d320d3f1ccd"": ""141"", ""f0de8e09-0b3c-43db-957d-a44f845e75fc"": ""130"", ""83b74ddc-3dc7-4f0f-b96c-d1c6479974ee"": ""120"", ""fef89c13-5332-4ef7-9b7f-ed9ee8ed419e"": {""distance"": ""108"", ""par"": ""3""}}"
6f06a7f2-77a0-4a5d-a890-4f0a7ed1d6f8,fed0b0c7-d9e8-4ae9-a216-45e19d405ee6,8,4,"{""06381c89-05c4-49ba-9c6c-3d320d3f1ccd"": ""413"", ""f0de8e09-0b3c-43db-957d-a44f845e75fc"": ""387"", ""83b74ddc-3dc7-4f0f-b96c-d1c6479974ee"": ""351"", ""fef89c13-5332-4ef7-9b7f-ed9ee8ed419e"": {""distance"": ""326"", ""par"": ""4""}}"
6f06a7f2-77a0-4a5d-a890-4f0a7ed1d6f8,fed0b0c7-d9e8-4ae9-a216-45e19d405ee6,9,4,"{""06381c89-05c4-49ba-9c6c-3d320d3f1ccd"": ""413"", ""f0de8e09-0b3c-43db-957d-a44f845e75fc"": ""390"", ""83b74ddc-3dc7-4f0f-b96c-d1c6479974ee"": ""356"", ""fef89c13-5332-4ef7-9b7f-ed9ee8ed419e"": {""distance"": ""323"", ""par"": ""4""}}"
6f06a7f2-77a0-4a5d-a890-4f0a7ed1d6f8,fed0b0c7-d9e8-4ae9-a216-45e19d405ee6,10,5,"{""06381c89-05c4-49ba-9c6c-3d320d3f1ccd"": ""483"", ""f0de8e09-0b3c-43db-957d-a44f845e75fc"": ""463"", ""83b74ddc-3dc7-4f0f-b96c-d1c6479974ee"": ""444"", ""fef89c13-5332-4ef7-9b7f-ed9ee8ed419e"": {""distance"": ""422"", ""par"": ""5""}}"
6f06a7f2-77a0-4a5d-a890-4f0a7ed1d6f8,fed0b0c7-d9e8-4ae9-a216-45e19d405ee6,11,4,"{""06381c89-05c4-49ba-9c6c-3d320d3f1ccd"": ""343"", ""f0de8e09-0b3c-43db-957d-a44f845e75fc"": ""324"", ""83b74ddc-3dc7-4f0f-b96c-d1c6479974ee"": ""305"", ""fef89c13-5332-4ef7-9b7f-ed9ee8ed419e"": {""distance"": ""286"", ""par"": ""4""}}"
6f06a7f2-77a0-4a5d-a890-4f0a7ed1d6f8,fed0b0c7-d9e8-4ae9-a216-45e19d405ee6,12,3,"{""06381c89-05c4-49ba-9c6c-3d320d3f1ccd"": ""180"", ""f0de8e09-0b3c-43db-957d-a44f845e75fc"": ""152"", ""83b74ddc-3dc7-4f0f-b96c-d1c6479974ee"": ""135"", ""fef89c13-5332-4ef7-9b7f-ed9ee8ed419e"": {""distance"": ""103"", ""par"": ""3""}}"
6f06a7f2-77a0-4a5d-a890-4f0a7ed1d6f8,fed0b0c7-d9e8-4ae9-a216-45e19d405ee6,13,4,"{""06381c89-05c4-49ba-9c6c-3d320d3f1ccd"": ""279"", ""f0de8e09-0b3c-43db-957d-a44f845e75fc"": ""276"", ""83b74ddc-3dc7-4f0f-b96c-d1c6479974ee"": ""258"", ""fef89c13-5332-4ef7-9b7f-ed9ee8ed419e"": {""distance"": ""234"", ""par"": ""4""}}"
6f06a7f2-77a0-4a5d-a890-4f0a7ed1d6f8,fed0b0c7-d9e8-4ae9-a216-45e19d405ee6,14,3,"{""06381c89-05c4-49ba-9c6c-3d320d3f1ccd"": ""193"", ""f0de8e09-0b3c-43db-957d-a44f845e75fc"": ""147"", ""83b74ddc-3dc7-4f0f-b96c-d1c6479974ee"": ""127"", ""fef89c13-5332-4ef7-9b7f-ed9ee8ed419e"": {""distance"": ""124"", ""par"": ""3""}}"
6f06a7f2-77a0-4a5d-a890-4f0a7ed1d6f8,fed0b0c7-d9e8-4ae9-a216-45e19d405ee6,15,4,"{""06381c89-05c4-49ba-9c6c-3d320d3f1ccd"": ""378"", ""f0de8e09-0b3c-43db-957d-a44f845e75fc"": ""349"", ""83b74ddc-3dc7-4f0f-b96c-d1c6479974ee"": ""316"", ""fef89c13-5332-4ef7-9b7f-ed9ee8ed419e"": {""distance"": ""287"", ""par"": ""4""}}"
6f06a7f2-77a0-4a5d-a890-4f0a7ed1d6f8,fed0b0c7-d9e8-4ae9-a216-45e19d405ee6,16,4,"{""06381c89-05c4-49ba-9c6c-3d320d3f1ccd"": ""384"", ""f0de8e09-0b3c-43db-957d-a44f845e75fc"": ""349"", ""83b74ddc-3dc7-4f0f-b96c-d1c6479974ee"": ""327"", ""fef89c13-5332-4ef7-9b7f-ed9ee8ed419e"": {""distance"": ""298"", ""par"": ""4""}}"
6f06a7f2-77a0-4a5d-a890-4f0a7ed1d6f8,fed0b0c7-d9e8-4ae9-a216-45e19d405ee6,17,5,"{""06381c89-05c4-49ba-9c6c-3d320d3f1ccd"": ""502"", ""f0de8e09-0b3c-43db-957d-a44f845e75fc"": ""452"", ""83b74ddc-3dc7-4f0f-b96c-d1c6479974ee"": ""426"", ""fef89c13-5332-4ef7-9b7f-ed9ee8ed419e"": {""distance"": ""363"", ""par"": ""5""}}"
6f06a7f2-77a0-4a5d-a890-4f0a7ed1d6f8,fed0b0c7-d9e8-4ae9-a216-45e19d405ee6,18,4,"{""06381c89-05c4-49ba-9c6c-3d320d3f1ccd"": ""403"", ""f0de8e09-0b3c-43db-957d-a44f845e75fc"": ""385"", ""83b74ddc-3dc7-4f0f-b96c-d1c6479974ee"": ""369"", ""fef89c13-5332-4ef7-9b7f-ed9ee8ed419e"": {""distance"": ""334"", ""par"": ""4""}}"
f35e9646-4e8e-49f7-a644-7415308f095f,78737794-4ed2-4253-b0c0-d8cc577eb599,1,4,"{""1f9f9438-9b5d-473a-b82c-cf506426f3f0"": ""-"", ""099b9338-980c-438c-9a70-8476ec14ddb3"": ""-"", ""8f204ae0-1634-49b4-b966-5acf16ffa5ed"": ""-"", ""19df7755-4e44-4e24-ae54-c3afc53f59f2"": {""distance"": ""-"", ""par"": ""4""}}"
f35e9646-4e8e-49f7-a644-7415308f095f,78737794-4ed2-4253-b0c0-d8cc577eb599,2,4,"{""1f9f9438-9b5d-473a-b82c-cf506426f3f0"": ""-"", ""099b9338-980c-438c-9a70-8476ec14ddb3"": ""-"", ""8f204ae0-1634-49b4-b966-5acf16ffa5ed"": ""-"", ""19df7755-4e44-4e24-ae54-c3afc53f59f2"": {""distance"": ""-"", ""par"": ""4""}}"
f35e9646-4e8e-49f7-a644-7415308f095f,78737794-4ed2-4253-b0c0-d8cc577eb599,3,4,"{""1f9f9438-9b5d-473a-b82c-cf506426f3f0"": ""-"", ""099b9338-980c-438c-9a70-8476ec14ddb3"": ""-"", ""8f204ae0-1634-49b4-b966-5acf16ffa5ed"": ""-"", ""19df7755-4e44-4e24-ae54-c3afc53f59f2"": {""distance"": ""-"", ""par"": ""4""}}"
f35e9646-4e8e-49f7-a644-7415308f095f,78737794-4ed2-4253-b0c0-d8cc577eb599,4,4,"{""1f9f9438-9b5d-473a-b82c-cf506426f3f0"": ""-"", ""099b9338-980c-438c-9a70-8476ec14ddb3"": ""-"", ""8f204ae0-1634-49b4-b966-5acf16ffa5ed"": ""-"", ""19df7755-4e44-4e24-ae54-c3afc53f59f2"": {""distance"": ""-"", ""par"": ""4""}}"
f35e9646-4e8e-49f7-a644-7415308f095f,78737794-4ed2-4253-b0c0-d8cc577eb599,5,4,"{""1f9f9438-9b5d-473a-b82c-cf506426f3f0"": ""-"", ""099b9338-980c-438c-9a70-8476ec14ddb3"": ""-"", ""8f204ae0-1634-49b4-b966-5acf16ffa5ed"": ""-"", ""19df7755-4e44-4e24-ae54-c3afc53f59f2"": {""distance"": ""-"", ""par"": ""4""}}"
f35e9646-4e8e-49f7-a644-7415308f095f,78737794-4ed2-4253-b0c0-d8cc577eb599,6,4,"{""1f9f9438-9b5d-473a-b82c-cf506426f3f0"": ""-"", ""099b9338-980c-438c-9a70-8476ec14ddb3"": ""-"", ""8f204ae0-1634-49b4-b966-5acf16ffa5ed"": ""-"", ""19df7755-4e44-4e24-ae54-c3afc53f59f2"": {""distance"": ""-"", ""par"": ""4""}}"
f35e9646-4e8e-49f7-a644-7415308f095f,78737794-4ed2-4253-b0c0-d8cc577eb599,7,4,"{""1f9f9438-9b5d-473a-b82c-cf506426f3f0"": ""-"", ""099b9338-980c-438c-9a70-8476ec14ddb3"": ""-"", ""8f204ae0-1634-49b4-b966-5acf16ffa5ed"": ""-"", ""19df7755-4e44-4e24-ae54-c3afc53f59f2"": {""distance"": ""-"", ""par"": ""4""}}"
f35e9646-4e8e-49f7-a644-7415308f095f,78737794-4ed2-4253-b0c0-d8cc577eb599,8,4,"{""1f9f9438-9b5d-473a-b82c-cf506426f3f0"": ""-"", ""099b9338-980c-438c-9a70-8476ec14ddb3"": ""-"", ""8f204ae0-1634-49b4-b966-5acf16ffa5ed"": ""-"", ""19df7755-4e44-4e24-ae54-c3afc53f59f2"": {""distance"": ""-"", ""par"": ""4""}}"
f35e9646-4e8e-49f7-a644-7415308f095f,78737794-4ed2-4253-b0c0-d8cc577eb599,9,4,"{""1f9f9438-9b5d-473a-b82c-cf506426f3f0"": ""-"", ""099b9338-980c-438c-9a70-8476ec14ddb3"": ""-"", ""8f204ae0-1634-49b4-b966-5acf16ffa5ed"": ""-"", ""19df7755-4e44-4e24-ae54-c3afc53f59f2"": {""distance"": ""-"", ""par"": ""4""}}"
f35e9646-4e8e-49f7-a644-7415308f095f,78737794-4ed2-4253-b0c0-d8cc577eb599,10,4,"{""1f9f9438-9b5d-473a-b82c-cf506426f3f0"": ""-"", ""099b9338-980c-438c-9a70-8476ec14ddb3"": ""-"", ""8f204ae0-1634-49b4-b966-5acf16ffa5ed"": ""-"", ""19df7755-4e44-4e24-ae54-c3afc53f59f2"": {""distance"": ""-"", ""par"": ""4""}}"
f35e9646-4e8e-49f7-a644-7415308f095f,78737794-4ed2-4253-b0c0-d8cc577eb599,11,4,"{""1f9f9438-9b5d-473a-b82c-cf506426f3f0"": ""-"", ""099b9338-980c-438c-9a70-8476ec14ddb3"": ""-"", ""8f204ae0-1634-49b4-b966-5acf16ffa5ed"": ""-"", ""19df7755-4e44-4e24-ae54-c3afc53f59f2"": {""distance"": ""-"", ""par"": ""4""}}"
f35e9646-4e8e-49f7-a644-7415308f095f,78737794-4ed2-4253-b0c0-d8cc577eb599,12,4,"{""1f9f9438-9b5d-473a-b82c-cf506426f3f0"": ""-"", ""099b9338-980c-438c-9a70-8476ec14ddb3"": ""-"", ""8f204ae0-1634-49b4-b966-5acf16ffa5ed"": ""-"", ""19df7755-4e44-4e24-ae54-c3afc53f59f2"": {""distance"": ""-"", ""par"": ""4""}}"
f35e9646-4e8e-49f7-a644-7415308f095f,78737794-4ed2-4253-b0c0-d8cc577eb599,13,4,"{""1f9f9438-9b5d-473a-b82c-cf506426f3f0"": ""-"", ""099b9338-980c-438c-9a70-8476ec14ddb3"": ""-"", ""8f204ae0-1634-49b4-b966-5acf16ffa5ed"": ""-"", ""19df7755-4e44-4e24-ae54-c3afc53f59f2"": {""distance"": ""-"", ""par"": ""4""}}"
f35e9646-4e8e-49f7-a644-7415308f095f,78737794-4ed2-4253-b0c0-d8cc577eb599,14,4,"{""1f9f9438-9b5d-473a-b82c-cf506426f3f0"": ""-"", ""099b9338-980c-438c-9a70-8476ec14ddb3"": ""-"", ""8f204ae0-1634-49b4-b966-5acf16ffa5ed"": ""-"", ""19df7755-4e44-4e24-ae54-c3afc53f59f2"": {""distance"": ""-"", ""par"": ""4""}}"
f35e9646-4e8e-49f7-a644-7415308f095f,78737794-4ed2-4253-b0c0-d8cc577eb599,15,4,"{""1f9f9438-9b5d-473a-b82c-cf506426f3f0"": ""-"", ""099b9338-980c-438c-9a70-8476ec14ddb3"": ""-"", ""8f204ae0-1634-49b4-b966-5acf16ffa5ed"": ""-"", ""19df7755-4e44-4e24-ae54-c3afc53f59f2"": {""distance"": ""-"", ""par"": ""4""}}"
f35e9646-4e8e-49f7-a644-7415308f095f,78737794-4ed2-4253-b0c0-d8cc577eb599,16,4,"{""1f9f9438-9b5d-473a-b82c-cf506426f3f0"": ""-"", ""099b9338-980c-438c-9a70-8476ec14ddb3"": ""-"", ""8f204ae0-1634-49b4-b966-5acf16ffa5ed"": ""-"", ""19df7755-4e44-4e24-ae54-c3afc53f59f2"": {""distance"": ""-"", ""par"": ""4""}}"
f35e9646-4e8e-49f7-a644-7415308f095f,78737794-4ed2-4253-b0c0-d8cc577eb599,17,4,"{""1f9f9438-9b5d-473a-b82c-cf506426f3f0"": ""-"", ""099b9338-980c-438c-9a70-8476ec14ddb3"": ""-"", ""8f204ae0-1634-49b4-b966-5acf16ffa5ed"": ""-"", ""19df7755-4e44-4e24-ae54-c3afc53f59f2"": {""distance"": ""-"", ""par"": ""4""}}"
f35e9646-4e8e-49f7-a644-7415308f095f,78737794-4ed2-4253-b0c0-d8cc577eb599,18,4,"{""1f9f9438-9b5d-473a-b82c-cf506426f3f0"": ""-"", ""099b9338-980c-438c-9a70-8476ec14ddb3"": ""-"", ""8f204ae0-1634-49b4-b966-5acf16ffa5ed"": ""-"", ""19df7755-4e44-4e24-ae54-c3afc53f59f2"": {""distance"": ""-"", ""par"": ""4""}}"
8ac96137-4447-47c6-9053-5f56b5a90e96,11627635-5fc7-4880-b8ca-e86ffb7741d8,1,4,"{""1c3d39b3-51bd-4c71-a012-619d41344c14"": ""401"", ""80a53917-c97c-4eef-b25c-3d08728079b3"": ""401"", ""78d7457b-6c25-49cc-942d-ac893c8c1848"": {""distance"": ""362"", ""handicap"": ""4""}, ""5c64e983-d2a3-4340-9a1c-05bc66213081"": ""313"", ""9fbf0462-76a8-44f6-9895-01016bcfbcd9"": {""distance"": ""275"", ""par"": ""4""}}"
8ac96137-4447-47c6-9053-5f56b5a90e96,11627635-5fc7-4880-b8ca-e86ffb7741d8,2,4,"{""1c3d39b3-51bd-4c71-a012-619d41344c14"": ""357"", ""80a53917-c97c-4eef-b25c-3d08728079b3"": ""322"", ""78d7457b-6c25-49cc-942d-ac893c8c1848"": {""distance"": ""260"", ""handicap"": ""10""}, ""5c64e983-d2a3-4340-9a1c-05bc66213081"": ""242"", ""9fbf0462-76a8-44f6-9895-01016bcfbcd9"": {""distance"": ""222"", ""par"": ""4""}}"
8ac96137-4447-47c6-9053-5f56b5a90e96,11627635-5fc7-4880-b8ca-e86ffb7741d8,3,3,"{""1c3d39b3-51bd-4c71-a012-619d41344c14"": ""199"", ""80a53917-c97c-4eef-b25c-3d08728079b3"": ""174"", ""78d7457b-6c25-49cc-942d-ac893c8c1848"": {""distance"": ""148"", ""handicap"": ""7""}, ""5c64e983-d2a3-4340-9a1c-05bc66213081"": ""124"", ""9fbf0462-76a8-44f6-9895-01016bcfbcd9"": {""distance"": ""103"", ""par"": ""3""}}"
8ac96137-4447-47c6-9053-5f56b5a90e96,11627635-5fc7-4880-b8ca-e86ffb7741d8,4,4,"{""1c3d39b3-51bd-4c71-a012-619d41344c14"": ""401"", ""80a53917-c97c-4eef-b25c-3d08728079b3"": ""377"", ""78d7457b-6c25-49cc-942d-ac893c8c1848"": {""distance"": ""337"", ""handicap"": ""9""}, ""5c64e983-d2a3-4340-9a1c-05bc66213081"": ""275"", ""9fbf0462-76a8-44f6-9895-01016bcfbcd9"": {""distance"": ""236"", ""par"": ""4""}}"
8ac96137-4447-47c6-9053-5f56b5a90e96,11627635-5fc7-4880-b8ca-e86ffb7741d8,5,5,"{""1c3d39b3-51bd-4c71-a012-619d41344c14"": ""481"", ""80a53917-c97c-4eef-b25c-3d08728079b3"": ""481"", ""78d7457b-6c25-49cc-942d-ac893c8c1848"": {""distance"": ""455"", ""handicap"": ""5""}, ""5c64e983-d2a3-4340-9a1c-05bc66213081"": ""426"", ""9fbf0462-76a8-44f6-9895-01016bcfbcd9"": {""distance"": ""391"", ""par"": ""5""}}"
8ac96137-4447-47c6-9053-5f56b5a90e96,11627635-5fc7-4880-b8ca-e86ffb7741d8,6,4,"{""1c3d39b3-51bd-4c71-a012-619d41344c14"": ""435"", ""80a53917-c97c-4eef-b25c-3d08728079b3"": ""389"", ""78d7457b-6c25-49cc-942d-ac893c8c1848"": {""distance"": ""338"", ""handicap"": ""6""}, ""5c64e983-d2a3-4340-9a1c-05bc66213081"": ""281"", ""9fbf0462-76a8-44f6-9895-01016bcfbcd9"": {""distance"": ""255"", ""par"": ""4""}}"
8ac96137-4447-47c6-9053-5f56b5a90e96,11627635-5fc7-4880-b8ca-e86ffb7741d8,7,4,"{""1c3d39b3-51bd-4c71-a012-619d41344c14"": ""358"", ""80a53917-c97c-4eef-b25c-3d08728079b3"": ""345"", ""78d7457b-6c25-49cc-942d-ac893c8c1848"": {""distance"": ""310"", ""handicap"": ""11""}, ""5c64e983-d2a3-4340-9a1c-05bc66213081"": ""275"", ""9fbf0462-76a8-44f6-9895-01016bcfbcd9"": {""distance"": ""222"", ""par"": ""4""}}"
8ac96137-4447-47c6-9053-5f56b5a90e96,11627635-5fc7-4880-b8ca-e86ffb7741d8,8,3,"{""1c3d39b3-51bd-4c71-a012-619d41344c14"": ""165"", ""80a53917-c97c-4eef-b25c-3d08728079b3"": ""154"", ""78d7457b-6c25-49cc-942d-ac893c8c1848"": {""distance"": ""154"", ""handicap"": ""18""}, ""5c64e983-d2a3-4340-9a1c-05bc66213081"": ""127"", ""9fbf0462-76a8-44f6-9895-01016bcfbcd9"": {""distance"": ""106"", ""par"": ""3""}}"
8ac96137-4447-47c6-9053-5f56b5a90e96,11627635-5fc7-4880-b8ca-e86ffb7741d8,9,5,"{""1c3d39b3-51bd-4c71-a012-619d41344c14"": ""542"", ""80a53917-c97c-4eef-b25c-3d08728079b3"": ""474"", ""78d7457b-6c25-49cc-942d-ac893c8c1848"": {""distance"": ""459"", ""handicap"": ""1""}, ""5c64e983-d2a3-4340-9a1c-05bc66213081"": ""398"", ""9fbf0462-76a8-44f6-9895-01016bcfbcd9"": {""distance"": ""367"", ""par"": ""5""}}"
8ac96137-4447-47c6-9053-5f56b5a90e96,11627635-5fc7-4880-b8ca-e86ffb7741d8,10,5,"{""1c3d39b3-51bd-4c71-a012-619d41344c14"": ""467"", ""80a53917-c97c-4eef-b25c-3d08728079b3"": ""435"", ""78d7457b-6c25-49cc-942d-ac893c8c1848"": {""distance"": ""400"", ""handicap"": ""12""}, ""5c64e983-d2a3-4340-9a1c-05bc66213081"": ""375"", ""9fbf0462-76a8-44f6-9895-01016bcfbcd9"": {""distance"": ""375"", ""par"": ""5""}}"
8ac96137-4447-47c6-9053-5f56b5a90e96,11627635-5fc7-4880-b8ca-e86ffb7741d8,11,4,"{""1c3d39b3-51bd-4c71-a012-619d41344c14"": ""328"", ""80a53917-c97c-4eef-b25c-3d08728079b3"": ""328"", ""78d7457b-6c25-49cc-942d-ac893c8c1848"": {""distance"": ""304"", ""handicap"": ""13""}, ""5c64e983-d2a3-4340-9a1c-05bc66213081"": ""265"", ""9fbf0462-76a8-44f6-9895-01016bcfbcd9"": {""distance"": ""265"", ""par"": ""4""}}"
8ac96137-4447-47c6-9053-5f56b5a90e96,11627635-5fc7-4880-b8ca-e86ffb7741d8,12,3,"{""1c3d39b3-51bd-4c71-a012-619d41344c14"": ""188"", ""80a53917-c97c-4eef-b25c-3d08728079b3"": ""188"", ""78d7457b-6c25-49cc-942d-ac893c8c1848"": {""distance"": ""136"", ""handicap"": ""8""}, ""5c64e983-d2a3-4340-9a1c-05bc66213081"": ""122"", ""9fbf0462-76a8-44f6-9895-01016bcfbcd9"": {""distance"": ""103"", ""par"": ""3""}}"
8ac96137-4447-47c6-9053-5f56b5a90e96,11627635-5fc7-4880-b8ca-e86ffb7741d8,13,4,"{""1c3d39b3-51bd-4c71-a012-619d41344c14"": ""390"", ""80a53917-c97c-4eef-b25c-3d08728079b3"": ""390"", ""78d7457b-6c25-49cc-942d-ac893c8c1848"": {""distance"": ""329"", ""handicap"": ""3""}, ""5c64e983-d2a3-4340-9a1c-05bc66213081"": ""310"", ""9fbf0462-76a8-44f6-9895-01016bcfbcd9"": {""distance"": ""278"", ""par"": ""4""}}"
8ac96137-4447-47c6-9053-5f56b5a90e96,11627635-5fc7-4880-b8ca-e86ffb7741d8,14,3,"{""1c3d39b3-51bd-4c71-a012-619d41344c14"": ""150"", ""80a53917-c97c-4eef-b25c-3d08728079b3"": ""150"", ""78d7457b-6c25-49cc-942d-ac893c8c1848"": {""distance"": ""128"", ""handicap"": ""14""}, ""5c64e983-d2a3-4340-9a1c-05bc66213081"": ""81"", ""9fbf0462-76a8-44f6-9895-01016bcfbcd9"": {""distance"": ""81"", ""par"": ""3""}}"
8ac96137-4447-47c6-9053-5f56b5a90e96,11627635-5fc7-4880-b8ca-e86ffb7741d8,15,4,"{""1c3d39b3-51bd-4c71-a012-619d41344c14"": ""271"", ""80a53917-c97c-4eef-b25c-3d08728079b3"": ""271"", ""78d7457b-6c25-49cc-942d-ac893c8c1848"": {""distance"": ""241"", ""handicap"": ""15""}, ""5c64e983-d2a3-4340-9a1c-05bc66213081"": ""221"", ""9fbf0462-76a8-44f6-9895-01016bcfbcd9"": {""distance"": ""200"", ""par"": ""4""}}"
8ac96137-4447-47c6-9053-5f56b5a90e96,11627635-5fc7-4880-b8ca-e86ffb7741d8,16,4,"{""1c3d39b3-51bd-4c71-a012-619d41344c14"": ""284"", ""80a53917-c97c-4eef-b25c-3d08728079b3"": ""284"", ""78d7457b-6c25-49cc-942d-ac893c8c1848"": {""distance"": ""245"", ""handicap"": ""16""}, ""5c64e983-d2a3-4340-9a1c-05bc66213081"": ""221"", ""9fbf0462-76a8-44f6-9895-01016bcfbcd9"": {""distance"": ""221"", ""par"": ""4""}}"
8ac96137-4447-47c6-9053-5f56b5a90e96,11627635-5fc7-4880-b8ca-e86ffb7741d8,17,3,"{""1c3d39b3-51bd-4c71-a012-619d41344c14"": ""130"", ""80a53917-c97c-4eef-b25c-3d08728079b3"": ""130"", ""78d7457b-6c25-49cc-942d-ac893c8c1848"": {""distance"": ""103"", ""handicap"": ""17""}, ""5c64e983-d2a3-4340-9a1c-05bc66213081"": ""76"", ""9fbf0462-76a8-44f6-9895-01016bcfbcd9"": {""distance"": ""76"", ""par"": ""3""}}"
8ac96137-4447-47c6-9053-5f56b5a90e96,11627635-5fc7-4880-b8ca-e86ffb7741d8,18,5,"{""1c3d39b3-51bd-4c71-a012-619d41344c14"": ""465"", ""80a53917-c97c-4eef-b25c-3d08728079b3"": ""465"", ""78d7457b-6c25-49cc-942d-ac893c8c1848"": {""distance"": ""465"", ""handicap"": ""2""}, ""5c64e983-d2a3-4340-9a1c-05bc66213081"": ""371"", ""9fbf0462-76a8-44f6-9895-01016bcfbcd9"": {""distance"": ""371"", ""par"": ""5""}}"
6025ebdf-25a5-4689-a170-8119b92515ab,83ced718-6184-4bcb-b66a-63b9326eaef8,1,5,"{""0dfdc8b3-9d21-42ae-be8a-7c3da67ed2e1"": ""456"", ""154e1d10-d636-4817-81b5-440f88f4bfe8"": ""383"", ""f86de61b-20be-4269-b0c5-2c01631b152a"": ""421"", ""b69ad631-50db-46cf-b7bc-26249836d290"": {""distance"": ""381"", ""par"": ""5""}}"
6025ebdf-25a5-4689-a170-8119b92515ab,83ced718-6184-4bcb-b66a-63b9326eaef8,2,4,"{""0dfdc8b3-9d21-42ae-be8a-7c3da67ed2e1"": ""361"", ""154e1d10-d636-4817-81b5-440f88f4bfe8"": ""300"", ""f86de61b-20be-4269-b0c5-2c01631b152a"": ""317"", ""b69ad631-50db-46cf-b7bc-26249836d290"": {""distance"": ""298"", ""par"": ""4""}}"
6025ebdf-25a5-4689-a170-8119b92515ab,83ced718-6184-4bcb-b66a-63b9326eaef8,3,3,"{""0dfdc8b3-9d21-42ae-be8a-7c3da67ed2e1"": ""157"", ""154e1d10-d636-4817-81b5-440f88f4bfe8"": ""123"", ""f86de61b-20be-4269-b0c5-2c01631b152a"": ""133"", ""b69ad631-50db-46cf-b7bc-26249836d290"": {""distance"": ""121"", ""par"": ""3""}}"
6025ebdf-25a5-4689-a170-8119b92515ab,83ced718-6184-4bcb-b66a-63b9326eaef8,4,4,"{""0dfdc8b3-9d21-42ae-be8a-7c3da67ed2e1"": ""286"", ""154e1d10-d636-4817-81b5-440f88f4bfe8"": ""251"", ""f86de61b-20be-4269-b0c5-2c01631b152a"": ""259"", ""b69ad631-50db-46cf-b7bc-26249836d290"": {""distance"": ""249"", ""par"": ""4""}}"
6025ebdf-25a5-4689-a170-8119b92515ab,83ced718-6184-4bcb-b66a-63b9326eaef8,5,4,"{""0dfdc8b3-9d21-42ae-be8a-7c3da67ed2e1"": ""357"", ""154e1d10-d636-4817-81b5-440f88f4bfe8"": ""254"", ""f86de61b-20be-4269-b0c5-2c01631b152a"": ""292"", ""b69ad631-50db-46cf-b7bc-26249836d290"": {""distance"": ""252"", ""par"": ""4""}}"
6025ebdf-25a5-4689-a170-8119b92515ab,83ced718-6184-4bcb-b66a-63b9326eaef8,6,3,"{""0dfdc8b3-9d21-42ae-be8a-7c3da67ed2e1"": ""191"", ""154e1d10-d636-4817-81b5-440f88f4bfe8"": ""134"", ""f86de61b-20be-4269-b0c5-2c01631b152a"": ""158"", ""b69ad631-50db-46cf-b7bc-26249836d290"": {""distance"": ""132"", ""par"": ""3""}}"
6025ebdf-25a5-4689-a170-8119b92515ab,83ced718-6184-4bcb-b66a-63b9326eaef8,7,5,"{""0dfdc8b3-9d21-42ae-be8a-7c3da67ed2e1"": ""485"", ""154e1d10-d636-4817-81b5-440f88f4bfe8"": ""417"", ""f86de61b-20be-4269-b0c5-2c01631b152a"": ""451"", ""b69ad631-50db-46cf-b7bc-26249836d290"": {""distance"": ""415"", ""par"": ""5""}}"
6025ebdf-25a5-4689-a170-8119b92515ab,83ced718-6184-4bcb-b66a-63b9326eaef8,8,3,"{""0dfdc8b3-9d21-42ae-be8a-7c3da67ed2e1"": ""205"", ""154e1d10-d636-4817-81b5-440f88f4bfe8"": ""131"", ""f86de61b-20be-4269-b0c5-2c01631b152a"": ""166"", ""b69ad631-50db-46cf-b7bc-26249836d290"": {""distance"": ""129"", ""par"": ""3""}}"
6025ebdf-25a5-4689-a170-8119b92515ab,83ced718-6184-4bcb-b66a-63b9326eaef8,9,4,"{""0dfdc8b3-9d21-42ae-be8a-7c3da67ed2e1"": ""394"", ""154e1d10-d636-4817-81b5-440f88f4bfe8"": ""308"", ""f86de61b-20be-4269-b0c5-2c01631b152a"": ""338"", ""b69ad631-50db-46cf-b7bc-26249836d290"": {""distance"": ""306"", ""par"": ""4""}}"
6025ebdf-25a5-4689-a170-8119b92515ab,83ced718-6184-4bcb-b66a-63b9326eaef8,10,4,"{""0dfdc8b3-9d21-42ae-be8a-7c3da67ed2e1"": ""395"", ""154e1d10-d636-4817-81b5-440f88f4bfe8"": ""329"", ""f86de61b-20be-4269-b0c5-2c01631b152a"": ""359"", ""b69ad631-50db-46cf-b7bc-26249836d290"": {""distance"": ""294"", ""par"": ""4""}}"
6025ebdf-25a5-4689-a170-8119b92515ab,83ced718-6184-4bcb-b66a-63b9326eaef8,11,5,"{""0dfdc8b3-9d21-42ae-be8a-7c3da67ed2e1"": ""541"", ""154e1d10-d636-4817-81b5-440f88f4bfe8"": ""463"", ""f86de61b-20be-4269-b0c5-2c01631b152a"": ""496"", ""b69ad631-50db-46cf-b7bc-26249836d290"": {""distance"": ""431"", ""par"": ""5""}}"
6025ebdf-25a5-4689-a170-8119b92515ab,83ced718-6184-4bcb-b66a-63b9326eaef8,12,4,"{""0dfdc8b3-9d21-42ae-be8a-7c3da67ed2e1"": ""372"", ""154e1d10-d636-4817-81b5-440f88f4bfe8"": ""301"", ""f86de61b-20be-4269-b0c5-2c01631b152a"": ""345"", ""b69ad631-50db-46cf-b7bc-26249836d290"": {""distance"": ""267"", ""par"": ""4""}}"
6025ebdf-25a5-4689-a170-8119b92515ab,83ced718-6184-4bcb-b66a-63b9326eaef8,13,4,"{""0dfdc8b3-9d21-42ae-be8a-7c3da67ed2e1"": ""362"", ""154e1d10-d636-4817-81b5-440f88f4bfe8"": ""272"", ""f86de61b-20be-4269-b0c5-2c01631b152a"": ""327"", ""b69ad631-50db-46cf-b7bc-26249836d290"": {""distance"": ""243"", ""par"": ""4""}}"
6025ebdf-25a5-4689-a170-8119b92515ab,83ced718-6184-4bcb-b66a-63b9326eaef8,14,3,"{""0dfdc8b3-9d21-42ae-be8a-7c3da67ed2e1"": ""176"", ""154e1d10-d636-4817-81b5-440f88f4bfe8"": ""121"", ""f86de61b-20be-4269-b0c5-2c01631b152a"": ""153"", ""b69ad631-50db-46cf-b7bc-26249836d290"": {""distance"": ""85"", ""par"": ""3""}}"
6025ebdf-25a5-4689-a170-8119b92515ab,83ced718-6184-4bcb-b66a-63b9326eaef8,15,5,"{""0dfdc8b3-9d21-42ae-be8a-7c3da67ed2e1"": ""492"", ""154e1d10-d636-4817-81b5-440f88f4bfe8"": ""415"", ""f86de61b-20be-4269-b0c5-2c01631b152a"": ""457"", ""b69ad631-50db-46cf-b7bc-26249836d290"": {""distance"": ""382"", ""par"": ""5""}}"
6025ebdf-25a5-4689-a170-8119b92515ab,83ced718-6184-4bcb-b66a-63b9326eaef8,16,4,"{""0dfdc8b3-9d21-42ae-be8a-7c3da67ed2e1"": ""366"", ""154e1d10-d636-4817-81b5-440f88f4bfe8"": ""281"", ""f86de61b-20be-4269-b0c5-2c01631b152a"": ""337"", ""b69ad631-50db-46cf-b7bc-26249836d290"": {""distance"": ""261"", ""par"": ""4""}}"
6025ebdf-25a5-4689-a170-8119b92515ab,83ced718-6184-4bcb-b66a-63b9326eaef8,17,3,"{""0dfdc8b3-9d21-42ae-be8a-7c3da67ed2e1"": ""174"", ""154e1d10-d636-4817-81b5-440f88f4bfe8"": ""124"", ""f86de61b-20be-4269-b0c5-2c01631b152a"": ""152"", ""b69ad631-50db-46cf-b7bc-26249836d290"": {""distance"": ""96"", ""par"": ""3""}}"
6025ebdf-25a5-4689-a170-8119b92515ab,83ced718-6184-4bcb-b66a-63b9326eaef8,18,4,"{""0dfdc8b3-9d21-42ae-be8a-7c3da67ed2e1"": ""327"", ""154e1d10-d636-4817-81b5-440f88f4bfe8"": ""265"", ""f86de61b-20be-4269-b0c5-2c01631b152a"": ""301"", ""b69ad631-50db-46cf-b7bc-26249836d290"": {""distance"": ""243"", ""par"": ""4""}}"
5c98b612-a38a-4ede-8bb9-5fa1634ec70a,b1396635-a267-49ab-ada1-82fb92742717,1,3,"{""6c1ea4dc-722e-45b3-824a-05c22df7711f"": ""50"", ""0479c0b0-c461-4a28-8a34-4be2c6c246a2"": ""-"", ""7721353f-ff8d-4664-a83c-946e426b1f32"": ""-"", ""24b34efd-42c4-4ce9-9703-304e5e8beda1"": {""distance"": ""-"", ""par"": ""3""}}"
5c98b612-a38a-4ede-8bb9-5fa1634ec70a,b1396635-a267-49ab-ada1-82fb92742717,2,3,"{""6c1ea4dc-722e-45b3-824a-05c22df7711f"": ""50"", ""0479c0b0-c461-4a28-8a34-4be2c6c246a2"": ""-"", ""7721353f-ff8d-4664-a83c-946e426b1f32"": ""-"", ""24b34efd-42c4-4ce9-9703-304e5e8beda1"": {""distance"": ""-"", ""par"": ""3""}}"
5c98b612-a38a-4ede-8bb9-5fa1634ec70a,b1396635-a267-49ab-ada1-82fb92742717,3,3,"{""6c1ea4dc-722e-45b3-824a-05c22df7711f"": ""50"", ""0479c0b0-c461-4a28-8a34-4be2c6c246a2"": ""-"", ""7721353f-ff8d-4664-a83c-946e426b1f32"": ""-"", ""24b34efd-42c4-4ce9-9703-304e5e8beda1"": {""distance"": ""-"", ""par"": ""3""}}"
5c98b612-a38a-4ede-8bb9-5fa1634ec70a,b1396635-a267-49ab-ada1-82fb92742717,4,3,"{""6c1ea4dc-722e-45b3-824a-05c22df7711f"": ""50"", ""0479c0b0-c461-4a28-8a34-4be2c6c246a2"": ""-"", ""7721353f-ff8d-4664-a83c-946e426b1f32"": ""-"", ""24b34efd-42c4-4ce9-9703-304e5e8beda1"": {""distance"": ""-"", ""par"": ""3""}}"
5c98b612-a38a-4ede-8bb9-5fa1634ec70a,b1396635-a267-49ab-ada1-82fb92742717,5,3,"{""6c1ea4dc-722e-45b3-824a-05c22df7711f"": ""50"", ""0479c0b0-c461-4a28-8a34-4be2c6c246a2"": ""-"", ""7721353f-ff8d-4664-a83c-946e426b1f32"": ""-"", ""24b34efd-42c4-4ce9-9703-304e5e8beda1"": {""distance"": ""-"", ""par"": ""3""}}"
5c98b612-a38a-4ede-8bb9-5fa1634ec70a,b1396635-a267-49ab-ada1-82fb92742717,6,3,"{""6c1ea4dc-722e-45b3-824a-05c22df7711f"": ""50"", ""0479c0b0-c461-4a28-8a34-4be2c6c246a2"": ""-"", ""7721353f-ff8d-4664-a83c-946e426b1f32"": ""-"", ""24b34efd-42c4-4ce9-9703-304e5e8beda1"": {""distance"": ""-"", ""par"": ""3""}}"
5c98b612-a38a-4ede-8bb9-5fa1634ec70a,b1396635-a267-49ab-ada1-82fb92742717,7,3,"{""6c1ea4dc-722e-45b3-824a-05c22df7711f"": ""50"", ""0479c0b0-c461-4a28-8a34-4be2c6c246a2"": ""-"", ""7721353f-ff8d-4664-a83c-946e426b1f32"": ""-"", ""24b34efd-42c4-4ce9-9703-304e5e8beda1"": {""distance"": ""-"", ""par"": ""3""}}"
5c98b612-a38a-4ede-8bb9-5fa1634ec70a,b1396635-a267-49ab-ada1-82fb92742717,8,3,"{""6c1ea4dc-722e-45b3-824a-05c22df7711f"": ""50"", ""0479c0b0-c461-4a28-8a34-4be2c6c246a2"": ""-"", ""7721353f-ff8d-4664-a83c-946e426b1f32"": ""-"", ""24b34efd-42c4-4ce9-9703-304e5e8beda1"": {""distance"": ""-"", ""par"": ""3""}}"
5c98b612-a38a-4ede-8bb9-5fa1634ec70a,b1396635-a267-49ab-ada1-82fb92742717,9,3,"{""6c1ea4dc-722e-45b3-824a-05c22df7711f"": ""50"", ""0479c0b0-c461-4a28-8a34-4be2c6c246a2"": ""-"", ""7721353f-ff8d-4664-a83c-946e426b1f32"": ""-"", ""24b34efd-42c4-4ce9-9703-304e5e8beda1"": {""distance"": ""-"", ""par"": ""3""}}"
5c98b612-a38a-4ede-8bb9-5fa1634ec70a,b1396635-a267-49ab-ada1-82fb92742717,10,3,"{""6c1ea4dc-722e-45b3-824a-05c22df7711f"": ""50"", ""0479c0b0-c461-4a28-8a34-4be2c6c246a2"": ""-"", ""7721353f-ff8d-4664-a83c-946e426b1f32"": ""-"", ""24b34efd-42c4-4ce9-9703-304e5e8beda1"": {""distance"": ""-"", ""par"": ""3""}}"
5c98b612-a38a-4ede-8bb9-5fa1634ec70a,b1396635-a267-49ab-ada1-82fb92742717,11,3,"{""6c1ea4dc-722e-45b3-824a-05c22df7711f"": ""50"", ""0479c0b0-c461-4a28-8a34-4be2c6c246a2"": ""-"", ""7721353f-ff8d-4664-a83c-946e426b1f32"": ""-"", ""24b34efd-42c4-4ce9-9703-304e5e8beda1"": {""distance"": ""-"", ""par"": ""3""}}"
5c98b612-a38a-4ede-8bb9-5fa1634ec70a,b1396635-a267-49ab-ada1-82fb92742717,12,3,"{""6c1ea4dc-722e-45b3-824a-05c22df7711f"": ""50"", ""0479c0b0-c461-4a28-8a34-4be2c6c246a2"": ""-"", ""7721353f-ff8d-4664-a83c-946e426b1f32"": ""-"", ""24b34efd-42c4-4ce9-9703-304e5e8beda1"": {""distance"": ""-"", ""par"": ""3""}}"
5c98b612-a38a-4ede-8bb9-5fa1634ec70a,b1396635-a267-49ab-ada1-82fb92742717,13,3,"{""6c1ea4dc-722e-45b3-824a-05c22df7711f"": ""50"", ""0479c0b0-c461-4a28-8a34-4be2c6c246a2"": ""-"", ""7721353f-ff8d-4664-a83c-946e426b1f32"": ""-"", ""24b34efd-42c4-4ce9-9703-304e5e8beda1"": {""distance"": ""-"", ""par"": ""3""}}"
5c98b612-a38a-4ede-8bb9-5fa1634ec70a,b1396635-a267-49ab-ada1-82fb92742717,14,3,"{""6c1ea4dc-722e-45b3-824a-05c22df7711f"": ""50"", ""0479c0b0-c461-4a28-8a34-4be2c6c246a2"": ""-"", ""7721353f-ff8d-4664-a83c-946e426b1f32"": ""-"", ""24b34efd-42c4-4ce9-9703-304e5e8beda1"": {""distance"": ""-"", ""par"": ""3""}}"
5c98b612-a38a-4ede-8bb9-5fa1634ec70a,b1396635-a267-49ab-ada1-82fb92742717,15,3,"{""6c1ea4dc-722e-45b3-824a-05c22df7711f"": ""50"", ""0479c0b0-c461-4a28-8a34-4be2c6c246a2"": ""-"", ""7721353f-ff8d-4664-a83c-946e426b1f32"": ""-"", ""24b34efd-42c4-4ce9-9703-304e5e8beda1"": {""distance"": ""-"", ""par"": ""3""}}"
5c98b612-a38a-4ede-8bb9-5fa1634ec70a,b1396635-a267-49ab-ada1-82fb92742717,16,3,"{""6c1ea4dc-722e-45b3-824a-05c22df7711f"": ""50"", ""0479c0b0-c461-4a28-8a34-4be2c6c246a2"": ""-"", ""7721353f-ff8d-4664-a83c-946e426b1f32"": ""-"", ""24b34efd-42c4-4ce9-9703-304e5e8beda1"": {""distance"": ""-"", ""par"": ""3""}}"
5c98b612-a38a-4ede-8bb9-5fa1634ec70a,b1396635-a267-49ab-ada1-82fb92742717,17,3,"{""6c1ea4dc-722e-45b3-824a-05c22df7711f"": ""50"", ""0479c0b0-c461-4a28-8a34-4be2c6c246a2"": ""-"", ""7721353f-ff8d-4664-a83c-946e426b1f32"": ""-"", ""24b34efd-42c4-4ce9-9703-304e5e8beda1"": {""distance"": ""-"", ""par"": ""3""}}"
5c98b612-a38a-4ede-8bb9-5fa1634ec70a,b1396635-a267-49ab-ada1-82fb92742717,18,3,"{""6c1ea4dc-722e-45b3-824a-05c22df7711f"": ""50"", ""0479c0b0-c461-4a28-8a34-4be2c6c246a2"": ""-"", ""7721353f-ff8d-4664-a83c-946e426b1f32"": ""-"", ""24b34efd-42c4-4ce9-9703-304e5e8beda1"": {""distance"": ""-"", ""par"": ""3""}}"
999e53d8-03e9-42f2-af3c-14564ede498b,f421c9ec-0c35-48d5-9a93-01a606caffcf,1,4,"{""3c383979-c5c3-49c3-ab56-c2f35e79d90b"": ""320"", ""f5aec1ad-4b05-4b27-b5cf-0e6b13bf2de7"": ""304"", ""092dea70-2f52-4949-9996-ffbbd7248a03"": ""279"", ""5e52b7c3-555d-4159-a904-d04355aa8ecd"": ""264"", ""d7bbc764-ca2d-4055-aec4-79e6670b7b93"": {""distance"": ""-"", ""par"": ""4""}}"
999e53d8-03e9-42f2-af3c-14564ede498b,f421c9ec-0c35-48d5-9a93-01a606caffcf,2,3,"{""3c383979-c5c3-49c3-ab56-c2f35e79d90b"": ""169"", ""f5aec1ad-4b05-4b27-b5cf-0e6b13bf2de7"": ""160"", ""092dea70-2f52-4949-9996-ffbbd7248a03"": ""145"", ""5e52b7c3-555d-4159-a904-d04355aa8ecd"": ""134"", ""d7bbc764-ca2d-4055-aec4-79e6670b7b93"": {""distance"": ""-"", ""par"": ""3""}}"
999e53d8-03e9-42f2-af3c-14564ede498b,f421c9ec-0c35-48d5-9a93-01a606caffcf,3,5,"{""3c383979-c5c3-49c3-ab56-c2f35e79d90b"": ""493"", ""f5aec1ad-4b05-4b27-b5cf-0e6b13bf2de7"": ""476"", ""092dea70-2f52-4949-9996-ffbbd7248a03"": ""453"", ""5e52b7c3-555d-4159-a904-d04355aa8ecd"": ""430"", ""d7bbc764-ca2d-4055-aec4-79e6670b7b93"": {""distance"": ""-"", ""par"": ""5""}}"
999e53d8-03e9-42f2-af3c-14564ede498b,f421c9ec-0c35-48d5-9a93-01a606caffcf,4,4,"{""3c383979-c5c3-49c3-ab56-c2f35e79d90b"": ""364"", ""f5aec1ad-4b05-4b27-b5cf-0e6b13bf2de7"": ""345"", ""092dea70-2f52-4949-9996-ffbbd7248a03"": ""325"", ""5e52b7c3-555d-4159-a904-d04355aa8ecd"": ""300"", ""d7bbc764-ca2d-4055-aec4-79e6670b7b93"": {""distance"": ""-"", ""par"": ""4""}}"
999e53d8-03e9-42f2-af3c-14564ede498b,f421c9ec-0c35-48d5-9a93-01a606caffcf,5,4,"{""3c383979-c5c3-49c3-ab56-c2f35e79d90b"": ""332"", ""f5aec1ad-4b05-4b27-b5cf-0e6b13bf2de7"": ""302"", ""092dea70-2f52-4949-9996-ffbbd7248a03"": ""289"", ""5e52b7c3-555d-4159-a904-d04355aa8ecd"": ""268"", ""d7bbc764-ca2d-4055-aec4-79e6670b7b93"": {""distance"": ""-"", ""par"": ""4""}}"
999e53d8-03e9-42f2-af3c-14564ede498b,f421c9ec-0c35-48d5-9a93-01a606caffcf,6,3,"{""3c383979-c5c3-49c3-ab56-c2f35e79d90b"": ""202"", ""f5aec1ad-4b05-4b27-b5cf-0e6b13bf2de7"": ""191"", ""092dea70-2f52-4949-9996-ffbbd7248a03"": ""177"", ""5e52b7c3-555d-4159-a904-d04355aa8ecd"": ""166"", ""d7bbc764-ca2d-4055-aec4-79e6670b7b93"": {""distance"": ""-"", ""par"": ""3""}}"
999e53d8-03e9-42f2-af3c-14564ede498b,f421c9ec-0c35-48d5-9a93-01a606caffcf,7,4,"{""3c383979-c5c3-49c3-ab56-c2f35e79d90b"": ""414"", ""f5aec1ad-4b05-4b27-b5cf-0e6b13bf2de7"": ""396"", ""092dea70-2f52-4949-9996-ffbbd7248a03"": ""384"", ""5e52b7c3-555d-4159-a904-d04355aa8ecd"": ""365"", ""d7bbc764-ca2d-4055-aec4-79e6670b7b93"": {""distance"": ""-"", ""par"": ""4""}}"
999e53d8-03e9-42f2-af3c-14564ede498b,f421c9ec-0c35-48d5-9a93-01a606caffcf,8,5,"{""3c383979-c5c3-49c3-ab56-c2f35e79d90b"": ""518"", ""f5aec1ad-4b05-4b27-b5cf-0e6b13bf2de7"": ""499"", ""092dea70-2f52-4949-9996-ffbbd7248a03"": ""485"", ""5e52b7c3-555d-4159-a904-d04355aa8ecd"": ""468"", ""d7bbc764-ca2d-4055-aec4-79e6670b7b93"": {""distance"": ""-"", ""par"": ""5""}}"
999e53d8-03e9-42f2-af3c-14564ede498b,f421c9ec-0c35-48d5-9a93-01a606caffcf,9,4,"{""3c383979-c5c3-49c3-ab56-c2f35e79d90b"": ""333"", ""f5aec1ad-4b05-4b27-b5cf-0e6b13bf2de7"": ""312"", ""092dea70-2f52-4949-9996-ffbbd7248a03"": ""298"", ""5e52b7c3-555d-4159-a904-d04355aa8ecd"": ""267"", ""d7bbc764-ca2d-4055-aec4-79e6670b7b93"": {""distance"": ""-"", ""par"": ""4""}}"
999e53d8-03e9-42f2-af3c-14564ede498b,f421c9ec-0c35-48d5-9a93-01a606caffcf,10,4,"{""3c383979-c5c3-49c3-ab56-c2f35e79d90b"": ""362"", ""f5aec1ad-4b05-4b27-b5cf-0e6b13bf2de7"": ""345"", ""092dea70-2f52-4949-9996-ffbbd7248a03"": ""313"", ""5e52b7c3-555d-4159-a904-d04355aa8ecd"": ""296"", ""d7bbc764-ca2d-4055-aec4-79e6670b7b93"": {""distance"": ""-"", ""par"": ""4""}}"
999e53d8-03e9-42f2-af3c-14564ede498b,f421c9ec-0c35-48d5-9a93-01a606caffcf,11,4,"{""3c383979-c5c3-49c3-ab56-c2f35e79d90b"": ""378"", ""f5aec1ad-4b05-4b27-b5cf-0e6b13bf2de7"": ""361"", ""092dea70-2f52-4949-9996-ffbbd7248a03"": ""341"", ""5e52b7c3-555d-4159-a904-d04355aa8ecd"": ""325"", ""d7bbc764-ca2d-4055-aec4-79e6670b7b93"": {""distance"": ""-"", ""par"": ""4""}}"
999e53d8-03e9-42f2-af3c-14564ede498b,f421c9ec-0c35-48d5-9a93-01a606caffcf,12,3,"{""3c383979-c5c3-49c3-ab56-c2f35e79d90b"": ""163"", ""f5aec1ad-4b05-4b27-b5cf-0e6b13bf2de7"": ""154"", ""092dea70-2f52-4949-9996-ffbbd7248a03"": ""142"", ""5e52b7c3-555d-4159-a904-d04355aa8ecd"": ""136"", ""d7bbc764-ca2d-4055-aec4-79e6670b7b93"": {""distance"": ""-"", ""par"": ""3""}}"
999e53d8-03e9-42f2-af3c-14564ede498b,f421c9ec-0c35-48d5-9a93-01a606caffcf,13,5,"{""3c383979-c5c3-49c3-ab56-c2f35e79d90b"": ""494"", ""f5aec1ad-4b05-4b27-b5cf-0e6b13bf2de7"": ""464"", ""092dea70-2f52-4949-9996-ffbbd7248a03"": ""445"", ""5e52b7c3-555d-4159-a904-d04355aa8ecd"": ""439"", ""d7bbc764-ca2d-4055-aec4-79e6670b7b93"": {""distance"": ""-"", ""par"": ""5""}}"
999e53d8-03e9-42f2-af3c-14564ede498b,f421c9ec-0c35-48d5-9a93-01a606caffcf,14,4,"{""3c383979-c5c3-49c3-ab56-c2f35e79d90b"": ""389"", ""f5aec1ad-4b05-4b27-b5cf-0e6b13bf2de7"": ""370"", ""092dea70-2f52-4949-9996-ffbbd7248a03"": ""352"", ""5e52b7c3-555d-4159-a904-d04355aa8ecd"": ""339"", ""d7bbc764-ca2d-4055-aec4-79e6670b7b93"": {""distance"": ""-"", ""par"": ""4""}}"
999e53d8-03e9-42f2-af3c-14564ede498b,f421c9ec-0c35-48d5-9a93-01a606caffcf,15,4,"{""3c383979-c5c3-49c3-ab56-c2f35e79d90b"": ""322"", ""f5aec1ad-4b05-4b27-b5cf-0e6b13bf2de7"": ""304"", ""092dea70-2f52-4949-9996-ffbbd7248a03"": ""295"", ""5e52b7c3-555d-4159-a904-d04355aa8ecd"": ""288"", ""d7bbc764-ca2d-4055-aec4-79e6670b7b93"": {""distance"": ""-"", ""par"": ""4""}}"
999e53d8-03e9-42f2-af3c-14564ede498b,f421c9ec-0c35-48d5-9a93-01a606caffcf,16,4,"{""3c383979-c5c3-49c3-ab56-c2f35e79d90b"": ""379"", ""f5aec1ad-4b05-4b27-b5cf-0e6b13bf2de7"": ""361"", ""092dea70-2f52-4949-9996-ffbbd7248a03"": ""351"", ""5e52b7c3-555d-4159-a904-d04355aa8ecd"": ""331"", ""d7bbc764-ca2d-4055-aec4-79e6670b7b93"": {""distance"": ""-"", ""par"": ""4""}}"
999e53d8-03e9-42f2-af3c-14564ede498b,f421c9ec-0c35-48d5-9a93-01a606caffcf,17,3,"{""3c383979-c5c3-49c3-ab56-c2f35e79d90b"": ""154"", ""f5aec1ad-4b05-4b27-b5cf-0e6b13bf2de7"": ""141"", ""092dea70-2f52-4949-9996-ffbbd7248a03"": ""131"", ""5e52b7c3-555d-4159-a904-d04355aa8ecd"": ""125"", ""d7bbc764-ca2d-4055-aec4-79e6670b7b93"": {""distance"": ""-"", ""par"": ""3""}}"
999e53d8-03e9-42f2-af3c-14564ede498b,f421c9ec-0c35-48d5-9a93-01a606caffcf,18,5,"{""3c383979-c5c3-49c3-ab56-c2f35e79d90b"": ""492"", ""f5aec1ad-4b05-4b27-b5cf-0e6b13bf2de7"": ""471"", ""092dea70-2f52-4949-9996-ffbbd7248a03"": ""447"", ""5e52b7c3-555d-4159-a904-d04355aa8ecd"": ""430"", ""d7bbc764-ca2d-4055-aec4-79e6670b7b93"": {""distance"": ""-"", ""par"": ""5""}}"
10f4aa9b-e4a8-492c-a50b-3331e1e00089,9a6651e9-9aa6-460c-ab81-c9d6beae237a,1,5,"{""c50fc567-4216-45a3-a3ed-1b57cb253589"": ""463"", ""fea348c3-b4a4-4b12-a646-becf29c2f1e3"": {""distance"": ""463"", ""par"": ""5""}}"
10f4aa9b-e4a8-492c-a50b-3331e1e00089,9a6651e9-9aa6-460c-ab81-c9d6beae237a,2,4,"{""c50fc567-4216-45a3-a3ed-1b57cb253589"": ""246"", ""fea348c3-b4a4-4b12-a646-becf29c2f1e3"": {""distance"": ""246"", ""par"": ""4""}}"
10f4aa9b-e4a8-492c-a50b-3331e1e00089,9a6651e9-9aa6-460c-ab81-c9d6beae237a,3,4,"{""c50fc567-4216-45a3-a3ed-1b57cb253589"": ""334"", ""fea348c3-b4a4-4b12-a646-becf29c2f1e3"": {""distance"": ""334"", ""par"": ""4""}}"
10f4aa9b-e4a8-492c-a50b-3331e1e00089,9a6651e9-9aa6-460c-ab81-c9d6beae237a,4,3,"{""c50fc567-4216-45a3-a3ed-1b57cb253589"": ""178"", ""fea348c3-b4a4-4b12-a646-becf29c2f1e3"": {""distance"": ""178"", ""par"": ""3""}}"
10f4aa9b-e4a8-492c-a50b-3331e1e00089,9a6651e9-9aa6-460c-ab81-c9d6beae237a,5,4,"{""c50fc567-4216-45a3-a3ed-1b57cb253589"": ""301"", ""fea348c3-b4a4-4b12-a646-becf29c2f1e3"": {""distance"": ""301"", ""par"": ""4""}}"
10f4aa9b-e4a8-492c-a50b-3331e1e00089,9a6651e9-9aa6-460c-ab81-c9d6beae237a,6,3,"{""c50fc567-4216-45a3-a3ed-1b57cb253589"": ""158"", ""fea348c3-b4a4-4b12-a646-becf29c2f1e3"": {""distance"": ""158"", ""par"": ""3""}}"
10f4aa9b-e4a8-492c-a50b-3331e1e00089,9a6651e9-9aa6-460c-ab81-c9d6beae237a,7,4,"{""c50fc567-4216-45a3-a3ed-1b57cb253589"": ""393"", ""fea348c3-b4a4-4b12-a646-becf29c2f1e3"": {""distance"": ""393"", ""par"": ""4""}}"
10f4aa9b-e4a8-492c-a50b-3331e1e00089,9a6651e9-9aa6-460c-ab81-c9d6beae237a,8,4,"{""c50fc567-4216-45a3-a3ed-1b57cb253589"": ""328"", ""fea348c3-b4a4-4b12-a646-becf29c2f1e3"": {""distance"": ""328"", ""par"": ""4""}}"
10f4aa9b-e4a8-492c-a50b-3331e1e00089,9a6651e9-9aa6-460c-ab81-c9d6beae237a,9,4,"{""c50fc567-4216-45a3-a3ed-1b57cb253589"": ""306"", ""fea348c3-b4a4-4b12-a646-becf29c2f1e3"": {""distance"": ""306"", ""par"": ""4""}}"
10f4aa9b-e4a8-492c-a50b-3331e1e00089,9a6651e9-9aa6-460c-ab81-c9d6beae237a,10,3,"{""c50fc567-4216-45a3-a3ed-1b57cb253589"": ""195"", ""fea348c3-b4a4-4b12-a646-becf29c2f1e3"": {""distance"": ""195"", ""par"": ""3""}}"
10f4aa9b-e4a8-492c-a50b-3331e1e00089,9a6651e9-9aa6-460c-ab81-c9d6beae237a,11,4,"{""c50fc567-4216-45a3-a3ed-1b57cb253589"": ""383"", ""fea348c3-b4a4-4b12-a646-becf29c2f1e3"": {""distance"": ""383"", ""par"": ""4""}}"
10f4aa9b-e4a8-492c-a50b-3331e1e00089,9a6651e9-9aa6-460c-ab81-c9d6beae237a,12,3,"{""c50fc567-4216-45a3-a3ed-1b57cb253589"": ""194"", ""fea348c3-b4a4-4b12-a646-becf29c2f1e3"": {""distance"": ""194"", ""par"": ""3""}}"
10f4aa9b-e4a8-492c-a50b-3331e1e00089,9a6651e9-9aa6-460c-ab81-c9d6beae237a,13,4,"{""c50fc567-4216-45a3-a3ed-1b57cb253589"": ""272"", ""fea348c3-b4a4-4b12-a646-becf29c2f1e3"": {""distance"": ""272"", ""par"": ""4""}}"
10f4aa9b-e4a8-492c-a50b-3331e1e00089,9a6651e9-9aa6-460c-ab81-c9d6beae237a,14,4,"{""c50fc567-4216-45a3-a3ed-1b57cb253589"": ""291"", ""fea348c3-b4a4-4b12-a646-becf29c2f1e3"": {""distance"": ""291"", ""par"": ""4""}}"
10f4aa9b-e4a8-492c-a50b-3331e1e00089,9a6651e9-9aa6-460c-ab81-c9d6beae237a,15,4,"{""c50fc567-4216-45a3-a3ed-1b57cb253589"": ""295"", ""fea348c3-b4a4-4b12-a646-becf29c2f1e3"": {""distance"": ""295"", ""par"": ""4""}}"
10f4aa9b-e4a8-492c-a50b-3331e1e00089,9a6651e9-9aa6-460c-ab81-c9d6beae237a,16,4,"{""c50fc567-4216-45a3-a3ed-1b57cb253589"": ""287"", ""fea348c3-b4a4-4b12-a646-becf29c2f1e3"": {""distance"": ""287"", ""par"": ""4""}}"
10f4aa9b-e4a8-492c-a50b-3331e1e00089,9a6651e9-9aa6-460c-ab81-c9d6beae237a,17,5,"{""c50fc567-4216-45a3-a3ed-1b57cb253589"": ""463"", ""fea348c3-b4a4-4b12-a646-becf29c2f1e3"": {""distance"": ""463"", ""par"": ""5""}}"
10f4aa9b-e4a8-492c-a50b-3331e1e00089,9a6651e9-9aa6-460c-ab81-c9d6beae237a,18,4,"{""c50fc567-4216-45a3-a3ed-1b57cb253589"": ""302"", ""fea348c3-b4a4-4b12-a646-becf29c2f1e3"": {""distance"": ""302"", ""par"": ""4""}}"
ac08304f-f883-4d52-bad2-8b2a3e1df4a0,9a6651e9-9aa6-460c-ab81-c9d6beae237a,1,3,"{""471c3225-83ba-42ea-88a8-841e0484c118"": ""-"", ""fe3a5bac-8658-4d5a-b84c-be9192fcc33e"": ""102"", ""e2d4c5b7-96a9-460e-8fd8-6c36f86f49d5"": ""-"", ""25fc9a69-0fef-4d0b-b157-767748513114"": {""distance"": ""-"", ""par"": ""3""}}"
ac08304f-f883-4d52-bad2-8b2a3e1df4a0,9a6651e9-9aa6-460c-ab81-c9d6beae237a,2,3,"{""471c3225-83ba-42ea-88a8-841e0484c118"": ""-"", ""fe3a5bac-8658-4d5a-b84c-be9192fcc33e"": ""85"", ""e2d4c5b7-96a9-460e-8fd8-6c36f86f49d5"": ""-"", ""25fc9a69-0fef-4d0b-b157-767748513114"": {""distance"": ""-"", ""par"": ""3""}}"
ac08304f-f883-4d52-bad2-8b2a3e1df4a0,9a6651e9-9aa6-460c-ab81-c9d6beae237a,3,3,"{""471c3225-83ba-42ea-88a8-841e0484c118"": ""-"", ""fe3a5bac-8658-4d5a-b84c-be9192fcc33e"": ""92"", ""e2d4c5b7-96a9-460e-8fd8-6c36f86f49d5"": ""-"", ""25fc9a69-0fef-4d0b-b157-767748513114"": {""distance"": ""-"", ""par"": ""3""}}"
ac08304f-f883-4d52-bad2-8b2a3e1df4a0,9a6651e9-9aa6-460c-ab81-c9d6beae237a,4,3,"{""471c3225-83ba-42ea-88a8-841e0484c118"": ""-"", ""fe3a5bac-8658-4d5a-b84c-be9192fcc33e"": ""131"", ""e2d4c5b7-96a9-460e-8fd8-6c36f86f49d5"": ""-"", ""25fc9a69-0fef-4d0b-b157-767748513114"": {""distance"": ""-"", ""par"": ""3""}}"
ac08304f-f883-4d52-bad2-8b2a3e1df4a0,9a6651e9-9aa6-460c-ab81-c9d6beae237a,5,3,"{""471c3225-83ba-42ea-88a8-841e0484c118"": ""-"", ""fe3a5bac-8658-4d5a-b84c-be9192fcc33e"": ""151"", ""e2d4c5b7-96a9-460e-8fd8-6c36f86f49d5"": ""-"", ""25fc9a69-0fef-4d0b-b157-767748513114"": {""distance"": ""-"", ""par"": ""3""}}"
ac08304f-f883-4d52-bad2-8b2a3e1df4a0,9a6651e9-9aa6-460c-ab81-c9d6beae237a,6,3,"{""471c3225-83ba-42ea-88a8-841e0484c118"": ""-"", ""fe3a5bac-8658-4d5a-b84c-be9192fcc33e"": ""102"", ""e2d4c5b7-96a9-460e-8fd8-6c36f86f49d5"": ""-"", ""25fc9a69-0fef-4d0b-b157-767748513114"": {""distance"": ""-"", ""par"": ""3""}}"
ac08304f-f883-4d52-bad2-8b2a3e1df4a0,9a6651e9-9aa6-460c-ab81-c9d6beae237a,7,3,"{""471c3225-83ba-42ea-88a8-841e0484c118"": ""-"", ""fe3a5bac-8658-4d5a-b84c-be9192fcc33e"": ""133"", ""e2d4c5b7-96a9-460e-8fd8-6c36f86f49d5"": ""-"", ""25fc9a69-0fef-4d0b-b157-767748513114"": {""distance"": ""-"", ""par"": ""3""}}"
ac08304f-f883-4d52-bad2-8b2a3e1df4a0,9a6651e9-9aa6-460c-ab81-c9d6beae237a,8,3,"{""471c3225-83ba-42ea-88a8-841e0484c118"": ""-"", ""fe3a5bac-8658-4d5a-b84c-be9192fcc33e"": ""147"", ""e2d4c5b7-96a9-460e-8fd8-6c36f86f49d5"": ""-"", ""25fc9a69-0fef-4d0b-b157-767748513114"": {""distance"": ""-"", ""par"": ""3""}}"
ac08304f-f883-4d52-bad2-8b2a3e1df4a0,9a6651e9-9aa6-460c-ab81-c9d6beae237a,9,3,"{""471c3225-83ba-42ea-88a8-841e0484c118"": ""-"", ""fe3a5bac-8658-4d5a-b84c-be9192fcc33e"": ""85"", ""e2d4c5b7-96a9-460e-8fd8-6c36f86f49d5"": ""-"", ""25fc9a69-0fef-4d0b-b157-767748513114"": {""distance"": ""-"", ""par"": ""3""}}"
ac08304f-f883-4d52-bad2-8b2a3e1df4a0,9a6651e9-9aa6-460c-ab81-c9d6beae237a,10,3,"{""471c3225-83ba-42ea-88a8-841e0484c118"": ""-"", ""fe3a5bac-8658-4d5a-b84c-be9192fcc33e"": ""102"", ""e2d4c5b7-96a9-460e-8fd8-6c36f86f49d5"": ""-"", ""25fc9a69-0fef-4d0b-b157-767748513114"": {""distance"": ""-"", ""par"": ""3""}}"
ac08304f-f883-4d52-bad2-8b2a3e1df4a0,9a6651e9-9aa6-460c-ab81-c9d6beae237a,11,3,"{""471c3225-83ba-42ea-88a8-841e0484c118"": ""-"", ""fe3a5bac-8658-4d5a-b84c-be9192fcc33e"": ""85"", ""e2d4c5b7-96a9-460e-8fd8-6c36f86f49d5"": ""-"", ""25fc9a69-0fef-4d0b-b157-767748513114"": {""distance"": ""-"", ""par"": ""3""}}"
ac08304f-f883-4d52-bad2-8b2a3e1df4a0,9a6651e9-9aa6-460c-ab81-c9d6beae237a,12,3,"{""471c3225-83ba-42ea-88a8-841e0484c118"": ""-"", ""fe3a5bac-8658-4d5a-b84c-be9192fcc33e"": ""92"", ""e2d4c5b7-96a9-460e-8fd8-6c36f86f49d5"": ""-"", ""25fc9a69-0fef-4d0b-b157-767748513114"": {""distance"": ""-"", ""par"": ""3""}}"
ac08304f-f883-4d52-bad2-8b2a3e1df4a0,9a6651e9-9aa6-460c-ab81-c9d6beae237a,13,3,"{""471c3225-83ba-42ea-88a8-841e0484c118"": ""-"", ""fe3a5bac-8658-4d5a-b84c-be9192fcc33e"": ""131"", ""e2d4c5b7-96a9-460e-8fd8-6c36f86f49d5"": ""-"", ""25fc9a69-0fef-4d0b-b157-767748513114"": {""distance"": ""-"", ""par"": ""3""}}"
ac08304f-f883-4d52-bad2-8b2a3e1df4a0,9a6651e9-9aa6-460c-ab81-c9d6beae237a,14,3,"{""471c3225-83ba-42ea-88a8-841e0484c118"": ""-"", ""fe3a5bac-8658-4d5a-b84c-be9192fcc33e"": ""151"", ""e2d4c5b7-96a9-460e-8fd8-6c36f86f49d5"": ""-"", ""25fc9a69-0fef-4d0b-b157-767748513114"": {""distance"": ""-"", ""par"": ""3""}}"
ac08304f-f883-4d52-bad2-8b2a3e1df4a0,9a6651e9-9aa6-460c-ab81-c9d6beae237a,15,3,"{""471c3225-83ba-42ea-88a8-841e0484c118"": ""-"", ""fe3a5bac-8658-4d5a-b84c-be9192fcc33e"": ""102"", ""e2d4c5b7-96a9-460e-8fd8-6c36f86f49d5"": ""-"", ""25fc9a69-0fef-4d0b-b157-767748513114"": {""distance"": ""-"", ""par"": ""3""}}"
ac08304f-f883-4d52-bad2-8b2a3e1df4a0,9a6651e9-9aa6-460c-ab81-c9d6beae237a,16,3,"{""471c3225-83ba-42ea-88a8-841e0484c118"": ""-"", ""fe3a5bac-8658-4d5a-b84c-be9192fcc33e"": ""133"", ""e2d4c5b7-96a9-460e-8fd8-6c36f86f49d5"": ""-"", ""25fc9a69-0fef-4d0b-b157-767748513114"": {""distance"": ""-"", ""par"": ""3""}}"
ac08304f-f883-4d52-bad2-8b2a3e1df4a0,9a6651e9-9aa6-460c-ab81-c9d6beae237a,17,3,"{""471c3225-83ba-42ea-88a8-841e0484c118"": ""-"", ""fe3a5bac-8658-4d5a-b84c-be9192fcc33e"": ""147"", ""e2d4c5b7-96a9-460e-8fd8-6c36f86f49d5"": ""-"", ""25fc9a69-0fef-4d0b-b157-767748513114"": {""distance"": ""-"", ""par"": ""3""}}"
ac08304f-f883-4d52-bad2-8b2a3e1df4a0,9a6651e9-9aa6-460c-ab81-c9d6beae237a,18,3,"{""471c3225-83ba-42ea-88a8-841e0484c118"": ""-"", ""fe3a5bac-8658-4d5a-b84c-be9192fcc33e"": ""85"", ""e2d4c5b7-96a9-460e-8fd8-6c36f86f49d5"": ""-"", ""25fc9a69-0fef-4d0b-b157-767748513114"": {""distance"": ""-"", ""par"": ""3""}}"
0cf757d9-a7c3-4fc2-b399-70f5deb548e9,2f463702-f0d1-4f76-a293-1aa18eeaee6d,1,5,"{""ed0c8fa1-d350-49a2-8f78-e156da1a118a"": ""505"", ""a3076e07-057a-4002-8dcb-63572fb1de05"": ""492"", ""916b7551-1507-4406-a6d4-ce6c59b49179"": ""451"", ""7a8ebfdc-e573-49fa-81fa-18fedfcceebd"": {""distance"": ""435"", ""par"": ""5""}}"
0cf757d9-a7c3-4fc2-b399-70f5deb548e9,2f463702-f0d1-4f76-a293-1aa18eeaee6d,2,4,"{""ed0c8fa1-d350-49a2-8f78-e156da1a118a"": ""356"", ""a3076e07-057a-4002-8dcb-63572fb1de05"": ""310"", ""916b7551-1507-4406-a6d4-ce6c59b49179"": ""322"", ""7a8ebfdc-e573-49fa-81fa-18fedfcceebd"": {""distance"": ""298"", ""par"": ""4""}}"
0cf757d9-a7c3-4fc2-b399-70f5deb548e9,2f463702-f0d1-4f76-a293-1aa18eeaee6d,3,3,"{""ed0c8fa1-d350-49a2-8f78-e156da1a118a"": ""188"", ""a3076e07-057a-4002-8dcb-63572fb1de05"": ""174"", ""916b7551-1507-4406-a6d4-ce6c59b49179"": ""159"", ""7a8ebfdc-e573-49fa-81fa-18fedfcceebd"": {""distance"": ""229"", ""par"": ""3""}}"
0cf757d9-a7c3-4fc2-b399-70f5deb548e9,2f463702-f0d1-4f76-a293-1aa18eeaee6d,4,4,"{""ed0c8fa1-d350-49a2-8f78-e156da1a118a"": ""281"", ""a3076e07-057a-4002-8dcb-63572fb1de05"": ""270"", ""916b7551-1507-4406-a6d4-ce6c59b49179"": ""250"", ""7a8ebfdc-e573-49fa-81fa-18fedfcceebd"": {""distance"": ""229"", ""par"": ""4""}}"
0cf757d9-a7c3-4fc2-b399-70f5deb548e9,2f463702-f0d1-4f76-a293-1aa18eeaee6d,5,3,"{""ed0c8fa1-d350-49a2-8f78-e156da1a118a"": ""147"", ""a3076e07-057a-4002-8dcb-63572fb1de05"": ""133"", ""916b7551-1507-4406-a6d4-ce6c59b49179"": ""117"", ""7a8ebfdc-e573-49fa-81fa-18fedfcceebd"": {""distance"": ""98"", ""par"": ""3""}}"
0cf757d9-a7c3-4fc2-b399-70f5deb548e9,2f463702-f0d1-4f76-a293-1aa18eeaee6d,6,4,"{""ed0c8fa1-d350-49a2-8f78-e156da1a118a"": ""423"", ""a3076e07-057a-4002-8dcb-63572fb1de05"": ""399"", ""916b7551-1507-4406-a6d4-ce6c59b49179"": ""355"", ""7a8ebfdc-e573-49fa-81fa-18fedfcceebd"": {""distance"": ""345"", ""par"": ""4""}}"
0cf757d9-a7c3-4fc2-b399-70f5deb548e9,2f463702-f0d1-4f76-a293-1aa18eeaee6d,7,4,"{""ed0c8fa1-d350-49a2-8f78-e156da1a118a"": ""328"", ""a3076e07-057a-4002-8dcb-63572fb1de05"": ""308"", ""916b7551-1507-4406-a6d4-ce6c59b49179"": ""292"", ""7a8ebfdc-e573-49fa-81fa-18fedfcceebd"": {""distance"": ""275"", ""par"": ""4""}}"
0cf757d9-a7c3-4fc2-b399-70f5deb548e9,2f463702-f0d1-4f76-a293-1aa18eeaee6d,8,4,"{""ed0c8fa1-d350-49a2-8f78-e156da1a118a"": ""403"", ""a3076e07-057a-4002-8dcb-63572fb1de05"": ""381"", ""916b7551-1507-4406-a6d4-ce6c59b49179"": ""361"", ""7a8ebfdc-e573-49fa-81fa-18fedfcceebd"": {""distance"": ""342"", ""par"": ""4""}}"
0cf757d9-a7c3-4fc2-b399-70f5deb548e9,2f463702-f0d1-4f76-a293-1aa18eeaee6d,9,5,"{""ed0c8fa1-d350-49a2-8f78-e156da1a118a"": ""451"", ""a3076e07-057a-4002-8dcb-63572fb1de05"": ""437"", ""916b7551-1507-4406-a6d4-ce6c59b49179"": ""408"", ""7a8ebfdc-e573-49fa-81fa-18fedfcceebd"": {""distance"": ""374"", ""par"": ""5""}}"
0cf757d9-a7c3-4fc2-b399-70f5deb548e9,2f463702-f0d1-4f76-a293-1aa18eeaee6d,10,4,"{""ed0c8fa1-d350-49a2-8f78-e156da1a118a"": ""315"", ""a3076e07-057a-4002-8dcb-63572fb1de05"": ""305"", ""916b7551-1507-4406-a6d4-ce6c59b49179"": ""280"", ""7a8ebfdc-e573-49fa-81fa-18fedfcceebd"": {""distance"": ""260"", ""par"": ""4""}}"
0cf757d9-a7c3-4fc2-b399-70f5deb548e9,2f463702-f0d1-4f76-a293-1aa18eeaee6d,11,4,"{""ed0c8fa1-d350-49a2-8f78-e156da1a118a"": ""347"", ""a3076e07-057a-4002-8dcb-63572fb1de05"": ""327"", ""916b7551-1507-4406-a6d4-ce6c59b49179"": ""300"", ""7a8ebfdc-e573-49fa-81fa-18fedfcceebd"": {""distance"": ""276"", ""par"": ""4""}}"
0cf757d9-a7c3-4fc2-b399-70f5deb548e9,2f463702-f0d1-4f76-a293-1aa18eeaee6d,12,5,"{""ed0c8fa1-d350-49a2-8f78-e156da1a118a"": ""544"", ""a3076e07-057a-4002-8dcb-63572fb1de05"": ""518"", ""916b7551-1507-4406-a6d4-ce6c59b49179"": ""493"", ""7a8ebfdc-e573-49fa-81fa-18fedfcceebd"": {""distance"": ""443"", ""par"": ""5""}}"
0cf757d9-a7c3-4fc2-b399-70f5deb548e9,2f463702-f0d1-4f76-a293-1aa18eeaee6d,13,3,"{""ed0c8fa1-d350-49a2-8f78-e156da1a118a"": ""194"", ""a3076e07-057a-4002-8dcb-63572fb1de05"": ""183"", ""916b7551-1507-4406-a6d4-ce6c59b49179"": ""156"", ""7a8ebfdc-e573-49fa-81fa-18fedfcceebd"": {""distance"": ""136"", ""par"": ""3""}}"
0cf757d9-a7c3-4fc2-b399-70f5deb548e9,2f463702-f0d1-4f76-a293-1aa18eeaee6d,14,5,"{""ed0c8fa1-d350-49a2-8f78-e156da1a118a"": ""481"", ""a3076e07-057a-4002-8dcb-63572fb1de05"": ""452"", ""916b7551-1507-4406-a6d4-ce6c59b49179"": ""439"", ""7a8ebfdc-e573-49fa-81fa-18fedfcceebd"": {""distance"": ""424"", ""par"": ""5""}}"
0cf757d9-a7c3-4fc2-b399-70f5deb548e9,2f463702-f0d1-4f76-a293-1aa18eeaee6d,15,4,"{""ed0c8fa1-d350-49a2-8f78-e156da1a118a"": ""356"", ""a3076e07-057a-4002-8dcb-63572fb1de05"": ""327"", ""916b7551-1507-4406-a6d4-ce6c59b49179"": ""306"", ""7a8ebfdc-e573-49fa-81fa-18fedfcceebd"": {""distance"": ""284"", ""par"": ""4""}}"
0cf757d9-a7c3-4fc2-b399-70f5deb548e9,2f463702-f0d1-4f76-a293-1aa18eeaee6d,16,3,"{""ed0c8fa1-d350-49a2-8f78-e156da1a118a"": ""165"", ""a3076e07-057a-4002-8dcb-63572fb1de05"": ""151"", ""916b7551-1507-4406-a6d4-ce6c59b49179"": ""136"", ""7a8ebfdc-e573-49fa-81fa-18fedfcceebd"": {""distance"": ""127"", ""par"": ""3""}}"
0cf757d9-a7c3-4fc2-b399-70f5deb548e9,2f463702-f0d1-4f76-a293-1aa18eeaee6d,17,4,"{""ed0c8fa1-d350-49a2-8f78-e156da1a118a"": ""390"", ""a3076e07-057a-4002-8dcb-63572fb1de05"": ""377"", ""916b7551-1507-4406-a6d4-ce6c59b49179"": ""357"", ""7a8ebfdc-e573-49fa-81fa-18fedfcceebd"": {""distance"": ""350"", ""par"": ""4""}}"
0cf757d9-a7c3-4fc2-b399-70f5deb548e9,2f463702-f0d1-4f76-a293-1aa18eeaee6d,18,4,"{""ed0c8fa1-d350-49a2-8f78-e156da1a118a"": ""371"", ""a3076e07-057a-4002-8dcb-63572fb1de05"": ""344"", ""916b7551-1507-4406-a6d4-ce6c59b49179"": ""318"", ""7a8ebfdc-e573-49fa-81fa-18fedfcceebd"": {""distance"": ""284"", ""par"": ""4""}}"
8fd18dca-1a1d-47fe-9cd6-c1e6e88d9b26,968749e4-44d7-4a76-8f20-f63b87c8347c,1,4,"{""0d0c85a7-a907-4f0f-a686-415409f726c7"": ""391"", ""1dbc4db1-5aa6-4fba-9b7d-9cc86cbb424a"": ""-"", ""e061e1f8-cb19-481a-8b65-6c3d203e46b2"": ""337"", ""91f7f649-a8fb-4240-aadf-a774ae0842b5"": ""334"", ""0361c396-780f-452f-963c-590f17e7340c"": {""distance"": ""285"", ""par"": ""4""}}"
8fd18dca-1a1d-47fe-9cd6-c1e6e88d9b26,968749e4-44d7-4a76-8f20-f63b87c8347c,2,4,"{""0d0c85a7-a907-4f0f-a686-415409f726c7"": ""411"", ""1dbc4db1-5aa6-4fba-9b7d-9cc86cbb424a"": ""-"", ""e061e1f8-cb19-481a-8b65-6c3d203e46b2"": ""353"", ""91f7f649-a8fb-4240-aadf-a774ae0842b5"": ""329"", ""0361c396-780f-452f-963c-590f17e7340c"": {""distance"": ""298"", ""par"": ""4""}}"
8fd18dca-1a1d-47fe-9cd6-c1e6e88d9b26,968749e4-44d7-4a76-8f20-f63b87c8347c,3,3,"{""0d0c85a7-a907-4f0f-a686-415409f726c7"": ""203"", ""1dbc4db1-5aa6-4fba-9b7d-9cc86cbb424a"": ""-"", ""e061e1f8-cb19-481a-8b65-6c3d203e46b2"": ""182"", ""91f7f649-a8fb-4240-aadf-a774ae0842b5"": ""142"", ""0361c396-780f-452f-963c-590f17e7340c"": {""distance"": ""91"", ""par"": ""3""}}"
8fd18dca-1a1d-47fe-9cd6-c1e6e88d9b26,968749e4-44d7-4a76-8f20-f63b87c8347c,4,5,"{""0d0c85a7-a907-4f0f-a686-415409f726c7"": ""505"", ""1dbc4db1-5aa6-4fba-9b7d-9cc86cbb424a"": ""-"", ""e061e1f8-cb19-481a-8b65-6c3d203e46b2"": ""447"", ""91f7f649-a8fb-4240-aadf-a774ae0842b5"": ""438"", ""0361c396-780f-452f-963c-590f17e7340c"": {""distance"": ""377"", ""par"": ""5""}}"
8fd18dca-1a1d-47fe-9cd6-c1e6e88d9b26,968749e4-44d7-4a76-8f20-f63b87c8347c,5,4,"{""0d0c85a7-a907-4f0f-a686-415409f726c7"": ""377"", ""1dbc4db1-5aa6-4fba-9b7d-9cc86cbb424a"": ""-"", ""e061e1f8-cb19-481a-8b65-6c3d203e46b2"": ""338"", ""91f7f649-a8fb-4240-aadf-a774ae0842b5"": ""325"", ""0361c396-780f-452f-963c-590f17e7340c"": {""distance"": ""280"", ""par"": ""4""}}"
8fd18dca-1a1d-47fe-9cd6-c1e6e88d9b26,968749e4-44d7-4a76-8f20-f63b87c8347c,6,4,"{""0d0c85a7-a907-4f0f-a686-415409f726c7"": ""433"", ""1dbc4db1-5aa6-4fba-9b7d-9cc86cbb424a"": ""-"", ""e061e1f8-cb19-481a-8b65-6c3d203e46b2"": ""379"", ""91f7f649-a8fb-4240-aadf-a774ae0842b5"": ""356"", ""0361c396-780f-452f-963c-590f17e7340c"": {""distance"": ""324"", ""par"": ""4""}}"
8fd18dca-1a1d-47fe-9cd6-c1e6e88d9b26,968749e4-44d7-4a76-8f20-f63b87c8347c,7,3,"{""0d0c85a7-a907-4f0f-a686-415409f726c7"": ""212"", ""1dbc4db1-5aa6-4fba-9b7d-9cc86cbb424a"": ""-"", ""e061e1f8-cb19-481a-8b65-6c3d203e46b2"": ""185"", ""91f7f649-a8fb-4240-aadf-a774ae0842b5"": ""150"", ""0361c396-780f-452f-963c-590f17e7340c"": {""distance"": ""133"", ""par"": ""3""}}"
8fd18dca-1a1d-47fe-9cd6-c1e6e88d9b26,968749e4-44d7-4a76-8f20-f63b87c8347c,8,4,"{""0d0c85a7-a907-4f0f-a686-415409f726c7"": ""391"", ""1dbc4db1-5aa6-4fba-9b7d-9cc86cbb424a"": ""-"", ""e061e1f8-cb19-481a-8b65-6c3d203e46b2"": ""350"", ""91f7f649-a8fb-4240-aadf-a774ae0842b5"": ""330"", ""0361c396-780f-452f-963c-590f17e7340c"": {""distance"": ""297"", ""par"": ""4""}}"
8fd18dca-1a1d-47fe-9cd6-c1e6e88d9b26,968749e4-44d7-4a76-8f20-f63b87c8347c,9,5,"{""0d0c85a7-a907-4f0f-a686-415409f726c7"": ""515"", ""1dbc4db1-5aa6-4fba-9b7d-9cc86cbb424a"": ""-"", ""e061e1f8-cb19-481a-8b65-6c3d203e46b2"": ""450"", ""91f7f649-a8fb-4240-aadf-a774ae0842b5"": ""435"", ""0361c396-780f-452f-963c-590f17e7340c"": {""distance"": ""386"", ""par"": ""5""}}"
8fd18dca-1a1d-47fe-9cd6-c1e6e88d9b26,968749e4-44d7-4a76-8f20-f63b87c8347c,10,4,"{""0d0c85a7-a907-4f0f-a686-415409f726c7"": ""404"", ""1dbc4db1-5aa6-4fba-9b7d-9cc86cbb424a"": ""-"", ""e061e1f8-cb19-481a-8b65-6c3d203e46b2"": ""360"", ""91f7f649-a8fb-4240-aadf-a774ae0842b5"": ""326"", ""0361c396-780f-452f-963c-590f17e7340c"": {""distance"": ""297"", ""par"": ""4""}}"
8fd18dca-1a1d-47fe-9cd6-c1e6e88d9b26,968749e4-44d7-4a76-8f20-f63b87c8347c,11,3,"{""0d0c85a7-a907-4f0f-a686-415409f726c7"": ""179"", ""1dbc4db1-5aa6-4fba-9b7d-9cc86cbb424a"": ""-"", ""e061e1f8-cb19-481a-8b65-6c3d203e46b2"": ""159"", ""91f7f649-a8fb-4240-aadf-a774ae0842b5"": ""133"", ""0361c396-780f-452f-963c-590f17e7340c"": {""distance"": ""116"", ""par"": ""3""}}"
8fd18dca-1a1d-47fe-9cd6-c1e6e88d9b26,968749e4-44d7-4a76-8f20-f63b87c8347c,12,4,"{""0d0c85a7-a907-4f0f-a686-415409f726c7"": ""412"", ""1dbc4db1-5aa6-4fba-9b7d-9cc86cbb424a"": ""-"", ""e061e1f8-cb19-481a-8b65-6c3d203e46b2"": ""360"", ""91f7f649-a8fb-4240-aadf-a774ae0842b5"": ""348"", ""0361c396-780f-452f-963c-590f17e7340c"": {""distance"": ""316"", ""par"": ""4""}}"
8fd18dca-1a1d-47fe-9cd6-c1e6e88d9b26,968749e4-44d7-4a76-8f20-f63b87c8347c,13,5,"{""0d0c85a7-a907-4f0f-a686-415409f726c7"": ""488"", ""1dbc4db1-5aa6-4fba-9b7d-9cc86cbb424a"": ""-"", ""e061e1f8-cb19-481a-8b65-6c3d203e46b2"": ""442"", ""91f7f649-a8fb-4240-aadf-a774ae0842b5"": ""437"", ""0361c396-780f-452f-963c-590f17e7340c"": {""distance"": ""380"", ""par"": ""5""}}"
8fd18dca-1a1d-47fe-9cd6-c1e6e88d9b26,968749e4-44d7-4a76-8f20-f63b87c8347c,14,4,"{""0d0c85a7-a907-4f0f-a686-415409f726c7"": ""422"", ""1dbc4db1-5aa6-4fba-9b7d-9cc86cbb424a"": ""-"", ""e061e1f8-cb19-481a-8b65-6c3d203e46b2"": ""367"", ""91f7f649-a8fb-4240-aadf-a774ae0842b5"": ""358"", ""0361c396-780f-452f-963c-590f17e7340c"": {""distance"": ""308"", ""par"": ""4""}}"
8fd18dca-1a1d-47fe-9cd6-c1e6e88d9b26,968749e4-44d7-4a76-8f20-f63b87c8347c,15,4,"{""0d0c85a7-a907-4f0f-a686-415409f726c7"": ""360"", ""1dbc4db1-5aa6-4fba-9b7d-9cc86cbb424a"": ""-"", ""e061e1f8-cb19-481a-8b65-6c3d203e46b2"": ""332"", ""91f7f649-a8fb-4240-aadf-a774ae0842b5"": ""318"", ""0361c396-780f-452f-963c-590f17e7340c"": {""distance"": ""287"", ""par"": ""4""}}"
8fd18dca-1a1d-47fe-9cd6-c1e6e88d9b26,968749e4-44d7-4a76-8f20-f63b87c8347c,16,5,"{""0d0c85a7-a907-4f0f-a686-415409f726c7"": ""582"", ""1dbc4db1-5aa6-4fba-9b7d-9cc86cbb424a"": ""-"", ""e061e1f8-cb19-481a-8b65-6c3d203e46b2"": ""501"", ""91f7f649-a8fb-4240-aadf-a774ae0842b5"": ""491"", ""0361c396-780f-452f-963c-590f17e7340c"": {""distance"": ""444"", ""par"": ""5""}}"
8fd18dca-1a1d-47fe-9cd6-c1e6e88d9b26,968749e4-44d7-4a76-8f20-f63b87c8347c,17,3,"{""0d0c85a7-a907-4f0f-a686-415409f726c7"": ""197"", ""1dbc4db1-5aa6-4fba-9b7d-9cc86cbb424a"": ""-"", ""e061e1f8-cb19-481a-8b65-6c3d203e46b2"": ""173"", ""91f7f649-a8fb-4240-aadf-a774ae0842b5"": ""158"", ""0361c396-780f-452f-963c-590f17e7340c"": {""distance"": ""120"", ""par"": ""3""}}"
8fd18dca-1a1d-47fe-9cd6-c1e6e88d9b26,968749e4-44d7-4a76-8f20-f63b87c8347c,18,4,"{""0d0c85a7-a907-4f0f-a686-415409f726c7"": ""402"", ""1dbc4db1-5aa6-4fba-9b7d-9cc86cbb424a"": ""-"", ""e061e1f8-cb19-481a-8b65-6c3d203e46b2"": ""344"", ""91f7f649-a8fb-4240-aadf-a774ae0842b5"": ""333"", ""0361c396-780f-452f-963c-590f17e7340c"": {""distance"": ""295"", ""par"": ""4""}}"
0c9dc3e6-c274-4aa3-851f-559aa53e31b2,858c0aec-3c5d-49ba-97d1-3d2e458e5c3a,1,5,"{""ec13f992-5bc7-4c7c-a602-70e5eeac9125"": ""427"", ""1727afc8-f1f5-4868-81ea-a4b74fe48b12"": ""421"", ""40a681f0-ad3b-4e60-aa8b-599846577c57"": ""381"", ""60065bb8-2510-44a7-a2c4-0cab72504b53"": {""distance"": ""381"", ""par"": ""5""}}"
0c9dc3e6-c274-4aa3-851f-559aa53e31b2,858c0aec-3c5d-49ba-97d1-3d2e458e5c3a,2,4,"{""ec13f992-5bc7-4c7c-a602-70e5eeac9125"": ""352"", ""1727afc8-f1f5-4868-81ea-a4b74fe48b12"": ""345"", ""40a681f0-ad3b-4e60-aa8b-599846577c57"": ""316"", ""60065bb8-2510-44a7-a2c4-0cab72504b53"": {""distance"": ""306"", ""par"": ""4""}}"
0c9dc3e6-c274-4aa3-851f-559aa53e31b2,858c0aec-3c5d-49ba-97d1-3d2e458e5c3a,3,3,"{""ec13f992-5bc7-4c7c-a602-70e5eeac9125"": ""167"", ""1727afc8-f1f5-4868-81ea-a4b74fe48b12"": ""160"", ""40a681f0-ad3b-4e60-aa8b-599846577c57"": ""145"", ""60065bb8-2510-44a7-a2c4-0cab72504b53"": {""distance"": ""133"", ""par"": ""3""}}"
0c9dc3e6-c274-4aa3-851f-559aa53e31b2,858c0aec-3c5d-49ba-97d1-3d2e458e5c3a,4,4,"{""ec13f992-5bc7-4c7c-a602-70e5eeac9125"": ""361"", ""1727afc8-f1f5-4868-81ea-a4b74fe48b12"": ""343"", ""40a681f0-ad3b-4e60-aa8b-599846577c57"": ""225"", ""60065bb8-2510-44a7-a2c4-0cab72504b53"": {""distance"": ""225"", ""par"": ""4""}}"
0c9dc3e6-c274-4aa3-851f-559aa53e31b2,858c0aec-3c5d-49ba-97d1-3d2e458e5c3a,5,3,"{""ec13f992-5bc7-4c7c-a602-70e5eeac9125"": ""117"", ""1727afc8-f1f5-4868-81ea-a4b74fe48b12"": ""113"", ""40a681f0-ad3b-4e60-aa8b-599846577c57"": ""100"", ""60065bb8-2510-44a7-a2c4-0cab72504b53"": {""distance"": ""92"", ""par"": ""3""}}"
0c9dc3e6-c274-4aa3-851f-559aa53e31b2,858c0aec-3c5d-49ba-97d1-3d2e458e5c3a,6,5,"{""ec13f992-5bc7-4c7c-a602-70e5eeac9125"": ""510"", ""1727afc8-f1f5-4868-81ea-a4b74fe48b12"": ""482"", ""40a681f0-ad3b-4e60-aa8b-599846577c57"": ""445"", ""60065bb8-2510-44a7-a2c4-0cab72504b53"": {""distance"": ""415"", ""par"": ""5""}}"
0c9dc3e6-c274-4aa3-851f-559aa53e31b2,858c0aec-3c5d-49ba-97d1-3d2e458e5c3a,7,4,"{""ec13f992-5bc7-4c7c-a602-70e5eeac9125"": ""333"", ""1727afc8-f1f5-4868-81ea-a4b74fe48b12"": ""296"", ""40a681f0-ad3b-4e60-aa8b-599846577c57"": ""286"", ""60065bb8-2510-44a7-a2c4-0cab72504b53"": {""distance"": ""245"", ""par"": ""4""}}"
0c9dc3e6-c274-4aa3-851f-559aa53e31b2,858c0aec-3c5d-49ba-97d1-3d2e458e5c3a,8,4,"{""ec13f992-5bc7-4c7c-a602-70e5eeac9125"": ""378"", ""1727afc8-f1f5-4868-81ea-a4b74fe48b12"": ""360"", ""40a681f0-ad3b-4e60-aa8b-599846577c57"": ""325"", ""60065bb8-2510-44a7-a2c4-0cab72504b53"": {""distance"": ""293"", ""par"": ""4""}}"
0c9dc3e6-c274-4aa3-851f-559aa53e31b2,858c0aec-3c5d-49ba-97d1-3d2e458e5c3a,9,4,"{""ec13f992-5bc7-4c7c-a602-70e5eeac9125"": ""404"", ""1727afc8-f1f5-4868-81ea-a4b74fe48b12"": ""341"", ""40a681f0-ad3b-4e60-aa8b-599846577c57"": ""337"", ""60065bb8-2510-44a7-a2c4-0cab72504b53"": {""distance"": ""322"", ""par"": ""4""}}"
0c9dc3e6-c274-4aa3-851f-559aa53e31b2,858c0aec-3c5d-49ba-97d1-3d2e458e5c3a,10,3,"{""ec13f992-5bc7-4c7c-a602-70e5eeac9125"": ""132"", ""1727afc8-f1f5-4868-81ea-a4b74fe48b12"": ""129"", ""40a681f0-ad3b-4e60-aa8b-599846577c57"": ""100"", ""60065bb8-2510-44a7-a2c4-0cab72504b53"": {""distance"": ""97"", ""par"": ""3""}}"
0c9dc3e6-c274-4aa3-851f-559aa53e31b2,858c0aec-3c5d-49ba-97d1-3d2e458e5c3a,11,5,"{""ec13f992-5bc7-4c7c-a602-70e5eeac9125"": ""505"", ""1727afc8-f1f5-4868-81ea-a4b74fe48b12"": ""477"", ""40a681f0-ad3b-4e60-aa8b-599846577c57"": ""432"", ""60065bb8-2510-44a7-a2c4-0cab72504b53"": {""distance"": ""422"", ""par"": ""5""}}"
0c9dc3e6-c274-4aa3-851f-559aa53e31b2,858c0aec-3c5d-49ba-97d1-3d2e458e5c3a,12,3,"{""ec13f992-5bc7-4c7c-a602-70e5eeac9125"": ""196"", ""1727afc8-f1f5-4868-81ea-a4b74fe48b12"": ""192"", ""40a681f0-ad3b-4e60-aa8b-599846577c57"": ""148"", ""60065bb8-2510-44a7-a2c4-0cab72504b53"": {""distance"": ""115"", ""par"": ""3""}}"
0c9dc3e6-c274-4aa3-851f-559aa53e31b2,858c0aec-3c5d-49ba-97d1-3d2e458e5c3a,13,4,"{""ec13f992-5bc7-4c7c-a602-70e5eeac9125"": ""370"", ""1727afc8-f1f5-4868-81ea-a4b74fe48b12"": ""343"", ""40a681f0-ad3b-4e60-aa8b-599846577c57"": ""310"", ""60065bb8-2510-44a7-a2c4-0cab72504b53"": {""distance"": ""310"", ""par"": ""4""}}"
0c9dc3e6-c274-4aa3-851f-559aa53e31b2,858c0aec-3c5d-49ba-97d1-3d2e458e5c3a,14,3,"{""ec13f992-5bc7-4c7c-a602-70e5eeac9125"": ""124"", ""1727afc8-f1f5-4868-81ea-a4b74fe48b12"": ""121"", ""40a681f0-ad3b-4e60-aa8b-599846577c57"": ""99"", ""60065bb8-2510-44a7-a2c4-0cab72504b53"": {""distance"": ""92"", ""par"": ""3""}}"
0c9dc3e6-c274-4aa3-851f-559aa53e31b2,858c0aec-3c5d-49ba-97d1-3d2e458e5c3a,15,5,"{""ec13f992-5bc7-4c7c-a602-70e5eeac9125"": ""511"", ""1727afc8-f1f5-4868-81ea-a4b74fe48b12"": ""480"", ""40a681f0-ad3b-4e60-aa8b-599846577c57"": ""405"", ""60065bb8-2510-44a7-a2c4-0cab72504b53"": {""distance"": ""405"", ""par"": ""5""}}"
0c9dc3e6-c274-4aa3-851f-559aa53e31b2,858c0aec-3c5d-49ba-97d1-3d2e458e5c3a,16,4,"{""ec13f992-5bc7-4c7c-a602-70e5eeac9125"": ""353"", ""1727afc8-f1f5-4868-81ea-a4b74fe48b12"": ""324"", ""40a681f0-ad3b-4e60-aa8b-599846577c57"": ""288"", ""60065bb8-2510-44a7-a2c4-0cab72504b53"": {""distance"": ""283"", ""par"": ""4""}}"
0c9dc3e6-c274-4aa3-851f-559aa53e31b2,858c0aec-3c5d-49ba-97d1-3d2e458e5c3a,17,4,"{""ec13f992-5bc7-4c7c-a602-70e5eeac9125"": ""284"", ""1727afc8-f1f5-4868-81ea-a4b74fe48b12"": ""280"", ""40a681f0-ad3b-4e60-aa8b-599846577c57"": ""256"", ""60065bb8-2510-44a7-a2c4-0cab72504b53"": {""distance"": ""250"", ""par"": ""4""}}"
0c9dc3e6-c274-4aa3-851f-559aa53e31b2,858c0aec-3c5d-49ba-97d1-3d2e458e5c3a,18,5,"{""ec13f992-5bc7-4c7c-a602-70e5eeac9125"": ""521"", ""1727afc8-f1f5-4868-81ea-a4b74fe48b12"": ""505"", ""40a681f0-ad3b-4e60-aa8b-599846577c57"": ""492"", ""60065bb8-2510-44a7-a2c4-0cab72504b53"": {""distance"": ""469"", ""par"": ""5""}}"
cd4d588f-fd53-4399-aa9d-b15784dd70f6,9b95d42b-0f8a-41ff-adc7-eb7765b0b8f4,1,5,"{""23494fde-c222-42d6-b88a-feeaa4ed935b"": ""470"", ""3a8d41bf-c835-4b4d-9ed9-5a46b3209de6"": ""471"", ""f94541ca-5ac3-49ec-ad7c-dc75482a310c"": ""458"", ""65765d75-3545-4e13-b4fe-4be8ea55c9de"": ""407"", ""65821d3d-639e-473d-af80-bb1cc990db0b"": {""distance"": ""396"", ""par"": ""5""}}"
cd4d588f-fd53-4399-aa9d-b15784dd70f6,9b95d42b-0f8a-41ff-adc7-eb7765b0b8f4,2,4,"{""23494fde-c222-42d6-b88a-feeaa4ed935b"": ""344"", ""3a8d41bf-c835-4b4d-9ed9-5a46b3209de6"": ""342"", ""f94541ca-5ac3-49ec-ad7c-dc75482a310c"": ""332"", ""65765d75-3545-4e13-b4fe-4be8ea55c9de"": ""298"", ""65821d3d-639e-473d-af80-bb1cc990db0b"": {""distance"": ""297"", ""par"": ""4""}}"
cd4d588f-fd53-4399-aa9d-b15784dd70f6,9b95d42b-0f8a-41ff-adc7-eb7765b0b8f4,3,3,"{""23494fde-c222-42d6-b88a-feeaa4ed935b"": ""139"", ""3a8d41bf-c835-4b4d-9ed9-5a46b3209de6"": ""142"", ""f94541ca-5ac3-49ec-ad7c-dc75482a310c"": ""134"", ""65765d75-3545-4e13-b4fe-4be8ea55c9de"": ""121"", ""65821d3d-639e-473d-af80-bb1cc990db0b"": {""distance"": ""113"", ""par"": ""3""}}"
cd4d588f-fd53-4399-aa9d-b15784dd70f6,9b95d42b-0f8a-41ff-adc7-eb7765b0b8f4,4,5,"{""23494fde-c222-42d6-b88a-feeaa4ed935b"": ""467"", ""3a8d41bf-c835-4b4d-9ed9-5a46b3209de6"": ""469"", ""f94541ca-5ac3-49ec-ad7c-dc75482a310c"": ""463"", ""65765d75-3545-4e13-b4fe-4be8ea55c9de"": ""410"", ""65821d3d-639e-473d-af80-bb1cc990db0b"": {""distance"": ""408"", ""par"": ""5""}}"
cd4d588f-fd53-4399-aa9d-b15784dd70f6,9b95d42b-0f8a-41ff-adc7-eb7765b0b8f4,5,4,"{""23494fde-c222-42d6-b88a-feeaa4ed935b"": ""392"", ""3a8d41bf-c835-4b4d-9ed9-5a46b3209de6"": ""393"", ""f94541ca-5ac3-49ec-ad7c-dc75482a310c"": ""382"", ""65765d75-3545-4e13-b4fe-4be8ea55c9de"": ""347"", ""65821d3d-639e-473d-af80-bb1cc990db0b"": {""distance"": ""345"", ""par"": ""4""}}"
cd4d588f-fd53-4399-aa9d-b15784dd70f6,9b95d42b-0f8a-41ff-adc7-eb7765b0b8f4,6,3,"{""23494fde-c222-42d6-b88a-feeaa4ed935b"": ""181"", ""3a8d41bf-c835-4b4d-9ed9-5a46b3209de6"": ""182"", ""f94541ca-5ac3-49ec-ad7c-dc75482a310c"": ""172"", ""65765d75-3545-4e13-b4fe-4be8ea55c9de"": ""143"", ""65821d3d-639e-473d-af80-bb1cc990db0b"": {""distance"": ""137"", ""par"": ""3""}}"
cd4d588f-fd53-4399-aa9d-b15784dd70f6,9b95d42b-0f8a-41ff-adc7-eb7765b0b8f4,7,4,"{""23494fde-c222-42d6-b88a-feeaa4ed935b"": ""397"", ""3a8d41bf-c835-4b4d-9ed9-5a46b3209de6"": ""406"", ""f94541ca-5ac3-49ec-ad7c-dc75482a310c"": ""398"", ""65765d75-3545-4e13-b4fe-4be8ea55c9de"": ""355"", ""65821d3d-639e-473d-af80-bb1cc990db0b"": {""distance"": ""346"", ""par"": ""4""}}"
cd4d588f-fd53-4399-aa9d-b15784dd70f6,9b95d42b-0f8a-41ff-adc7-eb7765b0b8f4,8,3,"{""23494fde-c222-42d6-b88a-feeaa4ed935b"": ""199"", ""3a8d41bf-c835-4b4d-9ed9-5a46b3209de6"": ""201"", ""f94541ca-5ac3-49ec-ad7c-dc75482a310c"": ""193"", ""65765d75-3545-4e13-b4fe-4be8ea55c9de"": ""176"", ""65821d3d-639e-473d-af80-bb1cc990db0b"": {""distance"": ""166"", ""par"": ""3""}}"
cd4d588f-fd53-4399-aa9d-b15784dd70f6,9b95d42b-0f8a-41ff-adc7-eb7765b0b8f4,9,5,"{""23494fde-c222-42d6-b88a-feeaa4ed935b"": ""497"", ""3a8d41bf-c835-4b4d-9ed9-5a46b3209de6"": ""505"", ""f94541ca-5ac3-49ec-ad7c-dc75482a310c"": ""499"", ""65765d75-3545-4e13-b4fe-4be8ea55c9de"": ""439"", ""65821d3d-639e-473d-af80-bb1cc990db0b"": {""distance"": ""437"", ""par"": ""5""}}"
cd4d588f-fd53-4399-aa9d-b15784dd70f6,9b95d42b-0f8a-41ff-adc7-eb7765b0b8f4,10,5,"{""23494fde-c222-42d6-b88a-feeaa4ed935b"": ""458"", ""3a8d41bf-c835-4b4d-9ed9-5a46b3209de6"": ""457"", ""f94541ca-5ac3-49ec-ad7c-dc75482a310c"": ""447"", ""65765d75-3545-4e13-b4fe-4be8ea55c9de"": ""400"", ""65821d3d-639e-473d-af80-bb1cc990db0b"": {""distance"": ""392"", ""par"": ""5""}}"
cd4d588f-fd53-4399-aa9d-b15784dd70f6,9b95d42b-0f8a-41ff-adc7-eb7765b0b8f4,11,4,"{""23494fde-c222-42d6-b88a-feeaa4ed935b"": ""393"", ""3a8d41bf-c835-4b4d-9ed9-5a46b3209de6"": ""395"", ""f94541ca-5ac3-49ec-ad7c-dc75482a310c"": ""382"", ""65765d75-3545-4e13-b4fe-4be8ea55c9de"": ""330"", ""65821d3d-639e-473d-af80-bb1cc990db0b"": {""distance"": ""323"", ""par"": ""4""}}"
cd4d588f-fd53-4399-aa9d-b15784dd70f6,9b95d42b-0f8a-41ff-adc7-eb7765b0b8f4,12,3,"{""23494fde-c222-42d6-b88a-feeaa4ed935b"": ""133"", ""3a8d41bf-c835-4b4d-9ed9-5a46b3209de6"": ""134"", ""f94541ca-5ac3-49ec-ad7c-dc75482a310c"": ""128"", ""65765d75-3545-4e13-b4fe-4be8ea55c9de"": ""118"", ""65821d3d-639e-473d-af80-bb1cc990db0b"": {""distance"": ""103"", ""par"": ""3""}}"
cd4d588f-fd53-4399-aa9d-b15784dd70f6,9b95d42b-0f8a-41ff-adc7-eb7765b0b8f4,13,4,"{""23494fde-c222-42d6-b88a-feeaa4ed935b"": ""410"", ""3a8d41bf-c835-4b4d-9ed9-5a46b3209de6"": ""409"", ""f94541ca-5ac3-49ec-ad7c-dc75482a310c"": ""399"", ""65765d75-3545-4e13-b4fe-4be8ea55c9de"": ""330"", ""65821d3d-639e-473d-af80-bb1cc990db0b"": {""distance"": ""323"", ""par"": ""4""}}"
cd4d588f-fd53-4399-aa9d-b15784dd70f6,9b95d42b-0f8a-41ff-adc7-eb7765b0b8f4,14,5,"{""23494fde-c222-42d6-b88a-feeaa4ed935b"": ""496"", ""3a8d41bf-c835-4b4d-9ed9-5a46b3209de6"": ""497"", ""f94541ca-5ac3-49ec-ad7c-dc75482a310c"": ""487"", ""65765d75-3545-4e13-b4fe-4be8ea55c9de"": ""452"", ""65821d3d-639e-473d-af80-bb1cc990db0b"": {""distance"": ""440"", ""par"": ""5""}}"
cd4d588f-fd53-4399-aa9d-b15784dd70f6,9b95d42b-0f8a-41ff-adc7-eb7765b0b8f4,15,3,"{""23494fde-c222-42d6-b88a-feeaa4ed935b"": ""223"", ""3a8d41bf-c835-4b4d-9ed9-5a46b3209de6"": ""212"", ""f94541ca-5ac3-49ec-ad7c-dc75482a310c"": ""185"", ""65765d75-3545-4e13-b4fe-4be8ea55c9de"": ""175"", ""65821d3d-639e-473d-af80-bb1cc990db0b"": {""distance"": ""164"", ""par"": ""3""}}"
cd4d588f-fd53-4399-aa9d-b15784dd70f6,9b95d42b-0f8a-41ff-adc7-eb7765b0b8f4,16,5,"{""23494fde-c222-42d6-b88a-feeaa4ed935b"": ""485"", ""3a8d41bf-c835-4b4d-9ed9-5a46b3209de6"": ""487"", ""f94541ca-5ac3-49ec-ad7c-dc75482a310c"": ""480"", ""65765d75-3545-4e13-b4fe-4be8ea55c9de"": ""438"", ""65821d3d-639e-473d-af80-bb1cc990db0b"": {""distance"": ""431"", ""par"": ""5""}}"
cd4d588f-fd53-4399-aa9d-b15784dd70f6,9b95d42b-0f8a-41ff-adc7-eb7765b0b8f4,17,3,"{""23494fde-c222-42d6-b88a-feeaa4ed935b"": ""183"", ""3a8d41bf-c835-4b4d-9ed9-5a46b3209de6"": ""184"", ""f94541ca-5ac3-49ec-ad7c-dc75482a310c"": ""177"", ""65765d75-3545-4e13-b4fe-4be8ea55c9de"": ""146"", ""65821d3d-639e-473d-af80-bb1cc990db0b"": {""distance"": ""142"", ""par"": ""3""}}"
cd4d588f-fd53-4399-aa9d-b15784dd70f6,9b95d42b-0f8a-41ff-adc7-eb7765b0b8f4,18,4,"{""23494fde-c222-42d6-b88a-feeaa4ed935b"": ""353"", ""3a8d41bf-c835-4b4d-9ed9-5a46b3209de6"": ""350"", ""f94541ca-5ac3-49ec-ad7c-dc75482a310c"": ""341"", ""65765d75-3545-4e13-b4fe-4be8ea55c9de"": ""296"", ""65821d3d-639e-473d-af80-bb1cc990db0b"": {""distance"": ""291"", ""par"": ""4""}}"
2b89fc6a-10ad-4308-a417-6c996c75ea6e,675004f1-d448-4664-8d62-065a3cf8586d,1,5,"{""f4f13447-84a2-4012-a9f3-9a0ef9951e56"": ""455"", ""f55d171a-1979-44b0-8730-f9954426a398"": ""440"", ""e6cb2da0-df47-4b7c-8bac-38dd549dd309"": ""434"", ""2ef87b73-b575-4f6b-8faf-a41a4d6844d5"": {""distance"": ""421"", ""par"": ""5""}}"
2b89fc6a-10ad-4308-a417-6c996c75ea6e,675004f1-d448-4664-8d62-065a3cf8586d,2,4,"{""f4f13447-84a2-4012-a9f3-9a0ef9951e56"": ""380"", ""f55d171a-1979-44b0-8730-f9954426a398"": ""355"", ""e6cb2da0-df47-4b7c-8bac-38dd549dd309"": ""336"", ""2ef87b73-b575-4f6b-8faf-a41a4d6844d5"": {""distance"": ""316"", ""par"": ""4""}}"
2b89fc6a-10ad-4308-a417-6c996c75ea6e,675004f1-d448-4664-8d62-065a3cf8586d,3,4,"{""f4f13447-84a2-4012-a9f3-9a0ef9951e56"": ""369"", ""f55d171a-1979-44b0-8730-f9954426a398"": ""335"", ""e6cb2da0-df47-4b7c-8bac-38dd549dd309"": ""300"", ""2ef87b73-b575-4f6b-8faf-a41a4d6844d5"": {""distance"": ""300"", ""par"": ""4""}}"
2b89fc6a-10ad-4308-a417-6c996c75ea6e,675004f1-d448-4664-8d62-065a3cf8586d,4,3,"{""f4f13447-84a2-4012-a9f3-9a0ef9951e56"": ""131"", ""f55d171a-1979-44b0-8730-f9954426a398"": ""125"", ""e6cb2da0-df47-4b7c-8bac-38dd549dd309"": ""109"", ""2ef87b73-b575-4f6b-8faf-a41a4d6844d5"": {""distance"": ""101"", ""par"": ""3""}}"
2b89fc6a-10ad-4308-a417-6c996c75ea6e,675004f1-d448-4664-8d62-065a3cf8586d,5,4,"{""f4f13447-84a2-4012-a9f3-9a0ef9951e56"": ""329"", ""f55d171a-1979-44b0-8730-f9954426a398"": ""301"", ""e6cb2da0-df47-4b7c-8bac-38dd549dd309"": ""257"", ""2ef87b73-b575-4f6b-8faf-a41a4d6844d5"": {""distance"": ""257"", ""par"": ""4""}}"
2b89fc6a-10ad-4308-a417-6c996c75ea6e,675004f1-d448-4664-8d62-065a3cf8586d,6,4,"{""f4f13447-84a2-4012-a9f3-9a0ef9951e56"": ""377"", ""f55d171a-1979-44b0-8730-f9954426a398"": ""369"", ""e6cb2da0-df47-4b7c-8bac-38dd549dd309"": ""357"", ""2ef87b73-b575-4f6b-8faf-a41a4d6844d5"": {""distance"": ""296"", ""par"": ""4""}}"
2b89fc6a-10ad-4308-a417-6c996c75ea6e,675004f1-d448-4664-8d62-065a3cf8586d,7,3,"{""f4f13447-84a2-4012-a9f3-9a0ef9951e56"": ""168"", ""f55d171a-1979-44b0-8730-f9954426a398"": ""150"", ""e6cb2da0-df47-4b7c-8bac-38dd549dd309"": ""114"", ""2ef87b73-b575-4f6b-8faf-a41a4d6844d5"": {""distance"": ""89"", ""par"": ""3""}}"
2b89fc6a-10ad-4308-a417-6c996c75ea6e,675004f1-d448-4664-8d62-065a3cf8586d,8,5,"{""f4f13447-84a2-4012-a9f3-9a0ef9951e56"": ""484"", ""f55d171a-1979-44b0-8730-f9954426a398"": ""449"", ""e6cb2da0-df47-4b7c-8bac-38dd549dd309"": ""410"", ""2ef87b73-b575-4f6b-8faf-a41a4d6844d5"": {""distance"": ""376"", ""par"": ""5""}}"
2b89fc6a-10ad-4308-a417-6c996c75ea6e,675004f1-d448-4664-8d62-065a3cf8586d,9,3,"{""f4f13447-84a2-4012-a9f3-9a0ef9951e56"": ""180"", ""f55d171a-1979-44b0-8730-f9954426a398"": ""165"", ""e6cb2da0-df47-4b7c-8bac-38dd549dd309"": ""145"", ""2ef87b73-b575-4f6b-8faf-a41a4d6844d5"": {""distance"": ""126"", ""par"": ""3""}}"
2b89fc6a-10ad-4308-a417-6c996c75ea6e,675004f1-d448-4664-8d62-065a3cf8586d,10,5,"{""f4f13447-84a2-4012-a9f3-9a0ef9951e56"": ""455"", ""f55d171a-1979-44b0-8730-f9954426a398"": ""440"", ""e6cb2da0-df47-4b7c-8bac-38dd549dd309"": ""434"", ""2ef87b73-b575-4f6b-8faf-a41a4d6844d5"": {""distance"": ""421"", ""par"": ""5""}}"
2b89fc6a-10ad-4308-a417-6c996c75ea6e,675004f1-d448-4664-8d62-065a3cf8586d,11,4,"{""f4f13447-84a2-4012-a9f3-9a0ef9951e56"": ""380"", ""f55d171a-1979-44b0-8730-f9954426a398"": ""355"", ""e6cb2da0-df47-4b7c-8bac-38dd549dd309"": ""336"", ""2ef87b73-b575-4f6b-8faf-a41a4d6844d5"": {""distance"": ""316"", ""par"": ""4""}}"
2b89fc6a-10ad-4308-a417-6c996c75ea6e,675004f1-d448-4664-8d62-065a3cf8586d,12,4,"{""f4f13447-84a2-4012-a9f3-9a0ef9951e56"": ""369"", ""f55d171a-1979-44b0-8730-f9954426a398"": ""335"", ""e6cb2da0-df47-4b7c-8bac-38dd549dd309"": ""300"", ""2ef87b73-b575-4f6b-8faf-a41a4d6844d5"": {""distance"": ""300"", ""par"": ""4""}}"
2b89fc6a-10ad-4308-a417-6c996c75ea6e,675004f1-d448-4664-8d62-065a3cf8586d,13,3,"{""f4f13447-84a2-4012-a9f3-9a0ef9951e56"": ""131"", ""f55d171a-1979-44b0-8730-f9954426a398"": ""125"", ""e6cb2da0-df47-4b7c-8bac-38dd549dd309"": ""109"", ""2ef87b73-b575-4f6b-8faf-a41a4d6844d5"": {""distance"": ""101"", ""par"": ""3""}}"
2b89fc6a-10ad-4308-a417-6c996c75ea6e,675004f1-d448-4664-8d62-065a3cf8586d,14,4,"{""f4f13447-84a2-4012-a9f3-9a0ef9951e56"": ""329"", ""f55d171a-1979-44b0-8730-f9954426a398"": ""301"", ""e6cb2da0-df47-4b7c-8bac-38dd549dd309"": ""257"", ""2ef87b73-b575-4f6b-8faf-a41a4d6844d5"": {""distance"": ""257"", ""par"": ""4""}}"
2b89fc6a-10ad-4308-a417-6c996c75ea6e,675004f1-d448-4664-8d62-065a3cf8586d,15,4,"{""f4f13447-84a2-4012-a9f3-9a0ef9951e56"": ""377"", ""f55d171a-1979-44b0-8730-f9954426a398"": ""369"", ""e6cb2da0-df47-4b7c-8bac-38dd549dd309"": ""357"", ""2ef87b73-b575-4f6b-8faf-a41a4d6844d5"": {""distance"": ""296"", ""par"": ""4""}}"
2b89fc6a-10ad-4308-a417-6c996c75ea6e,675004f1-d448-4664-8d62-065a3cf8586d,16,3,"{""f4f13447-84a2-4012-a9f3-9a0ef9951e56"": ""168"", ""f55d171a-1979-44b0-8730-f9954426a398"": ""150"", ""e6cb2da0-df47-4b7c-8bac-38dd549dd309"": ""114"", ""2ef87b73-b575-4f6b-8faf-a41a4d6844d5"": {""distance"": ""89"", ""par"": ""3""}}"
2b89fc6a-10ad-4308-a417-6c996c75ea6e,675004f1-d448-4664-8d62-065a3cf8586d,17,5,"{""f4f13447-84a2-4012-a9f3-9a0ef9951e56"": ""484"", ""f55d171a-1979-44b0-8730-f9954426a398"": ""449"", ""e6cb2da0-df47-4b7c-8bac-38dd549dd309"": ""410"", ""2ef87b73-b575-4f6b-8faf-a41a4d6844d5"": {""distance"": ""376"", ""par"": ""5""}}"
2b89fc6a-10ad-4308-a417-6c996c75ea6e,675004f1-d448-4664-8d62-065a3cf8586d,18,3,"{""f4f13447-84a2-4012-a9f3-9a0ef9951e56"": ""180"", ""f55d171a-1979-44b0-8730-f9954426a398"": ""165"", ""e6cb2da0-df47-4b7c-8bac-38dd549dd309"": ""145"", ""2ef87b73-b575-4f6b-8faf-a41a4d6844d5"": {""distance"": ""126"", ""par"": ""3""}}"
467b3f86-6405-420e-9649-c9dc0721db4e,675004f1-d448-4664-8d62-065a3cf8586d,1,4,"{""bbfb87ad-59ec-4f6a-8dd0-6e7f3ba1933d"": ""374"", ""a0018b12-70ea-4119-9699-34f4dc2b5dcf"": ""350"", ""b63008d5-4e7a-41a2-b36c-a1b090e8d6e2"": ""323"", ""6396a11a-ff7a-4776-a94a-72857aa1ccf8"": {""distance"": ""309"", ""par"": ""4""}}"
467b3f86-6405-420e-9649-c9dc0721db4e,675004f1-d448-4664-8d62-065a3cf8586d,2,3,"{""bbfb87ad-59ec-4f6a-8dd0-6e7f3ba1933d"": ""172"", ""a0018b12-70ea-4119-9699-34f4dc2b5dcf"": ""160"", ""b63008d5-4e7a-41a2-b36c-a1b090e8d6e2"": ""140"", ""6396a11a-ff7a-4776-a94a-72857aa1ccf8"": {""distance"": ""140"", ""par"": ""3""}}"
467b3f86-6405-420e-9649-c9dc0721db4e,675004f1-d448-4664-8d62-065a3cf8586d,3,5,"{""bbfb87ad-59ec-4f6a-8dd0-6e7f3ba1933d"": ""463"", ""a0018b12-70ea-4119-9699-34f4dc2b5dcf"": ""441"", ""b63008d5-4e7a-41a2-b36c-a1b090e8d6e2"": ""397"", ""6396a11a-ff7a-4776-a94a-72857aa1ccf8"": {""distance"": ""391"", ""par"": ""5""}}"
467b3f86-6405-420e-9649-c9dc0721db4e,675004f1-d448-4664-8d62-065a3cf8586d,4,5,"{""bbfb87ad-59ec-4f6a-8dd0-6e7f3ba1933d"": ""442"", ""a0018b12-70ea-4119-9699-34f4dc2b5dcf"": ""420"", ""b63008d5-4e7a-41a2-b36c-a1b090e8d6e2"": ""380"", ""6396a11a-ff7a-4776-a94a-72857aa1ccf8"": {""distance"": ""364"", ""par"": ""5""}}"
467b3f86-6405-420e-9649-c9dc0721db4e,675004f1-d448-4664-8d62-065a3cf8586d,5,3,"{""bbfb87ad-59ec-4f6a-8dd0-6e7f3ba1933d"": ""132"", ""a0018b12-70ea-4119-9699-34f4dc2b5dcf"": ""113"", ""b63008d5-4e7a-41a2-b36c-a1b090e8d6e2"": ""80"", ""6396a11a-ff7a-4776-a94a-72857aa1ccf8"": {""distance"": ""80"", ""par"": ""3""}}"
467b3f86-6405-420e-9649-c9dc0721db4e,675004f1-d448-4664-8d62-065a3cf8586d,6,4,"{""bbfb87ad-59ec-4f6a-8dd0-6e7f3ba1933d"": ""349"", ""a0018b12-70ea-4119-9699-34f4dc2b5dcf"": ""341"", ""b63008d5-4e7a-41a2-b36c-a1b090e8d6e2"": ""244"", ""6396a11a-ff7a-4776-a94a-72857aa1ccf8"": {""distance"": ""222"", ""par"": ""4""}}"
467b3f86-6405-420e-9649-c9dc0721db4e,675004f1-d448-4664-8d62-065a3cf8586d,7,4,"{""bbfb87ad-59ec-4f6a-8dd0-6e7f3ba1933d"": ""326"", ""a0018b12-70ea-4119-9699-34f4dc2b5dcf"": ""301"", ""b63008d5-4e7a-41a2-b36c-a1b090e8d6e2"": ""367"", ""6396a11a-ff7a-4776-a94a-72857aa1ccf8"": {""distance"": ""261"", ""par"": ""4""}}"
467b3f86-6405-420e-9649-c9dc0721db4e,675004f1-d448-4664-8d62-065a3cf8586d,8,4,"{""bbfb87ad-59ec-4f6a-8dd0-6e7f3ba1933d"": ""364"", ""a0018b12-70ea-4119-9699-34f4dc2b5dcf"": ""347"", ""b63008d5-4e7a-41a2-b36c-a1b090e8d6e2"": ""316"", ""6396a11a-ff7a-4776-a94a-72857aa1ccf8"": {""distance"": ""284"", ""par"": ""4""}}"
467b3f86-6405-420e-9649-c9dc0721db4e,675004f1-d448-4664-8d62-065a3cf8586d,9,4,"{""bbfb87ad-59ec-4f6a-8dd0-6e7f3ba1933d"": ""310"", ""a0018b12-70ea-4119-9699-34f4dc2b5dcf"": ""288"", ""b63008d5-4e7a-41a2-b36c-a1b090e8d6e2"": ""256"", ""6396a11a-ff7a-4776-a94a-72857aa1ccf8"": {""distance"": ""239"", ""par"": ""4""}}"
467b3f86-6405-420e-9649-c9dc0721db4e,675004f1-d448-4664-8d62-065a3cf8586d,10,4,"{""bbfb87ad-59ec-4f6a-8dd0-6e7f3ba1933d"": ""374"", ""a0018b12-70ea-4119-9699-34f4dc2b5dcf"": ""350"", ""b63008d5-4e7a-41a2-b36c-a1b090e8d6e2"": ""323"", ""6396a11a-ff7a-4776-a94a-72857aa1ccf8"": {""distance"": ""309"", ""par"": ""4""}}"
467b3f86-6405-420e-9649-c9dc0721db4e,675004f1-d448-4664-8d62-065a3cf8586d,11,3,"{""bbfb87ad-59ec-4f6a-8dd0-6e7f3ba1933d"": ""172"", ""a0018b12-70ea-4119-9699-34f4dc2b5dcf"": ""160"", ""b63008d5-4e7a-41a2-b36c-a1b090e8d6e2"": ""140"", ""6396a11a-ff7a-4776-a94a-72857aa1ccf8"": {""distance"": ""140"", ""par"": ""3""}}"
467b3f86-6405-420e-9649-c9dc0721db4e,675004f1-d448-4664-8d62-065a3cf8586d,12,5,"{""bbfb87ad-59ec-4f6a-8dd0-6e7f3ba1933d"": ""463"", ""a0018b12-70ea-4119-9699-34f4dc2b5dcf"": ""441"", ""b63008d5-4e7a-41a2-b36c-a1b090e8d6e2"": ""397"", ""6396a11a-ff7a-4776-a94a-72857aa1ccf8"": {""distance"": ""391"", ""par"": ""5""}}"
467b3f86-6405-420e-9649-c9dc0721db4e,675004f1-d448-4664-8d62-065a3cf8586d,13,5,"{""bbfb87ad-59ec-4f6a-8dd0-6e7f3ba1933d"": ""442"", ""a0018b12-70ea-4119-9699-34f4dc2b5dcf"": ""420"", ""b63008d5-4e7a-41a2-b36c-a1b090e8d6e2"": ""380"", ""6396a11a-ff7a-4776-a94a-72857aa1ccf8"": {""distance"": ""364"", ""par"": ""5""}}"
467b3f86-6405-420e-9649-c9dc0721db4e,675004f1-d448-4664-8d62-065a3cf8586d,14,3,"{""bbfb87ad-59ec-4f6a-8dd0-6e7f3ba1933d"": ""132"", ""a0018b12-70ea-4119-9699-34f4dc2b5dcf"": ""113"", ""b63008d5-4e7a-41a2-b36c-a1b090e8d6e2"": ""80"", ""6396a11a-ff7a-4776-a94a-72857aa1ccf8"": {""distance"": ""80"", ""par"": ""3""}}"
467b3f86-6405-420e-9649-c9dc0721db4e,675004f1-d448-4664-8d62-065a3cf8586d,15,4,"{""bbfb87ad-59ec-4f6a-8dd0-6e7f3ba1933d"": ""349"", ""a0018b12-70ea-4119-9699-34f4dc2b5dcf"": ""341"", ""b63008d5-4e7a-41a2-b36c-a1b090e8d6e2"": ""244"", ""6396a11a-ff7a-4776-a94a-72857aa1ccf8"": {""distance"": ""222"", ""par"": ""4""}}"
467b3f86-6405-420e-9649-c9dc0721db4e,675004f1-d448-4664-8d62-065a3cf8586d,16,4,"{""bbfb87ad-59ec-4f6a-8dd0-6e7f3ba1933d"": ""326"", ""a0018b12-70ea-4119-9699-34f4dc2b5dcf"": ""301"", ""b63008d5-4e7a-41a2-b36c-a1b090e8d6e2"": ""367"", ""6396a11a-ff7a-4776-a94a-72857aa1ccf8"": {""distance"": ""261"", ""par"": ""4""}}"
467b3f86-6405-420e-9649-c9dc0721db4e,675004f1-d448-4664-8d62-065a3cf8586d,17,4,"{""bbfb87ad-59ec-4f6a-8dd0-6e7f3ba1933d"": ""364"", ""a0018b12-70ea-4119-9699-34f4dc2b5dcf"": ""347"", ""b63008d5-4e7a-41a2-b36c-a1b090e8d6e2"": ""316"", ""6396a11a-ff7a-4776-a94a-72857aa1ccf8"": {""distance"": ""284"", ""par"": ""4""}}"
467b3f86-6405-420e-9649-c9dc0721db4e,675004f1-d448-4664-8d62-065a3cf8586d,18,4,"{""bbfb87ad-59ec-4f6a-8dd0-6e7f3ba1933d"": ""310"", ""a0018b12-70ea-4119-9699-34f4dc2b5dcf"": ""288"", ""b63008d5-4e7a-41a2-b36c-a1b090e8d6e2"": ""256"", ""6396a11a-ff7a-4776-a94a-72857aa1ccf8"": {""distance"": ""239"", ""par"": ""4""}}"
9f5f3878-a169-49e2-b5a8-a0018a24ae7d,675004f1-d448-4664-8d62-065a3cf8586d,1,4,"{""c542c80a-1e98-4f5d-bb4b-0caddacd5ba1"": ""455"", ""7b070109-f417-4e75-bc1d-fdfe40c9b7ae"": ""344"", ""76c3ad71-6316-4353-b039-9cc8f1dac809"": ""434"", ""693f1516-6eb2-45f1-94ce-728502d778e0"": {""distance"": ""421"", ""par"": ""4""}}"
9f5f3878-a169-49e2-b5a8-a0018a24ae7d,675004f1-d448-4664-8d62-065a3cf8586d,2,3,"{""c542c80a-1e98-4f5d-bb4b-0caddacd5ba1"": ""380"", ""7b070109-f417-4e75-bc1d-fdfe40c9b7ae"": ""153"", ""76c3ad71-6316-4353-b039-9cc8f1dac809"": ""336"", ""693f1516-6eb2-45f1-94ce-728502d778e0"": {""distance"": ""316"", ""par"": ""3""}}"
9f5f3878-a169-49e2-b5a8-a0018a24ae7d,675004f1-d448-4664-8d62-065a3cf8586d,3,4,"{""c542c80a-1e98-4f5d-bb4b-0caddacd5ba1"": ""369"", ""7b070109-f417-4e75-bc1d-fdfe40c9b7ae"": ""351"", ""76c3ad71-6316-4353-b039-9cc8f1dac809"": ""300"", ""693f1516-6eb2-45f1-94ce-728502d778e0"": {""distance"": ""300"", ""par"": ""4""}}"
9f5f3878-a169-49e2-b5a8-a0018a24ae7d,675004f1-d448-4664-8d62-065a3cf8586d,4,5,"{""c542c80a-1e98-4f5d-bb4b-0caddacd5ba1"": ""131"", ""7b070109-f417-4e75-bc1d-fdfe40c9b7ae"": ""422"", ""76c3ad71-6316-4353-b039-9cc8f1dac809"": ""109"", ""693f1516-6eb2-45f1-94ce-728502d778e0"": {""distance"": ""101"", ""par"": ""5""}}"
9f5f3878-a169-49e2-b5a8-a0018a24ae7d,675004f1-d448-4664-8d62-065a3cf8586d,5,4,"{""c542c80a-1e98-4f5d-bb4b-0caddacd5ba1"": ""329"", ""7b070109-f417-4e75-bc1d-fdfe40c9b7ae"": ""368"", ""76c3ad71-6316-4353-b039-9cc8f1dac809"": ""257"", ""693f1516-6eb2-45f1-94ce-728502d778e0"": {""distance"": ""257"", ""par"": ""4""}}"
9f5f3878-a169-49e2-b5a8-a0018a24ae7d,675004f1-d448-4664-8d62-065a3cf8586d,6,4,"{""c542c80a-1e98-4f5d-bb4b-0caddacd5ba1"": ""377"", ""7b070109-f417-4e75-bc1d-fdfe40c9b7ae"": ""312"", ""76c3ad71-6316-4353-b039-9cc8f1dac809"": ""357"", ""693f1516-6eb2-45f1-94ce-728502d778e0"": {""distance"": ""296"", ""par"": ""4""}}"
9f5f3878-a169-49e2-b5a8-a0018a24ae7d,675004f1-d448-4664-8d62-065a3cf8586d,7,3,"{""c542c80a-1e98-4f5d-bb4b-0caddacd5ba1"": ""168"", ""7b070109-f417-4e75-bc1d-fdfe40c9b7ae"": ""160"", ""76c3ad71-6316-4353-b039-9cc8f1dac809"": ""114"", ""693f1516-6eb2-45f1-94ce-728502d778e0"": {""distance"": ""89"", ""par"": ""3""}}"
9f5f3878-a169-49e2-b5a8-a0018a24ae7d,675004f1-d448-4664-8d62-065a3cf8586d,8,5,"{""c542c80a-1e98-4f5d-bb4b-0caddacd5ba1"": ""484"", ""7b070109-f417-4e75-bc1d-fdfe40c9b7ae"": ""413"", ""76c3ad71-6316-4353-b039-9cc8f1dac809"": ""410"", ""693f1516-6eb2-45f1-94ce-728502d778e0"": {""distance"": ""376"", ""par"": ""5""}}"
9f5f3878-a169-49e2-b5a8-a0018a24ae7d,675004f1-d448-4664-8d62-065a3cf8586d,9,4,"{""c542c80a-1e98-4f5d-bb4b-0caddacd5ba1"": ""180"", ""7b070109-f417-4e75-bc1d-fdfe40c9b7ae"": ""318"", ""76c3ad71-6316-4353-b039-9cc8f1dac809"": ""145"", ""693f1516-6eb2-45f1-94ce-728502d778e0"": {""distance"": ""126"", ""par"": ""4""}}"
9f5f3878-a169-49e2-b5a8-a0018a24ae7d,675004f1-d448-4664-8d62-065a3cf8586d,10,4,"{""c542c80a-1e98-4f5d-bb4b-0caddacd5ba1"": ""455"", ""7b070109-f417-4e75-bc1d-fdfe40c9b7ae"": ""344"", ""76c3ad71-6316-4353-b039-9cc8f1dac809"": ""434"", ""693f1516-6eb2-45f1-94ce-728502d778e0"": {""distance"": ""421"", ""par"": ""4""}}"
9f5f3878-a169-49e2-b5a8-a0018a24ae7d,675004f1-d448-4664-8d62-065a3cf8586d,11,3,"{""c542c80a-1e98-4f5d-bb4b-0caddacd5ba1"": ""380"", ""7b070109-f417-4e75-bc1d-fdfe40c9b7ae"": ""153"", ""76c3ad71-6316-4353-b039-9cc8f1dac809"": ""336"", ""693f1516-6eb2-45f1-94ce-728502d778e0"": {""distance"": ""316"", ""par"": ""3""}}"
9f5f3878-a169-49e2-b5a8-a0018a24ae7d,675004f1-d448-4664-8d62-065a3cf8586d,12,4,"{""c542c80a-1e98-4f5d-bb4b-0caddacd5ba1"": ""369"", ""7b070109-f417-4e75-bc1d-fdfe40c9b7ae"": ""351"", ""76c3ad71-6316-4353-b039-9cc8f1dac809"": ""300"", ""693f1516-6eb2-45f1-94ce-728502d778e0"": {""distance"": ""300"", ""par"": ""4""}}"
9f5f3878-a169-49e2-b5a8-a0018a24ae7d,675004f1-d448-4664-8d62-065a3cf8586d,13,5,"{""c542c80a-1e98-4f5d-bb4b-0caddacd5ba1"": ""131"", ""7b070109-f417-4e75-bc1d-fdfe40c9b7ae"": ""422"", ""76c3ad71-6316-4353-b039-9cc8f1dac809"": ""109"", ""693f1516-6eb2-45f1-94ce-728502d778e0"": {""distance"": ""101"", ""par"": ""5""}}"
9f5f3878-a169-49e2-b5a8-a0018a24ae7d,675004f1-d448-4664-8d62-065a3cf8586d,14,4,"{""c542c80a-1e98-4f5d-bb4b-0caddacd5ba1"": ""329"", ""7b070109-f417-4e75-bc1d-fdfe40c9b7ae"": ""368"", ""76c3ad71-6316-4353-b039-9cc8f1dac809"": ""257"", ""693f1516-6eb2-45f1-94ce-728502d778e0"": {""distance"": ""257"", ""par"": ""4""}}"
9f5f3878-a169-49e2-b5a8-a0018a24ae7d,675004f1-d448-4664-8d62-065a3cf8586d,15,4,"{""c542c80a-1e98-4f5d-bb4b-0caddacd5ba1"": ""377"", ""7b070109-f417-4e75-bc1d-fdfe40c9b7ae"": ""312"", ""76c3ad71-6316-4353-b039-9cc8f1dac809"": ""357"", ""693f1516-6eb2-45f1-94ce-728502d778e0"": {""distance"": ""296"", ""par"": ""4""}}"
9f5f3878-a169-49e2-b5a8-a0018a24ae7d,675004f1-d448-4664-8d62-065a3cf8586d,16,3,"{""c542c80a-1e98-4f5d-bb4b-0caddacd5ba1"": ""168"", ""7b070109-f417-4e75-bc1d-fdfe40c9b7ae"": ""160"", ""76c3ad71-6316-4353-b039-9cc8f1dac809"": ""114"", ""693f1516-6eb2-45f1-94ce-728502d778e0"": {""distance"": ""89"", ""par"": ""3""}}"
9f5f3878-a169-49e2-b5a8-a0018a24ae7d,675004f1-d448-4664-8d62-065a3cf8586d,17,5,"{""c542c80a-1e98-4f5d-bb4b-0caddacd5ba1"": ""484"", ""7b070109-f417-4e75-bc1d-fdfe40c9b7ae"": ""413"", ""76c3ad71-6316-4353-b039-9cc8f1dac809"": ""410"", ""693f1516-6eb2-45f1-94ce-728502d778e0"": {""distance"": ""376"", ""par"": ""5""}}"
9f5f3878-a169-49e2-b5a8-a0018a24ae7d,675004f1-d448-4664-8d62-065a3cf8586d,18,4,"{""c542c80a-1e98-4f5d-bb4b-0caddacd5ba1"": ""180"", ""7b070109-f417-4e75-bc1d-fdfe40c9b7ae"": ""318"", ""76c3ad71-6316-4353-b039-9cc8f1dac809"": ""145"", ""693f1516-6eb2-45f1-94ce-728502d778e0"": {""distance"": ""126"", ""par"": ""4""}}"
8cd273cc-1765-4ea7-bd3b-fec37f278d26,675004f1-d448-4664-8d62-065a3cf8586d,1,5,"{""bb5816ce-fc56-4223-a3e2-f5ce52172460"": ""455"", ""1af88d01-701c-4e00-840e-16ed9675ea7d"": ""440"", ""955f8cb9-2ee3-4703-8a44-3fc050025042"": ""434"", ""f405bd1d-c1a7-479d-ac9c-d5b759a38648"": {""distance"": ""421"", ""par"": ""5""}}"
8cd273cc-1765-4ea7-bd3b-fec37f278d26,675004f1-d448-4664-8d62-065a3cf8586d,2,4,"{""bb5816ce-fc56-4223-a3e2-f5ce52172460"": ""380"", ""1af88d01-701c-4e00-840e-16ed9675ea7d"": ""355"", ""955f8cb9-2ee3-4703-8a44-3fc050025042"": ""336"", ""f405bd1d-c1a7-479d-ac9c-d5b759a38648"": {""distance"": ""316"", ""par"": ""4""}}"
8cd273cc-1765-4ea7-bd3b-fec37f278d26,675004f1-d448-4664-8d62-065a3cf8586d,3,4,"{""bb5816ce-fc56-4223-a3e2-f5ce52172460"": ""369"", ""1af88d01-701c-4e00-840e-16ed9675ea7d"": ""335"", ""955f8cb9-2ee3-4703-8a44-3fc050025042"": ""300"", ""f405bd1d-c1a7-479d-ac9c-d5b759a38648"": {""distance"": ""300"", ""par"": ""4""}}"
8cd273cc-1765-4ea7-bd3b-fec37f278d26,675004f1-d448-4664-8d62-065a3cf8586d,4,3,"{""bb5816ce-fc56-4223-a3e2-f5ce52172460"": ""131"", ""1af88d01-701c-4e00-840e-16ed9675ea7d"": ""125"", ""955f8cb9-2ee3-4703-8a44-3fc050025042"": ""109"", ""f405bd1d-c1a7-479d-ac9c-d5b759a38648"": {""distance"": ""101"", ""par"": ""3""}}"
8cd273cc-1765-4ea7-bd3b-fec37f278d26,675004f1-d448-4664-8d62-065a3cf8586d,5,4,"{""bb5816ce-fc56-4223-a3e2-f5ce52172460"": ""329"", ""1af88d01-701c-4e00-840e-16ed9675ea7d"": ""301"", ""955f8cb9-2ee3-4703-8a44-3fc050025042"": ""257"", ""f405bd1d-c1a7-479d-ac9c-d5b759a38648"": {""distance"": ""257"", ""par"": ""4""}}"
8cd273cc-1765-4ea7-bd3b-fec37f278d26,675004f1-d448-4664-8d62-065a3cf8586d,6,4,"{""bb5816ce-fc56-4223-a3e2-f5ce52172460"": ""377"", ""1af88d01-701c-4e00-840e-16ed9675ea7d"": ""369"", ""955f8cb9-2ee3-4703-8a44-3fc050025042"": ""357"", ""f405bd1d-c1a7-479d-ac9c-d5b759a38648"": {""distance"": ""296"", ""par"": ""4""}}"
8cd273cc-1765-4ea7-bd3b-fec37f278d26,675004f1-d448-4664-8d62-065a3cf8586d,7,3,"{""bb5816ce-fc56-4223-a3e2-f5ce52172460"": ""168"", ""1af88d01-701c-4e00-840e-16ed9675ea7d"": ""150"", ""955f8cb9-2ee3-4703-8a44-3fc050025042"": ""114"", ""f405bd1d-c1a7-479d-ac9c-d5b759a38648"": {""distance"": ""89"", ""par"": ""3""}}"
8cd273cc-1765-4ea7-bd3b-fec37f278d26,675004f1-d448-4664-8d62-065a3cf8586d,8,5,"{""bb5816ce-fc56-4223-a3e2-f5ce52172460"": ""484"", ""1af88d01-701c-4e00-840e-16ed9675ea7d"": ""449"", ""955f8cb9-2ee3-4703-8a44-3fc050025042"": ""410"", ""f405bd1d-c1a7-479d-ac9c-d5b759a38648"": {""distance"": ""376"", ""par"": ""5""}}"
8cd273cc-1765-4ea7-bd3b-fec37f278d26,675004f1-d448-4664-8d62-065a3cf8586d,9,3,"{""bb5816ce-fc56-4223-a3e2-f5ce52172460"": ""180"", ""1af88d01-701c-4e00-840e-16ed9675ea7d"": ""165"", ""955f8cb9-2ee3-4703-8a44-3fc050025042"": ""145"", ""f405bd1d-c1a7-479d-ac9c-d5b759a38648"": {""distance"": ""126"", ""par"": ""3""}}"
8cd273cc-1765-4ea7-bd3b-fec37f278d26,675004f1-d448-4664-8d62-065a3cf8586d,10,4,"{""bb5816ce-fc56-4223-a3e2-f5ce52172460"": ""374"", ""1af88d01-701c-4e00-840e-16ed9675ea7d"": ""350"", ""955f8cb9-2ee3-4703-8a44-3fc050025042"": ""323"", ""f405bd1d-c1a7-479d-ac9c-d5b759a38648"": {""distance"": ""309"", ""par"": ""4""}}"
8cd273cc-1765-4ea7-bd3b-fec37f278d26,675004f1-d448-4664-8d62-065a3cf8586d,11,3,"{""bb5816ce-fc56-4223-a3e2-f5ce52172460"": ""172"", ""1af88d01-701c-4e00-840e-16ed9675ea7d"": ""160"", ""955f8cb9-2ee3-4703-8a44-3fc050025042"": ""140"", ""f405bd1d-c1a7-479d-ac9c-d5b759a38648"": {""distance"": ""140"", ""par"": ""3""}}"
8cd273cc-1765-4ea7-bd3b-fec37f278d26,675004f1-d448-4664-8d62-065a3cf8586d,12,5,"{""bb5816ce-fc56-4223-a3e2-f5ce52172460"": ""463"", ""1af88d01-701c-4e00-840e-16ed9675ea7d"": ""441"", ""955f8cb9-2ee3-4703-8a44-3fc050025042"": ""397"", ""f405bd1d-c1a7-479d-ac9c-d5b759a38648"": {""distance"": ""391"", ""par"": ""5""}}"
8cd273cc-1765-4ea7-bd3b-fec37f278d26,675004f1-d448-4664-8d62-065a3cf8586d,13,5,"{""bb5816ce-fc56-4223-a3e2-f5ce52172460"": ""442"", ""1af88d01-701c-4e00-840e-16ed9675ea7d"": ""420"", ""955f8cb9-2ee3-4703-8a44-3fc050025042"": ""380"", ""f405bd1d-c1a7-479d-ac9c-d5b759a38648"": {""distance"": ""364"", ""par"": ""5""}}"
8cd273cc-1765-4ea7-bd3b-fec37f278d26,675004f1-d448-4664-8d62-065a3cf8586d,14,3,"{""bb5816ce-fc56-4223-a3e2-f5ce52172460"": ""132"", ""1af88d01-701c-4e00-840e-16ed9675ea7d"": ""113"", ""955f8cb9-2ee3-4703-8a44-3fc050025042"": ""80"", ""f405bd1d-c1a7-479d-ac9c-d5b759a38648"": {""distance"": ""80"", ""par"": ""3""}}"
8cd273cc-1765-4ea7-bd3b-fec37f278d26,675004f1-d448-4664-8d62-065a3cf8586d,15,4,"{""bb5816ce-fc56-4223-a3e2-f5ce52172460"": ""349"", ""1af88d01-701c-4e00-840e-16ed9675ea7d"": ""341"", ""955f8cb9-2ee3-4703-8a44-3fc050025042"": ""244"", ""f405bd1d-c1a7-479d-ac9c-d5b759a38648"": {""distance"": ""222"", ""par"": ""4""}}"
8cd273cc-1765-4ea7-bd3b-fec37f278d26,675004f1-d448-4664-8d62-065a3cf8586d,16,4,"{""bb5816ce-fc56-4223-a3e2-f5ce52172460"": ""326"", ""1af88d01-701c-4e00-840e-16ed9675ea7d"": ""301"", ""955f8cb9-2ee3-4703-8a44-3fc050025042"": ""367"", ""f405bd1d-c1a7-479d-ac9c-d5b759a38648"": {""distance"": ""261"", ""par"": ""4""}}"
8cd273cc-1765-4ea7-bd3b-fec37f278d26,675004f1-d448-4664-8d62-065a3cf8586d,17,4,"{""bb5816ce-fc56-4223-a3e2-f5ce52172460"": ""364"", ""1af88d01-701c-4e00-840e-16ed9675ea7d"": ""347"", ""955f8cb9-2ee3-4703-8a44-3fc050025042"": ""316"", ""f405bd1d-c1a7-479d-ac9c-d5b759a38648"": {""distance"": ""284"", ""par"": ""4""}}"
8cd273cc-1765-4ea7-bd3b-fec37f278d26,675004f1-d448-4664-8d62-065a3cf8586d,18,4,"{""bb5816ce-fc56-4223-a3e2-f5ce52172460"": ""310"", ""1af88d01-701c-4e00-840e-16ed9675ea7d"": ""288"", ""955f8cb9-2ee3-4703-8a44-3fc050025042"": ""256"", ""f405bd1d-c1a7-479d-ac9c-d5b759a38648"": {""distance"": ""239"", ""par"": ""4""}}"
8c789882-226f-4b3e-a25d-6cd8bc46689a,675004f1-d448-4664-8d62-065a3cf8586d,1,5,"{""2ad94faa-8be1-49dc-901b-36748e73b7cd"": ""455"", ""ce8b6071-0df1-4dea-958e-4b74818dfc1f"": ""440"", ""895caa8e-4b05-48b0-bff7-72a089aa6216"": ""434"", ""a4137428-e770-47eb-b9b6-36b41a1cb0de"": {""distance"": ""421"", ""par"": ""5""}}"
8c789882-226f-4b3e-a25d-6cd8bc46689a,675004f1-d448-4664-8d62-065a3cf8586d,2,4,"{""2ad94faa-8be1-49dc-901b-36748e73b7cd"": ""380"", ""ce8b6071-0df1-4dea-958e-4b74818dfc1f"": ""355"", ""895caa8e-4b05-48b0-bff7-72a089aa6216"": ""336"", ""a4137428-e770-47eb-b9b6-36b41a1cb0de"": {""distance"": ""316"", ""par"": ""4""}}"
8c789882-226f-4b3e-a25d-6cd8bc46689a,675004f1-d448-4664-8d62-065a3cf8586d,3,4,"{""2ad94faa-8be1-49dc-901b-36748e73b7cd"": ""369"", ""ce8b6071-0df1-4dea-958e-4b74818dfc1f"": ""335"", ""895caa8e-4b05-48b0-bff7-72a089aa6216"": ""300"", ""a4137428-e770-47eb-b9b6-36b41a1cb0de"": {""distance"": ""300"", ""par"": ""4""}}"
8c789882-226f-4b3e-a25d-6cd8bc46689a,675004f1-d448-4664-8d62-065a3cf8586d,4,3,"{""2ad94faa-8be1-49dc-901b-36748e73b7cd"": ""131"", ""ce8b6071-0df1-4dea-958e-4b74818dfc1f"": ""125"", ""895caa8e-4b05-48b0-bff7-72a089aa6216"": ""109"", ""a4137428-e770-47eb-b9b6-36b41a1cb0de"": {""distance"": ""101"", ""par"": ""3""}}"
8c789882-226f-4b3e-a25d-6cd8bc46689a,675004f1-d448-4664-8d62-065a3cf8586d,5,4,"{""2ad94faa-8be1-49dc-901b-36748e73b7cd"": ""329"", ""ce8b6071-0df1-4dea-958e-4b74818dfc1f"": ""301"", ""895caa8e-4b05-48b0-bff7-72a089aa6216"": ""257"", ""a4137428-e770-47eb-b9b6-36b41a1cb0de"": {""distance"": ""257"", ""par"": ""4""}}"
8c789882-226f-4b3e-a25d-6cd8bc46689a,675004f1-d448-4664-8d62-065a3cf8586d,6,4,"{""2ad94faa-8be1-49dc-901b-36748e73b7cd"": ""377"", ""ce8b6071-0df1-4dea-958e-4b74818dfc1f"": ""369"", ""895caa8e-4b05-48b0-bff7-72a089aa6216"": ""357"", ""a4137428-e770-47eb-b9b6-36b41a1cb0de"": {""distance"": ""296"", ""par"": ""4""}}"
8c789882-226f-4b3e-a25d-6cd8bc46689a,675004f1-d448-4664-8d62-065a3cf8586d,7,3,"{""2ad94faa-8be1-49dc-901b-36748e73b7cd"": ""168"", ""ce8b6071-0df1-4dea-958e-4b74818dfc1f"": ""150"", ""895caa8e-4b05-48b0-bff7-72a089aa6216"": ""114"", ""a4137428-e770-47eb-b9b6-36b41a1cb0de"": {""distance"": ""89"", ""par"": ""3""}}"
8c789882-226f-4b3e-a25d-6cd8bc46689a,675004f1-d448-4664-8d62-065a3cf8586d,8,5,"{""2ad94faa-8be1-49dc-901b-36748e73b7cd"": ""484"", ""ce8b6071-0df1-4dea-958e-4b74818dfc1f"": ""449"", ""895caa8e-4b05-48b0-bff7-72a089aa6216"": ""410"", ""a4137428-e770-47eb-b9b6-36b41a1cb0de"": {""distance"": ""376"", ""par"": ""5""}}"
8c789882-226f-4b3e-a25d-6cd8bc46689a,675004f1-d448-4664-8d62-065a3cf8586d,9,3,"{""2ad94faa-8be1-49dc-901b-36748e73b7cd"": ""180"", ""ce8b6071-0df1-4dea-958e-4b74818dfc1f"": ""165"", ""895caa8e-4b05-48b0-bff7-72a089aa6216"": ""145"", ""a4137428-e770-47eb-b9b6-36b41a1cb0de"": {""distance"": ""126"", ""par"": ""3""}}"
8c789882-226f-4b3e-a25d-6cd8bc46689a,675004f1-d448-4664-8d62-065a3cf8586d,10,4,"{""2ad94faa-8be1-49dc-901b-36748e73b7cd"": ""455"", ""ce8b6071-0df1-4dea-958e-4b74818dfc1f"": ""344"", ""895caa8e-4b05-48b0-bff7-72a089aa6216"": ""434"", ""a4137428-e770-47eb-b9b6-36b41a1cb0de"": {""distance"": ""421"", ""par"": ""4""}}"
8c789882-226f-4b3e-a25d-6cd8bc46689a,675004f1-d448-4664-8d62-065a3cf8586d,11,3,"{""2ad94faa-8be1-49dc-901b-36748e73b7cd"": ""380"", ""ce8b6071-0df1-4dea-958e-4b74818dfc1f"": ""153"", ""895caa8e-4b05-48b0-bff7-72a089aa6216"": ""336"", ""a4137428-e770-47eb-b9b6-36b41a1cb0de"": {""distance"": ""316"", ""par"": ""3""}}"
8c789882-226f-4b3e-a25d-6cd8bc46689a,675004f1-d448-4664-8d62-065a3cf8586d,12,4,"{""2ad94faa-8be1-49dc-901b-36748e73b7cd"": ""369"", ""ce8b6071-0df1-4dea-958e-4b74818dfc1f"": ""351"", ""895caa8e-4b05-48b0-bff7-72a089aa6216"": ""300"", ""a4137428-e770-47eb-b9b6-36b41a1cb0de"": {""distance"": ""300"", ""par"": ""4""}}"
8c789882-226f-4b3e-a25d-6cd8bc46689a,675004f1-d448-4664-8d62-065a3cf8586d,13,5,"{""2ad94faa-8be1-49dc-901b-36748e73b7cd"": ""131"", ""ce8b6071-0df1-4dea-958e-4b74818dfc1f"": ""422"", ""895caa8e-4b05-48b0-bff7-72a089aa6216"": ""109"", ""a4137428-e770-47eb-b9b6-36b41a1cb0de"": {""distance"": ""101"", ""par"": ""5""}}"
8c789882-226f-4b3e-a25d-6cd8bc46689a,675004f1-d448-4664-8d62-065a3cf8586d,14,4,"{""2ad94faa-8be1-49dc-901b-36748e73b7cd"": ""329"", ""ce8b6071-0df1-4dea-958e-4b74818dfc1f"": ""368"", ""895caa8e-4b05-48b0-bff7-72a089aa6216"": ""257"", ""a4137428-e770-47eb-b9b6-36b41a1cb0de"": {""distance"": ""257"", ""par"": ""4""}}"
8c789882-226f-4b3e-a25d-6cd8bc46689a,675004f1-d448-4664-8d62-065a3cf8586d,15,4,"{""2ad94faa-8be1-49dc-901b-36748e73b7cd"": ""377"", ""ce8b6071-0df1-4dea-958e-4b74818dfc1f"": ""312"", ""895caa8e-4b05-48b0-bff7-72a089aa6216"": ""357"", ""a4137428-e770-47eb-b9b6-36b41a1cb0de"": {""distance"": ""296"", ""par"": ""4""}}"
8c789882-226f-4b3e-a25d-6cd8bc46689a,675004f1-d448-4664-8d62-065a3cf8586d,16,3,"{""2ad94faa-8be1-49dc-901b-36748e73b7cd"": ""168"", ""ce8b6071-0df1-4dea-958e-4b74818dfc1f"": ""160"", ""895caa8e-4b05-48b0-bff7-72a089aa6216"": ""114"", ""a4137428-e770-47eb-b9b6-36b41a1cb0de"": {""distance"": ""89"", ""par"": ""3""}}"
8c789882-226f-4b3e-a25d-6cd8bc46689a,675004f1-d448-4664-8d62-065a3cf8586d,17,5,"{""2ad94faa-8be1-49dc-901b-36748e73b7cd"": ""484"", ""ce8b6071-0df1-4dea-958e-4b74818dfc1f"": ""413"", ""895caa8e-4b05-48b0-bff7-72a089aa6216"": ""410"", ""a4137428-e770-47eb-b9b6-36b41a1cb0de"": {""distance"": ""376"", ""par"": ""5""}}"
8c789882-226f-4b3e-a25d-6cd8bc46689a,675004f1-d448-4664-8d62-065a3cf8586d,18,4,"{""2ad94faa-8be1-49dc-901b-36748e73b7cd"": ""180"", ""ce8b6071-0df1-4dea-958e-4b74818dfc1f"": ""318"", ""895caa8e-4b05-48b0-bff7-72a089aa6216"": ""145"", ""a4137428-e770-47eb-b9b6-36b41a1cb0de"": {""distance"": ""126"", ""par"": ""4""}}"
64b7e56f-dafb-4d9d-bf94-2ca4337b88cc,675004f1-d448-4664-8d62-065a3cf8586d,1,4,"{""444434af-219a-4449-8a5f-53549d9077b3"": ""374"", ""f2eacfe5-3a62-4a29-bf23-c0456f930076"": ""350"", ""f0fe7559-4dcc-4b26-a50a-711b0c513b6e"": ""323"", ""e3aa897a-100b-432d-a724-b37ef567c4ca"": {""distance"": ""309"", ""par"": ""4""}}"
64b7e56f-dafb-4d9d-bf94-2ca4337b88cc,675004f1-d448-4664-8d62-065a3cf8586d,2,3,"{""444434af-219a-4449-8a5f-53549d9077b3"": ""172"", ""f2eacfe5-3a62-4a29-bf23-c0456f930076"": ""160"", ""f0fe7559-4dcc-4b26-a50a-711b0c513b6e"": ""140"", ""e3aa897a-100b-432d-a724-b37ef567c4ca"": {""distance"": ""140"", ""par"": ""3""}}"
64b7e56f-dafb-4d9d-bf94-2ca4337b88cc,675004f1-d448-4664-8d62-065a3cf8586d,3,5,"{""444434af-219a-4449-8a5f-53549d9077b3"": ""463"", ""f2eacfe5-3a62-4a29-bf23-c0456f930076"": ""441"", ""f0fe7559-4dcc-4b26-a50a-711b0c513b6e"": ""397"", ""e3aa897a-100b-432d-a724-b37ef567c4ca"": {""distance"": ""391"", ""par"": ""5""}}"
64b7e56f-dafb-4d9d-bf94-2ca4337b88cc,675004f1-d448-4664-8d62-065a3cf8586d,4,5,"{""444434af-219a-4449-8a5f-53549d9077b3"": ""442"", ""f2eacfe5-3a62-4a29-bf23-c0456f930076"": ""420"", ""f0fe7559-4dcc-4b26-a50a-711b0c513b6e"": ""380"", ""e3aa897a-100b-432d-a724-b37ef567c4ca"": {""distance"": ""364"", ""par"": ""5""}}"
64b7e56f-dafb-4d9d-bf94-2ca4337b88cc,675004f1-d448-4664-8d62-065a3cf8586d,5,3,"{""444434af-219a-4449-8a5f-53549d9077b3"": ""132"", ""f2eacfe5-3a62-4a29-bf23-c0456f930076"": ""113"", ""f0fe7559-4dcc-4b26-a50a-711b0c513b6e"": ""80"", ""e3aa897a-100b-432d-a724-b37ef567c4ca"": {""distance"": ""80"", ""par"": ""3""}}"
64b7e56f-dafb-4d9d-bf94-2ca4337b88cc,675004f1-d448-4664-8d62-065a3cf8586d,6,4,"{""444434af-219a-4449-8a5f-53549d9077b3"": ""349"", ""f2eacfe5-3a62-4a29-bf23-c0456f930076"": ""341"", ""f0fe7559-4dcc-4b26-a50a-711b0c513b6e"": ""244"", ""e3aa897a-100b-432d-a724-b37ef567c4ca"": {""distance"": ""222"", ""par"": ""4""}}"
64b7e56f-dafb-4d9d-bf94-2ca4337b88cc,675004f1-d448-4664-8d62-065a3cf8586d,7,4,"{""444434af-219a-4449-8a5f-53549d9077b3"": ""326"", ""f2eacfe5-3a62-4a29-bf23-c0456f930076"": ""301"", ""f0fe7559-4dcc-4b26-a50a-711b0c513b6e"": ""367"", ""e3aa897a-100b-432d-a724-b37ef567c4ca"": {""distance"": ""261"", ""par"": ""4""}}"
64b7e56f-dafb-4d9d-bf94-2ca4337b88cc,675004f1-d448-4664-8d62-065a3cf8586d,8,4,"{""444434af-219a-4449-8a5f-53549d9077b3"": ""364"", ""f2eacfe5-3a62-4a29-bf23-c0456f930076"": ""347"", ""f0fe7559-4dcc-4b26-a50a-711b0c513b6e"": ""316"", ""e3aa897a-100b-432d-a724-b37ef567c4ca"": {""distance"": ""284"", ""par"": ""4""}}"
64b7e56f-dafb-4d9d-bf94-2ca4337b88cc,675004f1-d448-4664-8d62-065a3cf8586d,9,4,"{""444434af-219a-4449-8a5f-53549d9077b3"": ""310"", ""f2eacfe5-3a62-4a29-bf23-c0456f930076"": ""288"", ""f0fe7559-4dcc-4b26-a50a-711b0c513b6e"": ""256"", ""e3aa897a-100b-432d-a724-b37ef567c4ca"": {""distance"": ""239"", ""par"": ""4""}}"
64b7e56f-dafb-4d9d-bf94-2ca4337b88cc,675004f1-d448-4664-8d62-065a3cf8586d,10,4,"{""444434af-219a-4449-8a5f-53549d9077b3"": ""455"", ""f2eacfe5-3a62-4a29-bf23-c0456f930076"": ""344"", ""f0fe7559-4dcc-4b26-a50a-711b0c513b6e"": ""317"", ""e3aa897a-100b-432d-a724-b37ef567c4ca"": {""distance"": ""314"", ""par"": ""4""}}"
64b7e56f-dafb-4d9d-bf94-2ca4337b88cc,675004f1-d448-4664-8d62-065a3cf8586d,11,3,"{""444434af-219a-4449-8a5f-53549d9077b3"": ""380"", ""f2eacfe5-3a62-4a29-bf23-c0456f930076"": ""153"", ""f0fe7559-4dcc-4b26-a50a-711b0c513b6e"": ""124"", ""e3aa897a-100b-432d-a724-b37ef567c4ca"": {""distance"": ""120"", ""par"": ""3""}}"
64b7e56f-dafb-4d9d-bf94-2ca4337b88cc,675004f1-d448-4664-8d62-065a3cf8586d,12,4,"{""444434af-219a-4449-8a5f-53549d9077b3"": ""369"", ""f2eacfe5-3a62-4a29-bf23-c0456f930076"": ""351"", ""f0fe7559-4dcc-4b26-a50a-711b0c513b6e"": ""340"", ""e3aa897a-100b-432d-a724-b37ef567c4ca"": {""distance"": ""321"", ""par"": ""4""}}"
64b7e56f-dafb-4d9d-bf94-2ca4337b88cc,675004f1-d448-4664-8d62-065a3cf8586d,13,5,"{""444434af-219a-4449-8a5f-53549d9077b3"": ""131"", ""f2eacfe5-3a62-4a29-bf23-c0456f930076"": ""422"", ""f0fe7559-4dcc-4b26-a50a-711b0c513b6e"": ""390"", ""e3aa897a-100b-432d-a724-b37ef567c4ca"": {""distance"": ""381"", ""par"": ""5""}}"
64b7e56f-dafb-4d9d-bf94-2ca4337b88cc,675004f1-d448-4664-8d62-065a3cf8586d,14,4,"{""444434af-219a-4449-8a5f-53549d9077b3"": ""329"", ""f2eacfe5-3a62-4a29-bf23-c0456f930076"": ""368"", ""f0fe7559-4dcc-4b26-a50a-711b0c513b6e"": ""343"", ""e3aa897a-100b-432d-a724-b37ef567c4ca"": {""distance"": ""301"", ""par"": ""4""}}"
64b7e56f-dafb-4d9d-bf94-2ca4337b88cc,675004f1-d448-4664-8d62-065a3cf8586d,15,4,"{""444434af-219a-4449-8a5f-53549d9077b3"": ""377"", ""f2eacfe5-3a62-4a29-bf23-c0456f930076"": ""312"", ""f0fe7559-4dcc-4b26-a50a-711b0c513b6e"": ""253"", ""e3aa897a-100b-432d-a724-b37ef567c4ca"": {""distance"": ""248"", ""par"": ""4""}}"
64b7e56f-dafb-4d9d-bf94-2ca4337b88cc,675004f1-d448-4664-8d62-065a3cf8586d,16,3,"{""444434af-219a-4449-8a5f-53549d9077b3"": ""168"", ""f2eacfe5-3a62-4a29-bf23-c0456f930076"": ""160"", ""f0fe7559-4dcc-4b26-a50a-711b0c513b6e"": ""150"", ""e3aa897a-100b-432d-a724-b37ef567c4ca"": {""distance"": ""136"", ""par"": ""3""}}"
64b7e56f-dafb-4d9d-bf94-2ca4337b88cc,675004f1-d448-4664-8d62-065a3cf8586d,17,5,"{""444434af-219a-4449-8a5f-53549d9077b3"": ""484"", ""f2eacfe5-3a62-4a29-bf23-c0456f930076"": ""413"", ""f0fe7559-4dcc-4b26-a50a-711b0c513b6e"": ""407"", ""e3aa897a-100b-432d-a724-b37ef567c4ca"": {""distance"": ""353"", ""par"": ""5""}}"
64b7e56f-dafb-4d9d-bf94-2ca4337b88cc,675004f1-d448-4664-8d62-065a3cf8586d,18,4,"{""444434af-219a-4449-8a5f-53549d9077b3"": ""180"", ""f2eacfe5-3a62-4a29-bf23-c0456f930076"": ""318"", ""f0fe7559-4dcc-4b26-a50a-711b0c513b6e"": ""306"", ""e3aa897a-100b-432d-a724-b37ef567c4ca"": {""distance"": ""268"", ""par"": ""4""}}"
95c439a0-7a2e-4da5-9b5f-284cfe0dac6d,0dad6cd7-905b-443f-b82f-bddba4f37178,1,5,"{""12e02405-2f43-4db5-9f3a-da6bf8e61cee"": ""-"", ""d92bbce9-8cc5-4985-813d-7683a976fa9c"": ""-"", ""b8ad9776-f298-47f7-a98f-201f02e20065"": ""-"", ""7ccc4838-392c-4494-8f8d-f70f51361409"": ""-"", ""5f935762-a64a-478d-8b3b-294fde16828c"": {""distance"": ""-"", ""par"": ""5""}}"
95c439a0-7a2e-4da5-9b5f-284cfe0dac6d,0dad6cd7-905b-443f-b82f-bddba4f37178,2,4,"{""12e02405-2f43-4db5-9f3a-da6bf8e61cee"": ""-"", ""d92bbce9-8cc5-4985-813d-7683a976fa9c"": ""-"", ""b8ad9776-f298-47f7-a98f-201f02e20065"": ""-"", ""7ccc4838-392c-4494-8f8d-f70f51361409"": ""-"", ""5f935762-a64a-478d-8b3b-294fde16828c"": {""distance"": ""-"", ""par"": ""4""}}"
95c439a0-7a2e-4da5-9b5f-284cfe0dac6d,0dad6cd7-905b-443f-b82f-bddba4f37178,3,4,"{""12e02405-2f43-4db5-9f3a-da6bf8e61cee"": ""-"", ""d92bbce9-8cc5-4985-813d-7683a976fa9c"": ""-"", ""b8ad9776-f298-47f7-a98f-201f02e20065"": ""-"", ""7ccc4838-392c-4494-8f8d-f70f51361409"": ""-"", ""5f935762-a64a-478d-8b3b-294fde16828c"": {""distance"": ""-"", ""par"": ""4""}}"
95c439a0-7a2e-4da5-9b5f-284cfe0dac6d,0dad6cd7-905b-443f-b82f-bddba4f37178,4,3,"{""12e02405-2f43-4db5-9f3a-da6bf8e61cee"": ""-"", ""d92bbce9-8cc5-4985-813d-7683a976fa9c"": ""-"", ""b8ad9776-f298-47f7-a98f-201f02e20065"": ""-"", ""7ccc4838-392c-4494-8f8d-f70f51361409"": ""-"", ""5f935762-a64a-478d-8b3b-294fde16828c"": {""distance"": ""-"", ""par"": ""3""}}"
95c439a0-7a2e-4da5-9b5f-284cfe0dac6d,0dad6cd7-905b-443f-b82f-bddba4f37178,5,5,"{""12e02405-2f43-4db5-9f3a-da6bf8e61cee"": ""-"", ""d92bbce9-8cc5-4985-813d-7683a976fa9c"": ""-"", ""b8ad9776-f298-47f7-a98f-201f02e20065"": ""-"", ""7ccc4838-392c-4494-8f8d-f70f51361409"": ""-"", ""5f935762-a64a-478d-8b3b-294fde16828c"": {""distance"": ""-"", ""par"": ""5""}}"
95c439a0-7a2e-4da5-9b5f-284cfe0dac6d,0dad6cd7-905b-443f-b82f-bddba4f37178,6,4,"{""12e02405-2f43-4db5-9f3a-da6bf8e61cee"": ""-"", ""d92bbce9-8cc5-4985-813d-7683a976fa9c"": ""-"", ""b8ad9776-f298-47f7-a98f-201f02e20065"": ""-"", ""7ccc4838-392c-4494-8f8d-f70f51361409"": ""-"", ""5f935762-a64a-478d-8b3b-294fde16828c"": {""distance"": ""-"", ""par"": ""4""}}"
95c439a0-7a2e-4da5-9b5f-284cfe0dac6d,0dad6cd7-905b-443f-b82f-bddba4f37178,7,4,"{""12e02405-2f43-4db5-9f3a-da6bf8e61cee"": ""-"", ""d92bbce9-8cc5-4985-813d-7683a976fa9c"": ""-"", ""b8ad9776-f298-47f7-a98f-201f02e20065"": ""-"", ""7ccc4838-392c-4494-8f8d-f70f51361409"": ""-"", ""5f935762-a64a-478d-8b3b-294fde16828c"": {""distance"": ""-"", ""par"": ""4""}}"
95c439a0-7a2e-4da5-9b5f-284cfe0dac6d,0dad6cd7-905b-443f-b82f-bddba4f37178,8,3,"{""12e02405-2f43-4db5-9f3a-da6bf8e61cee"": ""-"", ""d92bbce9-8cc5-4985-813d-7683a976fa9c"": ""-"", ""b8ad9776-f298-47f7-a98f-201f02e20065"": ""-"", ""7ccc4838-392c-4494-8f8d-f70f51361409"": ""-"", ""5f935762-a64a-478d-8b3b-294fde16828c"": {""distance"": ""-"", ""par"": ""3""}}"
95c439a0-7a2e-4da5-9b5f-284cfe0dac6d,0dad6cd7-905b-443f-b82f-bddba4f37178,9,4,"{""12e02405-2f43-4db5-9f3a-da6bf8e61cee"": ""-"", ""d92bbce9-8cc5-4985-813d-7683a976fa9c"": ""-"", ""b8ad9776-f298-47f7-a98f-201f02e20065"": ""-"", ""7ccc4838-392c-4494-8f8d-f70f51361409"": ""-"", ""5f935762-a64a-478d-8b3b-294fde16828c"": {""distance"": ""-"", ""par"": ""4""}}"
95c439a0-7a2e-4da5-9b5f-284cfe0dac6d,0dad6cd7-905b-443f-b82f-bddba4f37178,10,5,"{""12e02405-2f43-4db5-9f3a-da6bf8e61cee"": ""-"", ""d92bbce9-8cc5-4985-813d-7683a976fa9c"": ""-"", ""b8ad9776-f298-47f7-a98f-201f02e20065"": ""-"", ""7ccc4838-392c-4494-8f8d-f70f51361409"": ""-"", ""5f935762-a64a-478d-8b3b-294fde16828c"": {""distance"": ""-"", ""par"": ""5""}}"
95c439a0-7a2e-4da5-9b5f-284cfe0dac6d,0dad6cd7-905b-443f-b82f-bddba4f37178,11,4,"{""12e02405-2f43-4db5-9f3a-da6bf8e61cee"": ""-"", ""d92bbce9-8cc5-4985-813d-7683a976fa9c"": ""-"", ""b8ad9776-f298-47f7-a98f-201f02e20065"": ""-"", ""7ccc4838-392c-4494-8f8d-f70f51361409"": ""-"", ""5f935762-a64a-478d-8b3b-294fde16828c"": {""distance"": ""-"", ""par"": ""4""}}"
95c439a0-7a2e-4da5-9b5f-284cfe0dac6d,0dad6cd7-905b-443f-b82f-bddba4f37178,12,4,"{""12e02405-2f43-4db5-9f3a-da6bf8e61cee"": ""-"", ""d92bbce9-8cc5-4985-813d-7683a976fa9c"": ""-"", ""b8ad9776-f298-47f7-a98f-201f02e20065"": ""-"", ""7ccc4838-392c-4494-8f8d-f70f51361409"": ""-"", ""5f935762-a64a-478d-8b3b-294fde16828c"": {""distance"": ""-"", ""par"": ""4""}}"
95c439a0-7a2e-4da5-9b5f-284cfe0dac6d,0dad6cd7-905b-443f-b82f-bddba4f37178,13,3,"{""12e02405-2f43-4db5-9f3a-da6bf8e61cee"": ""-"", ""d92bbce9-8cc5-4985-813d-7683a976fa9c"": ""-"", ""b8ad9776-f298-47f7-a98f-201f02e20065"": ""-"", ""7ccc4838-392c-4494-8f8d-f70f51361409"": ""-"", ""5f935762-a64a-478d-8b3b-294fde16828c"": {""distance"": ""-"", ""par"": ""3""}}"
95c439a0-7a2e-4da5-9b5f-284cfe0dac6d,0dad6cd7-905b-443f-b82f-bddba4f37178,14,4,"{""12e02405-2f43-4db5-9f3a-da6bf8e61cee"": ""-"", ""d92bbce9-8cc5-4985-813d-7683a976fa9c"": ""-"", ""b8ad9776-f298-47f7-a98f-201f02e20065"": ""-"", ""7ccc4838-392c-4494-8f8d-f70f51361409"": ""-"", ""5f935762-a64a-478d-8b3b-294fde16828c"": {""distance"": ""-"", ""par"": ""4""}}"
95c439a0-7a2e-4da5-9b5f-284cfe0dac6d,0dad6cd7-905b-443f-b82f-bddba4f37178,15,4,"{""12e02405-2f43-4db5-9f3a-da6bf8e61cee"": ""-"", ""d92bbce9-8cc5-4985-813d-7683a976fa9c"": ""-"", ""b8ad9776-f298-47f7-a98f-201f02e20065"": ""-"", ""7ccc4838-392c-4494-8f8d-f70f51361409"": ""-"", ""5f935762-a64a-478d-8b3b-294fde16828c"": {""distance"": ""-"", ""par"": ""4""}}"
95c439a0-7a2e-4da5-9b5f-284cfe0dac6d,0dad6cd7-905b-443f-b82f-bddba4f37178,16,5,"{""12e02405-2f43-4db5-9f3a-da6bf8e61cee"": ""-"", ""d92bbce9-8cc5-4985-813d-7683a976fa9c"": ""-"", ""b8ad9776-f298-47f7-a98f-201f02e20065"": ""-"", ""7ccc4838-392c-4494-8f8d-f70f51361409"": ""-"", ""5f935762-a64a-478d-8b3b-294fde16828c"": {""distance"": ""-"", ""par"": ""5""}}"
95c439a0-7a2e-4da5-9b5f-284cfe0dac6d,0dad6cd7-905b-443f-b82f-bddba4f37178,17,3,"{""12e02405-2f43-4db5-9f3a-da6bf8e61cee"": ""-"", ""d92bbce9-8cc5-4985-813d-7683a976fa9c"": ""-"", ""b8ad9776-f298-47f7-a98f-201f02e20065"": ""-"", ""7ccc4838-392c-4494-8f8d-f70f51361409"": ""-"", ""5f935762-a64a-478d-8b3b-294fde16828c"": {""distance"": ""-"", ""par"": ""3""}}"
95c439a0-7a2e-4da5-9b5f-284cfe0dac6d,0dad6cd7-905b-443f-b82f-bddba4f37178,18,4,"{""12e02405-2f43-4db5-9f3a-da6bf8e61cee"": ""-"", ""d92bbce9-8cc5-4985-813d-7683a976fa9c"": ""-"", ""b8ad9776-f298-47f7-a98f-201f02e20065"": ""-"", ""7ccc4838-392c-4494-8f8d-f70f51361409"": ""-"", ""5f935762-a64a-478d-8b3b-294fde16828c"": {""distance"": ""-"", ""par"": ""4""}}"
2d521916-ed66-4b7a-9631-ce8c4a4a14a1,02fd8aa1-065f-4c7c-aa9c-93d2e7050084,1,5,"{""3e3062a6-5196-44cc-b519-5f971587647c"": ""494"", ""230daf02-3d2c-406e-9e5e-c9db7e5f3ba1"": ""476"", ""1b16f9b4-f358-49d5-95db-46999801f20b"": ""446"", ""db13e804-57e3-4b70-9673-55fbb8619052"": {""distance"": ""375"", ""par"": ""5""}}"
2d521916-ed66-4b7a-9631-ce8c4a4a14a1,02fd8aa1-065f-4c7c-aa9c-93d2e7050084,2,4,"{""3e3062a6-5196-44cc-b519-5f971587647c"": ""432"", ""230daf02-3d2c-406e-9e5e-c9db7e5f3ba1"": ""385"", ""1b16f9b4-f358-49d5-95db-46999801f20b"": ""363"", ""db13e804-57e3-4b70-9673-55fbb8619052"": {""distance"": ""318"", ""par"": ""4""}}"
2d521916-ed66-4b7a-9631-ce8c4a4a14a1,02fd8aa1-065f-4c7c-aa9c-93d2e7050084,3,3,"{""3e3062a6-5196-44cc-b519-5f971587647c"": ""167"", ""230daf02-3d2c-406e-9e5e-c9db7e5f3ba1"": ""105"", ""1b16f9b4-f358-49d5-95db-46999801f20b"": ""98"", ""db13e804-57e3-4b70-9673-55fbb8619052"": {""distance"": ""76"", ""par"": ""3""}}"
2d521916-ed66-4b7a-9631-ce8c4a4a14a1,02fd8aa1-065f-4c7c-aa9c-93d2e7050084,4,4,"{""3e3062a6-5196-44cc-b519-5f971587647c"": ""355"", ""230daf02-3d2c-406e-9e5e-c9db7e5f3ba1"": ""323"", ""1b16f9b4-f358-49d5-95db-46999801f20b"": ""301"", ""db13e804-57e3-4b70-9673-55fbb8619052"": {""distance"": ""252"", ""par"": ""4""}}"
2d521916-ed66-4b7a-9631-ce8c4a4a14a1,02fd8aa1-065f-4c7c-aa9c-93d2e7050084,5,4,"{""3e3062a6-5196-44cc-b519-5f971587647c"": ""310"", ""230daf02-3d2c-406e-9e5e-c9db7e5f3ba1"": ""292"", ""1b16f9b4-f358-49d5-95db-46999801f20b"": ""279"", ""db13e804-57e3-4b70-9673-55fbb8619052"": {""distance"": ""249"", ""par"": ""4""}}"
2d521916-ed66-4b7a-9631-ce8c4a4a14a1,02fd8aa1-065f-4c7c-aa9c-93d2e7050084,6,4,"{""3e3062a6-5196-44cc-b519-5f971587647c"": ""340"", ""230daf02-3d2c-406e-9e5e-c9db7e5f3ba1"": ""315"", ""1b16f9b4-f358-49d5-95db-46999801f20b"": ""290"", ""db13e804-57e3-4b70-9673-55fbb8619052"": {""distance"": ""225"", ""par"": ""4""}}"
2d521916-ed66-4b7a-9631-ce8c4a4a14a1,02fd8aa1-065f-4c7c-aa9c-93d2e7050084,7,4,"{""3e3062a6-5196-44cc-b519-5f971587647c"": ""375"", ""230daf02-3d2c-406e-9e5e-c9db7e5f3ba1"": ""348"", ""1b16f9b4-f358-49d5-95db-46999801f20b"": ""295"", ""db13e804-57e3-4b70-9673-55fbb8619052"": {""distance"": ""251"", ""par"": ""4""}}"
2d521916-ed66-4b7a-9631-ce8c4a4a14a1,02fd8aa1-065f-4c7c-aa9c-93d2e7050084,8,3,"{""3e3062a6-5196-44cc-b519-5f971587647c"": ""224"", ""230daf02-3d2c-406e-9e5e-c9db7e5f3ba1"": ""192"", ""1b16f9b4-f358-49d5-95db-46999801f20b"": ""162"", ""db13e804-57e3-4b70-9673-55fbb8619052"": {""distance"": ""130"", ""par"": ""3""}}"
2d521916-ed66-4b7a-9631-ce8c4a4a14a1,02fd8aa1-065f-4c7c-aa9c-93d2e7050084,9,5,"{""3e3062a6-5196-44cc-b519-5f971587647c"": ""487"", ""230daf02-3d2c-406e-9e5e-c9db7e5f3ba1"": ""458"", ""1b16f9b4-f358-49d5-95db-46999801f20b"": ""385"", ""db13e804-57e3-4b70-9673-55fbb8619052"": {""distance"": ""351"", ""par"": ""5""}}"
2d521916-ed66-4b7a-9631-ce8c4a4a14a1,02fd8aa1-065f-4c7c-aa9c-93d2e7050084,10,4,"{""3e3062a6-5196-44cc-b519-5f971587647c"": ""334"", ""230daf02-3d2c-406e-9e5e-c9db7e5f3ba1"": ""311"", ""1b16f9b4-f358-49d5-95db-46999801f20b"": ""274"", ""db13e804-57e3-4b70-9673-55fbb8619052"": {""distance"": ""230"", ""par"": ""4""}}"
2d521916-ed66-4b7a-9631-ce8c4a4a14a1,02fd8aa1-065f-4c7c-aa9c-93d2e7050084,11,3,"{""3e3062a6-5196-44cc-b519-5f971587647c"": ""148"", ""230daf02-3d2c-406e-9e5e-c9db7e5f3ba1"": ""134"", ""1b16f9b4-f358-49d5-95db-46999801f20b"": ""115"", ""db13e804-57e3-4b70-9673-55fbb8619052"": {""distance"": ""96"", ""par"": ""3""}}"
2d521916-ed66-4b7a-9631-ce8c4a4a14a1,02fd8aa1-065f-4c7c-aa9c-93d2e7050084,12,5,"{""3e3062a6-5196-44cc-b519-5f971587647c"": ""546"", ""230daf02-3d2c-406e-9e5e-c9db7e5f3ba1"": ""509"", ""1b16f9b4-f358-49d5-95db-46999801f20b"": ""473"", ""db13e804-57e3-4b70-9673-55fbb8619052"": {""distance"": ""428"", ""par"": ""5""}}"
2d521916-ed66-4b7a-9631-ce8c4a4a14a1,02fd8aa1-065f-4c7c-aa9c-93d2e7050084,13,4,"{""3e3062a6-5196-44cc-b519-5f971587647c"": ""284"", ""230daf02-3d2c-406e-9e5e-c9db7e5f3ba1"": ""262"", ""1b16f9b4-f358-49d5-95db-46999801f20b"": ""224"", ""db13e804-57e3-4b70-9673-55fbb8619052"": {""distance"": ""224"", ""par"": ""4""}}"
2d521916-ed66-4b7a-9631-ce8c4a4a14a1,02fd8aa1-065f-4c7c-aa9c-93d2e7050084,14,5,"{""3e3062a6-5196-44cc-b519-5f971587647c"": ""489"", ""230daf02-3d2c-406e-9e5e-c9db7e5f3ba1"": ""459"", ""1b16f9b4-f358-49d5-95db-46999801f20b"": ""434"", ""db13e804-57e3-4b70-9673-55fbb8619052"": {""distance"": ""394"", ""par"": ""5""}}"
2d521916-ed66-4b7a-9631-ce8c4a4a14a1,02fd8aa1-065f-4c7c-aa9c-93d2e7050084,15,4,"{""3e3062a6-5196-44cc-b519-5f971587647c"": ""330"", ""230daf02-3d2c-406e-9e5e-c9db7e5f3ba1"": ""294"", ""1b16f9b4-f358-49d5-95db-46999801f20b"": ""253"", ""db13e804-57e3-4b70-9673-55fbb8619052"": {""distance"": ""223"", ""par"": ""4""}}"
2d521916-ed66-4b7a-9631-ce8c4a4a14a1,02fd8aa1-065f-4c7c-aa9c-93d2e7050084,16,4,"{""3e3062a6-5196-44cc-b519-5f971587647c"": ""403"", ""230daf02-3d2c-406e-9e5e-c9db7e5f3ba1"": ""376"", ""1b16f9b4-f358-49d5-95db-46999801f20b"": ""341"", ""db13e804-57e3-4b70-9673-55fbb8619052"": {""distance"": ""303"", ""par"": ""4""}}"
2d521916-ed66-4b7a-9631-ce8c4a4a14a1,02fd8aa1-065f-4c7c-aa9c-93d2e7050084,17,3,"{""3e3062a6-5196-44cc-b519-5f971587647c"": ""148"", ""230daf02-3d2c-406e-9e5e-c9db7e5f3ba1"": ""114"", ""1b16f9b4-f358-49d5-95db-46999801f20b"": ""97"", ""db13e804-57e3-4b70-9673-55fbb8619052"": {""distance"": ""97"", ""par"": ""3""}}"
2d521916-ed66-4b7a-9631-ce8c4a4a14a1,02fd8aa1-065f-4c7c-aa9c-93d2e7050084,18,4,"{""3e3062a6-5196-44cc-b519-5f971587647c"": ""358"", ""230daf02-3d2c-406e-9e5e-c9db7e5f3ba1"": ""315"", ""1b16f9b4-f358-49d5-95db-46999801f20b"": ""283"", ""db13e804-57e3-4b70-9673-55fbb8619052"": {""distance"": ""245"", ""par"": ""4""}}"
800df9c3-345a-40f4-b8d4-f8a9d36639c7,64f589d6-13e4-4efc-a702-f62306bb4ff8,1,4,"{""0224c5ce-1303-4270-a9ff-d7a3d731758e"": ""289"", ""665d803e-f8cc-4893-88dd-559f0aee776b"": {""distance"": ""269"", ""par"": ""4""}}"
800df9c3-345a-40f4-b8d4-f8a9d36639c7,64f589d6-13e4-4efc-a702-f62306bb4ff8,2,3,"{""0224c5ce-1303-4270-a9ff-d7a3d731758e"": ""120"", ""665d803e-f8cc-4893-88dd-559f0aee776b"": {""distance"": ""109"", ""par"": ""3""}}"
800df9c3-345a-40f4-b8d4-f8a9d36639c7,64f589d6-13e4-4efc-a702-f62306bb4ff8,3,4,"{""0224c5ce-1303-4270-a9ff-d7a3d731758e"": ""367"", ""665d803e-f8cc-4893-88dd-559f0aee776b"": {""distance"": ""344"", ""par"": ""4""}}"
800df9c3-345a-40f4-b8d4-f8a9d36639c7,64f589d6-13e4-4efc-a702-f62306bb4ff8,4,3,"{""0224c5ce-1303-4270-a9ff-d7a3d731758e"": ""156"", ""665d803e-f8cc-4893-88dd-559f0aee776b"": {""distance"": ""147"", ""par"": ""3""}}"
800df9c3-345a-40f4-b8d4-f8a9d36639c7,64f589d6-13e4-4efc-a702-f62306bb4ff8,5,5,"{""0224c5ce-1303-4270-a9ff-d7a3d731758e"": ""432"", ""665d803e-f8cc-4893-88dd-559f0aee776b"": {""distance"": ""374"", ""par"": ""5""}}"
800df9c3-345a-40f4-b8d4-f8a9d36639c7,64f589d6-13e4-4efc-a702-f62306bb4ff8,6,4,"{""0224c5ce-1303-4270-a9ff-d7a3d731758e"": ""230"", ""665d803e-f8cc-4893-88dd-559f0aee776b"": {""distance"": ""205"", ""par"": ""4""}}"
800df9c3-345a-40f4-b8d4-f8a9d36639c7,64f589d6-13e4-4efc-a702-f62306bb4ff8,7,4,"{""0224c5ce-1303-4270-a9ff-d7a3d731758e"": ""299"", ""665d803e-f8cc-4893-88dd-559f0aee776b"": {""distance"": ""282"", ""par"": ""4""}}"
800df9c3-345a-40f4-b8d4-f8a9d36639c7,64f589d6-13e4-4efc-a702-f62306bb4ff8,8,5,"{""0224c5ce-1303-4270-a9ff-d7a3d731758e"": ""427"", ""665d803e-f8cc-4893-88dd-559f0aee776b"": {""distance"": ""377"", ""par"": ""5""}}"
800df9c3-345a-40f4-b8d4-f8a9d36639c7,64f589d6-13e4-4efc-a702-f62306bb4ff8,9,4,"{""0224c5ce-1303-4270-a9ff-d7a3d731758e"": ""296"", ""665d803e-f8cc-4893-88dd-559f0aee776b"": {""distance"": ""280"", ""par"": ""4""}}"
800df9c3-345a-40f4-b8d4-f8a9d36639c7,64f589d6-13e4-4efc-a702-f62306bb4ff8,10,4,"{""0224c5ce-1303-4270-a9ff-d7a3d731758e"": ""257"", ""665d803e-f8cc-4893-88dd-559f0aee776b"": {""distance"": ""244"", ""par"": ""4""}}"
800df9c3-345a-40f4-b8d4-f8a9d36639c7,64f589d6-13e4-4efc-a702-f62306bb4ff8,11,3,"{""0224c5ce-1303-4270-a9ff-d7a3d731758e"": ""150"", ""665d803e-f8cc-4893-88dd-559f0aee776b"": {""distance"": ""133"", ""par"": ""3""}}"
800df9c3-345a-40f4-b8d4-f8a9d36639c7,64f589d6-13e4-4efc-a702-f62306bb4ff8,12,5,"{""0224c5ce-1303-4270-a9ff-d7a3d731758e"": ""434"", ""665d803e-f8cc-4893-88dd-559f0aee776b"": {""distance"": ""396"", ""par"": ""5""}}"
800df9c3-345a-40f4-b8d4-f8a9d36639c7,64f589d6-13e4-4efc-a702-f62306bb4ff8,13,4,"{""0224c5ce-1303-4270-a9ff-d7a3d731758e"": ""260"", ""665d803e-f8cc-4893-88dd-559f0aee776b"": {""distance"": ""213"", ""par"": ""4""}}"
800df9c3-345a-40f4-b8d4-f8a9d36639c7,64f589d6-13e4-4efc-a702-f62306bb4ff8,14,5,"{""0224c5ce-1303-4270-a9ff-d7a3d731758e"": ""510"", ""665d803e-f8cc-4893-88dd-559f0aee776b"": {""distance"": ""438"", ""par"": ""5""}}"
800df9c3-345a-40f4-b8d4-f8a9d36639c7,64f589d6-13e4-4efc-a702-f62306bb4ff8,15,3,"{""0224c5ce-1303-4270-a9ff-d7a3d731758e"": ""179"", ""665d803e-f8cc-4893-88dd-559f0aee776b"": {""distance"": ""150"", ""par"": ""3""}}"
800df9c3-345a-40f4-b8d4-f8a9d36639c7,64f589d6-13e4-4efc-a702-f62306bb4ff8,16,4,"{""0224c5ce-1303-4270-a9ff-d7a3d731758e"": ""292"", ""665d803e-f8cc-4893-88dd-559f0aee776b"": {""distance"": ""272"", ""par"": ""4""}}"
800df9c3-345a-40f4-b8d4-f8a9d36639c7,64f589d6-13e4-4efc-a702-f62306bb4ff8,17,4,"{""0224c5ce-1303-4270-a9ff-d7a3d731758e"": ""366"", ""665d803e-f8cc-4893-88dd-559f0aee776b"": {""distance"": ""322"", ""par"": ""4""}}"
800df9c3-345a-40f4-b8d4-f8a9d36639c7,64f589d6-13e4-4efc-a702-f62306bb4ff8,18,4,"{""0224c5ce-1303-4270-a9ff-d7a3d731758e"": ""333"", ""665d803e-f8cc-4893-88dd-559f0aee776b"": {""distance"": ""296"", ""par"": ""4""}}"
18d95267-a4d8-442f-a2d7-c8029e9733fe,4497edeb-d16a-4d57-a61f-2fbcc25f33cd,1,5,"{""71226867-5eff-47e0-92d4-767292cf878c"": ""500"", ""a191d5ac-826b-4986-acb5-c0ecb8f3d734"": ""455"", ""22a7df18-3f04-443b-8339-53764a81adb9"": {""distance"": ""392"", ""par"": ""5""}}"
18d95267-a4d8-442f-a2d7-c8029e9733fe,4497edeb-d16a-4d57-a61f-2fbcc25f33cd,2,4,"{""71226867-5eff-47e0-92d4-767292cf878c"": ""325"", ""a191d5ac-826b-4986-acb5-c0ecb8f3d734"": ""305"", ""22a7df18-3f04-443b-8339-53764a81adb9"": {""distance"": ""273"", ""par"": ""4""}}"
18d95267-a4d8-442f-a2d7-c8029e9733fe,4497edeb-d16a-4d57-a61f-2fbcc25f33cd,3,3,"{""71226867-5eff-47e0-92d4-767292cf878c"": ""177"", ""a191d5ac-826b-4986-acb5-c0ecb8f3d734"": ""158"", ""22a7df18-3f04-443b-8339-53764a81adb9"": {""distance"": ""133"", ""par"": ""3""}}"
18d95267-a4d8-442f-a2d7-c8029e9733fe,4497edeb-d16a-4d57-a61f-2fbcc25f33cd,4,4,"{""71226867-5eff-47e0-92d4-767292cf878c"": ""379"", ""a191d5ac-826b-4986-acb5-c0ecb8f3d734"": ""361"", ""22a7df18-3f04-443b-8339-53764a81adb9"": {""distance"": ""341"", ""par"": ""4""}}"
18d95267-a4d8-442f-a2d7-c8029e9733fe,4497edeb-d16a-4d57-a61f-2fbcc25f33cd,5,3,"{""71226867-5eff-47e0-92d4-767292cf878c"": ""141"", ""a191d5ac-826b-4986-acb5-c0ecb8f3d734"": ""130"", ""22a7df18-3f04-443b-8339-53764a81adb9"": {""distance"": ""110"", ""par"": ""3""}}"
18d95267-a4d8-442f-a2d7-c8029e9733fe,4497edeb-d16a-4d57-a61f-2fbcc25f33cd,6,5,"{""71226867-5eff-47e0-92d4-767292cf878c"": ""505"", ""a191d5ac-826b-4986-acb5-c0ecb8f3d734"": ""483"", ""22a7df18-3f04-443b-8339-53764a81adb9"": {""distance"": ""442"", ""par"": ""5""}}"
18d95267-a4d8-442f-a2d7-c8029e9733fe,4497edeb-d16a-4d57-a61f-2fbcc25f33cd,7,4,"{""71226867-5eff-47e0-92d4-767292cf878c"": ""349"", ""a191d5ac-826b-4986-acb5-c0ecb8f3d734"": ""331"", ""22a7df18-3f04-443b-8339-53764a81adb9"": {""distance"": ""248"", ""par"": ""4""}}"
18d95267-a4d8-442f-a2d7-c8029e9733fe,4497edeb-d16a-4d57-a61f-2fbcc25f33cd,8,3,"{""71226867-5eff-47e0-92d4-767292cf878c"": ""113"", ""a191d5ac-826b-4986-acb5-c0ecb8f3d734"": ""100"", ""22a7df18-3f04-443b-8339-53764a81adb9"": {""distance"": ""77"", ""par"": ""3""}}"
18d95267-a4d8-442f-a2d7-c8029e9733fe,4497edeb-d16a-4d57-a61f-2fbcc25f33cd,9,4,"{""71226867-5eff-47e0-92d4-767292cf878c"": ""348"", ""a191d5ac-826b-4986-acb5-c0ecb8f3d734"": ""338"", ""22a7df18-3f04-443b-8339-53764a81adb9"": {""distance"": ""246"", ""par"": ""4""}}"
18d95267-a4d8-442f-a2d7-c8029e9733fe,4497edeb-d16a-4d57-a61f-2fbcc25f33cd,10,5,"{""71226867-5eff-47e0-92d4-767292cf878c"": ""478"", ""a191d5ac-826b-4986-acb5-c0ecb8f3d734"": ""446"", ""22a7df18-3f04-443b-8339-53764a81adb9"": {""distance"": ""371"", ""par"": ""5""}}"
18d95267-a4d8-442f-a2d7-c8029e9733fe,4497edeb-d16a-4d57-a61f-2fbcc25f33cd,11,4,"{""71226867-5eff-47e0-92d4-767292cf878c"": ""378"", ""a191d5ac-826b-4986-acb5-c0ecb8f3d734"": ""349"", ""22a7df18-3f04-443b-8339-53764a81adb9"": {""distance"": ""279"", ""par"": ""4""}}"
18d95267-a4d8-442f-a2d7-c8029e9733fe,4497edeb-d16a-4d57-a61f-2fbcc25f33cd,12,4,"{""71226867-5eff-47e0-92d4-767292cf878c"": ""390"", ""a191d5ac-826b-4986-acb5-c0ecb8f3d734"": ""375"", ""22a7df18-3f04-443b-8339-53764a81adb9"": {""distance"": ""338"", ""par"": ""4""}}"
18d95267-a4d8-442f-a2d7-c8029e9733fe,4497edeb-d16a-4d57-a61f-2fbcc25f33cd,13,4,"{""71226867-5eff-47e0-92d4-767292cf878c"": ""375"", ""a191d5ac-826b-4986-acb5-c0ecb8f3d734"": ""359"", ""22a7df18-3f04-443b-8339-53764a81adb9"": {""distance"": ""318"", ""par"": ""4""}}"
18d95267-a4d8-442f-a2d7-c8029e9733fe,4497edeb-d16a-4d57-a61f-2fbcc25f33cd,14,4,"{""71226867-5eff-47e0-92d4-767292cf878c"": ""412"", ""a191d5ac-826b-4986-acb5-c0ecb8f3d734"": ""392"", ""22a7df18-3f04-443b-8339-53764a81adb9"": {""distance"": ""322"", ""par"": ""4""}}"
18d95267-a4d8-442f-a2d7-c8029e9733fe,4497edeb-d16a-4d57-a61f-2fbcc25f33cd,15,3,"{""71226867-5eff-47e0-92d4-767292cf878c"": ""133"", ""a191d5ac-826b-4986-acb5-c0ecb8f3d734"": ""123"", ""22a7df18-3f04-443b-8339-53764a81adb9"": {""distance"": ""111"", ""par"": ""3""}}"
18d95267-a4d8-442f-a2d7-c8029e9733fe,4497edeb-d16a-4d57-a61f-2fbcc25f33cd,16,4,"{""71226867-5eff-47e0-92d4-767292cf878c"": ""353"", ""a191d5ac-826b-4986-acb5-c0ecb8f3d734"": ""335"", ""22a7df18-3f04-443b-8339-53764a81adb9"": {""distance"": ""301"", ""par"": ""4""}}"
18d95267-a4d8-442f-a2d7-c8029e9733fe,4497edeb-d16a-4d57-a61f-2fbcc25f33cd,17,3,"{""71226867-5eff-47e0-92d4-767292cf878c"": ""155"", ""a191d5ac-826b-4986-acb5-c0ecb8f3d734"": ""145"", ""22a7df18-3f04-443b-8339-53764a81adb9"": {""distance"": ""119"", ""par"": ""3""}}"
18d95267-a4d8-442f-a2d7-c8029e9733fe,4497edeb-d16a-4d57-a61f-2fbcc25f33cd,18,5,"{""71226867-5eff-47e0-92d4-767292cf878c"": ""449"", ""a191d5ac-826b-4986-acb5-c0ecb8f3d734"": ""438"", ""22a7df18-3f04-443b-8339-53764a81adb9"": {""distance"": ""425"", ""par"": ""5""}}"
d77d1336-355e-4d80-9d0b-e2d099a47bdf,4497edeb-d16a-4d57-a61f-2fbcc25f33cd,1,3,"{""b2e1b728-a3ba-4d4c-bf45-129e863a15ca"": ""73"", ""bea0a845-6da9-41a2-afd6-532a49c1e1fe"": {""distance"": ""-"", ""par"": ""3""}}"
d77d1336-355e-4d80-9d0b-e2d099a47bdf,4497edeb-d16a-4d57-a61f-2fbcc25f33cd,2,3,"{""b2e1b728-a3ba-4d4c-bf45-129e863a15ca"": ""74"", ""bea0a845-6da9-41a2-afd6-532a49c1e1fe"": {""distance"": ""-"", ""par"": ""3""}}"
d77d1336-355e-4d80-9d0b-e2d099a47bdf,4497edeb-d16a-4d57-a61f-2fbcc25f33cd,3,3,"{""b2e1b728-a3ba-4d4c-bf45-129e863a15ca"": ""76"", ""bea0a845-6da9-41a2-afd6-532a49c1e1fe"": {""distance"": ""-"", ""par"": ""3""}}"
d77d1336-355e-4d80-9d0b-e2d099a47bdf,4497edeb-d16a-4d57-a61f-2fbcc25f33cd,4,3,"{""b2e1b728-a3ba-4d4c-bf45-129e863a15ca"": ""83"", ""bea0a845-6da9-41a2-afd6-532a49c1e1fe"": {""distance"": ""-"", ""par"": ""3""}}"
d77d1336-355e-4d80-9d0b-e2d099a47bdf,4497edeb-d16a-4d57-a61f-2fbcc25f33cd,5,3,"{""b2e1b728-a3ba-4d4c-bf45-129e863a15ca"": ""93"", ""bea0a845-6da9-41a2-afd6-532a49c1e1fe"": {""distance"": ""-"", ""par"": ""3""}}"
d77d1336-355e-4d80-9d0b-e2d099a47bdf,4497edeb-d16a-4d57-a61f-2fbcc25f33cd,6,3,"{""b2e1b728-a3ba-4d4c-bf45-129e863a15ca"": ""80"", ""bea0a845-6da9-41a2-afd6-532a49c1e1fe"": {""distance"": ""-"", ""par"": ""3""}}"
d77d1336-355e-4d80-9d0b-e2d099a47bdf,4497edeb-d16a-4d57-a61f-2fbcc25f33cd,7,3,"{""b2e1b728-a3ba-4d4c-bf45-129e863a15ca"": ""113"", ""bea0a845-6da9-41a2-afd6-532a49c1e1fe"": {""distance"": ""-"", ""par"": ""3""}}"
d77d1336-355e-4d80-9d0b-e2d099a47bdf,4497edeb-d16a-4d57-a61f-2fbcc25f33cd,8,3,"{""b2e1b728-a3ba-4d4c-bf45-129e863a15ca"": ""76"", ""bea0a845-6da9-41a2-afd6-532a49c1e1fe"": {""distance"": ""-"", ""par"": ""3""}}"
d77d1336-355e-4d80-9d0b-e2d099a47bdf,4497edeb-d16a-4d57-a61f-2fbcc25f33cd,9,3,"{""b2e1b728-a3ba-4d4c-bf45-129e863a15ca"": ""41"", ""bea0a845-6da9-41a2-afd6-532a49c1e1fe"": {""distance"": ""-"", ""par"": ""3""}}"
356a82b4-7ec6-4132-a12a-c3e2a2eed4c4,ec64e71a-cbdc-4ad2-b067-545d61da3bfa,1,4,"{""7fe7a1f7-69f7-41d1-b6cc-775f30be1931"": ""352"", ""9e88d5a7-5a83-4985-8798-9d638fb33e34"": ""311"", ""8a607969-37f3-4f99-b818-4c9ce288869e"": ""300"", ""214900a7-58b6-4936-8174-424193ba2fc5"": {""distance"": ""277"", ""par"": ""4""}}"
356a82b4-7ec6-4132-a12a-c3e2a2eed4c4,ec64e71a-cbdc-4ad2-b067-545d61da3bfa,2,5,"{""7fe7a1f7-69f7-41d1-b6cc-775f30be1931"": ""563"", ""9e88d5a7-5a83-4985-8798-9d638fb33e34"": ""500"", ""8a607969-37f3-4f99-b818-4c9ce288869e"": ""471"", ""214900a7-58b6-4936-8174-424193ba2fc5"": {""distance"": ""455"", ""par"": ""5""}}"
356a82b4-7ec6-4132-a12a-c3e2a2eed4c4,ec64e71a-cbdc-4ad2-b067-545d61da3bfa,3,3,"{""7fe7a1f7-69f7-41d1-b6cc-775f30be1931"": ""188"", ""9e88d5a7-5a83-4985-8798-9d638fb33e34"": ""173"", ""8a607969-37f3-4f99-b818-4c9ce288869e"": ""157"", ""214900a7-58b6-4936-8174-424193ba2fc5"": {""distance"": ""139"", ""par"": ""3""}}"
356a82b4-7ec6-4132-a12a-c3e2a2eed4c4,ec64e71a-cbdc-4ad2-b067-545d61da3bfa,4,4,"{""7fe7a1f7-69f7-41d1-b6cc-775f30be1931"": ""395"", ""9e88d5a7-5a83-4985-8798-9d638fb33e34"": ""375"", ""8a607969-37f3-4f99-b818-4c9ce288869e"": ""355"", ""214900a7-58b6-4936-8174-424193ba2fc5"": {""distance"": ""326"", ""par"": ""4""}}"
356a82b4-7ec6-4132-a12a-c3e2a2eed4c4,ec64e71a-cbdc-4ad2-b067-545d61da3bfa,5,4,"{""7fe7a1f7-69f7-41d1-b6cc-775f30be1931"": ""369"", ""9e88d5a7-5a83-4985-8798-9d638fb33e34"": ""351"", ""8a607969-37f3-4f99-b818-4c9ce288869e"": ""311"", ""214900a7-58b6-4936-8174-424193ba2fc5"": {""distance"": ""287"", ""par"": ""4""}}"
356a82b4-7ec6-4132-a12a-c3e2a2eed4c4,ec64e71a-cbdc-4ad2-b067-545d61da3bfa,6,3,"{""7fe7a1f7-69f7-41d1-b6cc-775f30be1931"": ""209"", ""9e88d5a7-5a83-4985-8798-9d638fb33e34"": ""192"", ""8a607969-37f3-4f99-b818-4c9ce288869e"": ""174"", ""214900a7-58b6-4936-8174-424193ba2fc5"": {""distance"": ""153"", ""par"": ""3""}}"
356a82b4-7ec6-4132-a12a-c3e2a2eed4c4,ec64e71a-cbdc-4ad2-b067-545d61da3bfa,7,4,"{""7fe7a1f7-69f7-41d1-b6cc-775f30be1931"": ""409"", ""9e88d5a7-5a83-4985-8798-9d638fb33e34"": ""391"", ""8a607969-37f3-4f99-b818-4c9ce288869e"": ""367"", ""214900a7-58b6-4936-8174-424193ba2fc5"": {""distance"": ""336"", ""par"": ""4""}}"
356a82b4-7ec6-4132-a12a-c3e2a2eed4c4,ec64e71a-cbdc-4ad2-b067-545d61da3bfa,8,4,"{""7fe7a1f7-69f7-41d1-b6cc-775f30be1931"": ""339"", ""9e88d5a7-5a83-4985-8798-9d638fb33e34"": ""316"", ""8a607969-37f3-4f99-b818-4c9ce288869e"": ""288"", ""214900a7-58b6-4936-8174-424193ba2fc5"": {""distance"": ""274"", ""par"": ""4""}}"
356a82b4-7ec6-4132-a12a-c3e2a2eed4c4,ec64e71a-cbdc-4ad2-b067-545d61da3bfa,9,5,"{""7fe7a1f7-69f7-41d1-b6cc-775f30be1931"": ""499"", ""9e88d5a7-5a83-4985-8798-9d638fb33e34"": ""466"", ""8a607969-37f3-4f99-b818-4c9ce288869e"": ""448"", ""214900a7-58b6-4936-8174-424193ba2fc5"": {""distance"": ""412"", ""par"": ""5""}}"
356a82b4-7ec6-4132-a12a-c3e2a2eed4c4,ec64e71a-cbdc-4ad2-b067-545d61da3bfa,10,4,"{""7fe7a1f7-69f7-41d1-b6cc-775f30be1931"": ""363"", ""9e88d5a7-5a83-4985-8798-9d638fb33e34"": ""323"", ""8a607969-37f3-4f99-b818-4c9ce288869e"": ""294"", ""214900a7-58b6-4936-8174-424193ba2fc5"": {""distance"": ""271"", ""par"": ""4""}}"
356a82b4-7ec6-4132-a12a-c3e2a2eed4c4,ec64e71a-cbdc-4ad2-b067-545d61da3bfa,11,3,"{""7fe7a1f7-69f7-41d1-b6cc-775f30be1931"": ""186"", ""9e88d5a7-5a83-4985-8798-9d638fb33e34"": ""169"", ""8a607969-37f3-4f99-b818-4c9ce288869e"": ""153"", ""214900a7-58b6-4936-8174-424193ba2fc5"": {""distance"": ""132"", ""par"": ""3""}}"
356a82b4-7ec6-4132-a12a-c3e2a2eed4c4,ec64e71a-cbdc-4ad2-b067-545d61da3bfa,12,5,"{""7fe7a1f7-69f7-41d1-b6cc-775f30be1931"": ""467"", ""9e88d5a7-5a83-4985-8798-9d638fb33e34"": ""455"", ""8a607969-37f3-4f99-b818-4c9ce288869e"": ""441"", ""214900a7-58b6-4936-8174-424193ba2fc5"": {""distance"": ""417"", ""par"": ""5""}}"
356a82b4-7ec6-4132-a12a-c3e2a2eed4c4,ec64e71a-cbdc-4ad2-b067-545d61da3bfa,13,3,"{""7fe7a1f7-69f7-41d1-b6cc-775f30be1931"": ""199"", ""9e88d5a7-5a83-4985-8798-9d638fb33e34"": ""151"", ""8a607969-37f3-4f99-b818-4c9ce288869e"": ""125"", ""214900a7-58b6-4936-8174-424193ba2fc5"": {""distance"": ""110"", ""par"": ""3""}}"
356a82b4-7ec6-4132-a12a-c3e2a2eed4c4,ec64e71a-cbdc-4ad2-b067-545d61da3bfa,14,5,"{""7fe7a1f7-69f7-41d1-b6cc-775f30be1931"": ""519"", ""9e88d5a7-5a83-4985-8798-9d638fb33e34"": ""486"", ""8a607969-37f3-4f99-b818-4c9ce288869e"": ""468"", ""214900a7-58b6-4936-8174-424193ba2fc5"": {""distance"": ""447"", ""par"": ""5""}}"
356a82b4-7ec6-4132-a12a-c3e2a2eed4c4,ec64e71a-cbdc-4ad2-b067-545d61da3bfa,15,3,"{""7fe7a1f7-69f7-41d1-b6cc-775f30be1931"": ""154"", ""9e88d5a7-5a83-4985-8798-9d638fb33e34"": ""136"", ""8a607969-37f3-4f99-b818-4c9ce288869e"": ""121"", ""214900a7-58b6-4936-8174-424193ba2fc5"": {""distance"": ""104"", ""par"": ""3""}}"
356a82b4-7ec6-4132-a12a-c3e2a2eed4c4,ec64e71a-cbdc-4ad2-b067-545d61da3bfa,16,4,"{""7fe7a1f7-69f7-41d1-b6cc-775f30be1931"": ""316"", ""9e88d5a7-5a83-4985-8798-9d638fb33e34"": ""293"", ""8a607969-37f3-4f99-b818-4c9ce288869e"": ""274"", ""214900a7-58b6-4936-8174-424193ba2fc5"": {""distance"": ""235"", ""par"": ""4""}}"
356a82b4-7ec6-4132-a12a-c3e2a2eed4c4,ec64e71a-cbdc-4ad2-b067-545d61da3bfa,17,4,"{""7fe7a1f7-69f7-41d1-b6cc-775f30be1931"": ""325"", ""9e88d5a7-5a83-4985-8798-9d638fb33e34"": ""304"", ""8a607969-37f3-4f99-b818-4c9ce288869e"": ""274"", ""214900a7-58b6-4936-8174-424193ba2fc5"": {""distance"": ""263"", ""par"": ""4""}}"
356a82b4-7ec6-4132-a12a-c3e2a2eed4c4,ec64e71a-cbdc-4ad2-b067-545d61da3bfa,18,5,"{""7fe7a1f7-69f7-41d1-b6cc-775f30be1931"": ""473"", ""9e88d5a7-5a83-4985-8798-9d638fb33e34"": ""451"", ""8a607969-37f3-4f99-b818-4c9ce288869e"": ""429"", ""214900a7-58b6-4936-8174-424193ba2fc5"": {""distance"": ""405"", ""par"": ""5""}}"
36d3fa74-bfcd-40f0-ad12-de7d7bfddebc,ec64e71a-cbdc-4ad2-b067-545d61da3bfa,1,3,"{""6f039b49-fcb6-4b3f-a0e1-6abb41bc0df7"": {""distance"": ""91"", ""par"": ""3""}}"
36d3fa74-bfcd-40f0-ad12-de7d7bfddebc,ec64e71a-cbdc-4ad2-b067-545d61da3bfa,2,3,"{""6f039b49-fcb6-4b3f-a0e1-6abb41bc0df7"": {""distance"": ""90"", ""par"": ""3""}}"
36d3fa74-bfcd-40f0-ad12-de7d7bfddebc,ec64e71a-cbdc-4ad2-b067-545d61da3bfa,3,3,"{""6f039b49-fcb6-4b3f-a0e1-6abb41bc0df7"": {""distance"": ""80"", ""par"": ""3""}}"
36d3fa74-bfcd-40f0-ad12-de7d7bfddebc,ec64e71a-cbdc-4ad2-b067-545d61da3bfa,4,3,"{""6f039b49-fcb6-4b3f-a0e1-6abb41bc0df7"": {""distance"": ""118"", ""par"": ""3""}}"
36d3fa74-bfcd-40f0-ad12-de7d7bfddebc,ec64e71a-cbdc-4ad2-b067-545d61da3bfa,5,3,"{""6f039b49-fcb6-4b3f-a0e1-6abb41bc0df7"": {""distance"": ""43"", ""par"": ""3""}}"
36d3fa74-bfcd-40f0-ad12-de7d7bfddebc,ec64e71a-cbdc-4ad2-b067-545d61da3bfa,6,3,"{""6f039b49-fcb6-4b3f-a0e1-6abb41bc0df7"": {""distance"": ""106"", ""par"": ""3""}}"
36d3fa74-bfcd-40f0-ad12-de7d7bfddebc,ec64e71a-cbdc-4ad2-b067-545d61da3bfa,7,3,"{""6f039b49-fcb6-4b3f-a0e1-6abb41bc0df7"": {""distance"": ""115"", ""par"": ""3""}}"
36d3fa74-bfcd-40f0-ad12-de7d7bfddebc,ec64e71a-cbdc-4ad2-b067-545d61da3bfa,8,3,"{""6f039b49-fcb6-4b3f-a0e1-6abb41bc0df7"": {""distance"": ""107"", ""par"": ""3""}}"
36d3fa74-bfcd-40f0-ad12-de7d7bfddebc,ec64e71a-cbdc-4ad2-b067-545d61da3bfa,9,3,"{""6f039b49-fcb6-4b3f-a0e1-6abb41bc0df7"": {""distance"": ""66"", ""par"": ""3""}}"
36d3fa74-bfcd-40f0-ad12-de7d7bfddebc,ec64e71a-cbdc-4ad2-b067-545d61da3bfa,10,3,"{""6f039b49-fcb6-4b3f-a0e1-6abb41bc0df7"": {""distance"": ""120"", ""par"": ""3""}}"
36d3fa74-bfcd-40f0-ad12-de7d7bfddebc,ec64e71a-cbdc-4ad2-b067-545d61da3bfa,11,3,"{""6f039b49-fcb6-4b3f-a0e1-6abb41bc0df7"": {""distance"": ""76"", ""par"": ""3""}}"
36d3fa74-bfcd-40f0-ad12-de7d7bfddebc,ec64e71a-cbdc-4ad2-b067-545d61da3bfa,12,3,"{""6f039b49-fcb6-4b3f-a0e1-6abb41bc0df7"": {""distance"": ""111"", ""par"": ""3""}}"
36d3fa74-bfcd-40f0-ad12-de7d7bfddebc,ec64e71a-cbdc-4ad2-b067-545d61da3bfa,13,3,"{""6f039b49-fcb6-4b3f-a0e1-6abb41bc0df7"": {""distance"": ""102"", ""par"": ""3""}}"
36d3fa74-bfcd-40f0-ad12-de7d7bfddebc,ec64e71a-cbdc-4ad2-b067-545d61da3bfa,14,3,"{""6f039b49-fcb6-4b3f-a0e1-6abb41bc0df7"": {""distance"": ""69"", ""par"": ""3""}}"
36d3fa74-bfcd-40f0-ad12-de7d7bfddebc,ec64e71a-cbdc-4ad2-b067-545d61da3bfa,15,3,"{""6f039b49-fcb6-4b3f-a0e1-6abb41bc0df7"": {""distance"": ""71"", ""par"": ""3""}}"
36d3fa74-bfcd-40f0-ad12-de7d7bfddebc,ec64e71a-cbdc-4ad2-b067-545d61da3bfa,16,3,"{""6f039b49-fcb6-4b3f-a0e1-6abb41bc0df7"": {""distance"": ""120"", ""par"": ""3""}}"
36d3fa74-bfcd-40f0-ad12-de7d7bfddebc,ec64e71a-cbdc-4ad2-b067-545d61da3bfa,17,3,"{""6f039b49-fcb6-4b3f-a0e1-6abb41bc0df7"": {""distance"": ""96"", ""par"": ""3""}}"
36d3fa74-bfcd-40f0-ad12-de7d7bfddebc,ec64e71a-cbdc-4ad2-b067-545d61da3bfa,18,3,"{""6f039b49-fcb6-4b3f-a0e1-6abb41bc0df7"": {""distance"": ""96"", ""par"": ""3""}}"
9d4bcb8c-915c-43ea-b199-30b5f5abc67c,caaffd12-3c94-430c-9deb-d12092896087,1,4,"{""2b0734d7-339d-4679-a583-623b2a9a5510"": ""-"", ""fa020324-d741-41bd-88c2-a4d21546e35b"": ""392"", ""7f90fb2b-a539-4191-bc5e-7f787c59e1bf"": ""-"", ""0062cbf2-db5f-4a7e-9808-156f27de55b8"": {""distance"": ""-"", ""par"": ""4""}}"
9d4bcb8c-915c-43ea-b199-30b5f5abc67c,caaffd12-3c94-430c-9deb-d12092896087,2,3,"{""2b0734d7-339d-4679-a583-623b2a9a5510"": ""-"", ""fa020324-d741-41bd-88c2-a4d21546e35b"": ""167"", ""7f90fb2b-a539-4191-bc5e-7f787c59e1bf"": ""-"", ""0062cbf2-db5f-4a7e-9808-156f27de55b8"": {""distance"": ""-"", ""par"": ""3""}}"
9d4bcb8c-915c-43ea-b199-30b5f5abc67c,caaffd12-3c94-430c-9deb-d12092896087,3,4,"{""2b0734d7-339d-4679-a583-623b2a9a5510"": ""-"", ""fa020324-d741-41bd-88c2-a4d21546e35b"": ""299"", ""7f90fb2b-a539-4191-bc5e-7f787c59e1bf"": ""-"", ""0062cbf2-db5f-4a7e-9808-156f27de55b8"": {""distance"": ""-"", ""par"": ""4""}}"
9d4bcb8c-915c-43ea-b199-30b5f5abc67c,caaffd12-3c94-430c-9deb-d12092896087,4,5,"{""2b0734d7-339d-4679-a583-623b2a9a5510"": ""-"", ""fa020324-d741-41bd-88c2-a4d21546e35b"": ""473"", ""7f90fb2b-a539-4191-bc5e-7f787c59e1bf"": ""-"", ""0062cbf2-db5f-4a7e-9808-156f27de55b8"": {""distance"": ""-"", ""par"": ""5""}}"
9d4bcb8c-915c-43ea-b199-30b5f5abc67c,caaffd12-3c94-430c-9deb-d12092896087,5,4,"{""2b0734d7-339d-4679-a583-623b2a9a5510"": ""-"", ""fa020324-d741-41bd-88c2-a4d21546e35b"": ""357"", ""7f90fb2b-a539-4191-bc5e-7f787c59e1bf"": ""-"", ""0062cbf2-db5f-4a7e-9808-156f27de55b8"": {""distance"": ""-"", ""par"": ""4""}}"
9d4bcb8c-915c-43ea-b199-30b5f5abc67c,caaffd12-3c94-430c-9deb-d12092896087,6,3,"{""2b0734d7-339d-4679-a583-623b2a9a5510"": ""-"", ""fa020324-d741-41bd-88c2-a4d21546e35b"": ""182"", ""7f90fb2b-a539-4191-bc5e-7f787c59e1bf"": ""-"", ""0062cbf2-db5f-4a7e-9808-156f27de55b8"": {""distance"": ""-"", ""par"": ""3""}}"
9d4bcb8c-915c-43ea-b199-30b5f5abc67c,caaffd12-3c94-430c-9deb-d12092896087,7,5,"{""2b0734d7-339d-4679-a583-623b2a9a5510"": ""-"", ""fa020324-d741-41bd-88c2-a4d21546e35b"": ""469"", ""7f90fb2b-a539-4191-bc5e-7f787c59e1bf"": ""-"", ""0062cbf2-db5f-4a7e-9808-156f27de55b8"": {""distance"": ""-"", ""par"": ""5""}}"
9d4bcb8c-915c-43ea-b199-30b5f5abc67c,caaffd12-3c94-430c-9deb-d12092896087,8,4,"{""2b0734d7-339d-4679-a583-623b2a9a5510"": ""-"", ""fa020324-d741-41bd-88c2-a4d21546e35b"": ""373"", ""7f90fb2b-a539-4191-bc5e-7f787c59e1bf"": ""-"", ""0062cbf2-db5f-4a7e-9808-156f27de55b8"": {""distance"": ""-"", ""par"": ""4""}}"
9d4bcb8c-915c-43ea-b199-30b5f5abc67c,caaffd12-3c94-430c-9deb-d12092896087,9,3,"{""2b0734d7-339d-4679-a583-623b2a9a5510"": ""-"", ""fa020324-d741-41bd-88c2-a4d21546e35b"": ""180"", ""7f90fb2b-a539-4191-bc5e-7f787c59e1bf"": ""-"", ""0062cbf2-db5f-4a7e-9808-156f27de55b8"": {""distance"": ""-"", ""par"": ""3""}}"
9d4bcb8c-915c-43ea-b199-30b5f5abc67c,caaffd12-3c94-430c-9deb-d12092896087,10,4,"{""2b0734d7-339d-4679-a583-623b2a9a5510"": ""-"", ""fa020324-d741-41bd-88c2-a4d21546e35b"": ""346"", ""7f90fb2b-a539-4191-bc5e-7f787c59e1bf"": ""-"", ""0062cbf2-db5f-4a7e-9808-156f27de55b8"": {""distance"": ""-"", ""par"": ""4""}}"
9d4bcb8c-915c-43ea-b199-30b5f5abc67c,caaffd12-3c94-430c-9deb-d12092896087,11,4,"{""2b0734d7-339d-4679-a583-623b2a9a5510"": ""-"", ""fa020324-d741-41bd-88c2-a4d21546e35b"": ""353"", ""7f90fb2b-a539-4191-bc5e-7f787c59e1bf"": ""-"", ""0062cbf2-db5f-4a7e-9808-156f27de55b8"": {""distance"": ""-"", ""par"": ""4""}}"
9d4bcb8c-915c-43ea-b199-30b5f5abc67c,caaffd12-3c94-430c-9deb-d12092896087,12,3,"{""2b0734d7-339d-4679-a583-623b2a9a5510"": ""-"", ""fa020324-d741-41bd-88c2-a4d21546e35b"": ""175"", ""7f90fb2b-a539-4191-bc5e-7f787c59e1bf"": ""-"", ""0062cbf2-db5f-4a7e-9808-156f27de55b8"": {""distance"": ""-"", ""par"": ""3""}}"
9d4bcb8c-915c-43ea-b199-30b5f5abc67c,caaffd12-3c94-430c-9deb-d12092896087,13,4,"{""2b0734d7-339d-4679-a583-623b2a9a5510"": ""-"", ""fa020324-d741-41bd-88c2-a4d21546e35b"": ""352"", ""7f90fb2b-a539-4191-bc5e-7f787c59e1bf"": ""-"", ""0062cbf2-db5f-4a7e-9808-156f27de55b8"": {""distance"": ""-"", ""par"": ""4""}}"
9d4bcb8c-915c-43ea-b199-30b5f5abc67c,caaffd12-3c94-430c-9deb-d12092896087,14,5,"{""2b0734d7-339d-4679-a583-623b2a9a5510"": ""-"", ""fa020324-d741-41bd-88c2-a4d21546e35b"": ""462"", ""7f90fb2b-a539-4191-bc5e-7f787c59e1bf"": ""-"", ""0062cbf2-db5f-4a7e-9808-156f27de55b8"": {""distance"": ""-"", ""par"": ""5""}}"
9d4bcb8c-915c-43ea-b199-30b5f5abc67c,caaffd12-3c94-430c-9deb-d12092896087,15,3,"{""2b0734d7-339d-4679-a583-623b2a9a5510"": ""-"", ""fa020324-d741-41bd-88c2-a4d21546e35b"": ""188"", ""7f90fb2b-a539-4191-bc5e-7f787c59e1bf"": ""-"", ""0062cbf2-db5f-4a7e-9808-156f27de55b8"": {""distance"": ""-"", ""par"": ""3""}}"
9d4bcb8c-915c-43ea-b199-30b5f5abc67c,caaffd12-3c94-430c-9deb-d12092896087,16,5,"{""2b0734d7-339d-4679-a583-623b2a9a5510"": ""-"", ""fa020324-d741-41bd-88c2-a4d21546e35b"": ""520"", ""7f90fb2b-a539-4191-bc5e-7f787c59e1bf"": ""-"", ""0062cbf2-db5f-4a7e-9808-156f27de55b8"": {""distance"": ""-"", ""par"": ""5""}}"
9d4bcb8c-915c-43ea-b199-30b5f5abc67c,caaffd12-3c94-430c-9deb-d12092896087,17,3,"{""2b0734d7-339d-4679-a583-623b2a9a5510"": ""-"", ""fa020324-d741-41bd-88c2-a4d21546e35b"": ""133"", ""7f90fb2b-a539-4191-bc5e-7f787c59e1bf"": ""-"", ""0062cbf2-db5f-4a7e-9808-156f27de55b8"": {""distance"": ""-"", ""par"": ""3""}}"
9d4bcb8c-915c-43ea-b199-30b5f5abc67c,caaffd12-3c94-430c-9deb-d12092896087,18,5,"{""2b0734d7-339d-4679-a583-623b2a9a5510"": ""-"", ""fa020324-d741-41bd-88c2-a4d21546e35b"": ""461"", ""7f90fb2b-a539-4191-bc5e-7f787c59e1bf"": ""-"", ""0062cbf2-db5f-4a7e-9808-156f27de55b8"": {""distance"": ""-"", ""par"": ""5""}}"
6b3924c4-c8d4-4354-af34-a8c70ce03c0e,46a24713-46fb-478d-89a4-0364d83fe9dc,1,4,"{""17f30ec0-6a40-4856-b91d-41e77ad0391d"": ""358"", ""77a89dd0-d67c-4133-803a-c40adc89111d"": ""332"", ""6086f314-01c6-453d-9d1c-c054e0d66e82"": ""305"", ""fd31db4c-244c-4f24-8521-cc8b4406c17e"": ""279"", ""fa293f31-e1e2-40aa-a106-f179024f9293"": {""distance"": ""249"", ""par"": ""4""}}"
6b3924c4-c8d4-4354-af34-a8c70ce03c0e,46a24713-46fb-478d-89a4-0364d83fe9dc,2,3,"{""17f30ec0-6a40-4856-b91d-41e77ad0391d"": ""168"", ""77a89dd0-d67c-4133-803a-c40adc89111d"": ""144"", ""6086f314-01c6-453d-9d1c-c054e0d66e82"": ""126"", ""fd31db4c-244c-4f24-8521-cc8b4406c17e"": ""107"", ""fa293f31-e1e2-40aa-a106-f179024f9293"": {""distance"": ""89"", ""par"": ""3""}}"
6b3924c4-c8d4-4354-af34-a8c70ce03c0e,46a24713-46fb-478d-89a4-0364d83fe9dc,3,4,"{""17f30ec0-6a40-4856-b91d-41e77ad0391d"": ""389"", ""77a89dd0-d67c-4133-803a-c40adc89111d"": ""360"", ""6086f314-01c6-453d-9d1c-c054e0d66e82"": ""328"", ""fd31db4c-244c-4f24-8521-cc8b4406c17e"": ""306"", ""fa293f31-e1e2-40aa-a106-f179024f9293"": {""distance"": ""284"", ""par"": ""4""}}"
6b3924c4-c8d4-4354-af34-a8c70ce03c0e,46a24713-46fb-478d-89a4-0364d83fe9dc,4,5,"{""17f30ec0-6a40-4856-b91d-41e77ad0391d"": ""498"", ""77a89dd0-d67c-4133-803a-c40adc89111d"": ""468"", ""6086f314-01c6-453d-9d1c-c054e0d66e82"": ""438"", ""fd31db4c-244c-4f24-8521-cc8b4406c17e"": ""405"", ""fa293f31-e1e2-40aa-a106-f179024f9293"": {""distance"": ""368"", ""par"": ""5""}}"
6b3924c4-c8d4-4354-af34-a8c70ce03c0e,46a24713-46fb-478d-89a4-0364d83fe9dc,5,4,"{""17f30ec0-6a40-4856-b91d-41e77ad0391d"": ""426"", ""77a89dd0-d67c-4133-803a-c40adc89111d"": ""388"", ""6086f314-01c6-453d-9d1c-c054e0d66e82"": ""352"", ""fd31db4c-244c-4f24-8521-cc8b4406c17e"": ""318"", ""fa293f31-e1e2-40aa-a106-f179024f9293"": {""distance"": ""290"", ""par"": ""4""}}"
6b3924c4-c8d4-4354-af34-a8c70ce03c0e,46a24713-46fb-478d-89a4-0364d83fe9dc,6,3,"{""17f30ec0-6a40-4856-b91d-41e77ad0391d"": ""190"", ""77a89dd0-d67c-4133-803a-c40adc89111d"": ""159"", ""6086f314-01c6-453d-9d1c-c054e0d66e82"": ""137"", ""fd31db4c-244c-4f24-8521-cc8b4406c17e"": ""119"", ""fa293f31-e1e2-40aa-a106-f179024f9293"": {""distance"": ""100"", ""par"": ""3""}}"
6b3924c4-c8d4-4354-af34-a8c70ce03c0e,46a24713-46fb-478d-89a4-0364d83fe9dc,7,4,"{""17f30ec0-6a40-4856-b91d-41e77ad0391d"": ""341"", ""77a89dd0-d67c-4133-803a-c40adc89111d"": ""304"", ""6086f314-01c6-453d-9d1c-c054e0d66e82"": ""267"", ""fd31db4c-244c-4f24-8521-cc8b4406c17e"": ""238"", ""fa293f31-e1e2-40aa-a106-f179024f9293"": {""distance"": ""210"", ""par"": ""4""}}"
6b3924c4-c8d4-4354-af34-a8c70ce03c0e,46a24713-46fb-478d-89a4-0364d83fe9dc,8,4,"{""17f30ec0-6a40-4856-b91d-41e77ad0391d"": ""426"", ""77a89dd0-d67c-4133-803a-c40adc89111d"": ""395"", ""6086f314-01c6-453d-9d1c-c054e0d66e82"": ""363"", ""fd31db4c-244c-4f24-8521-cc8b4406c17e"": ""327"", ""fa293f31-e1e2-40aa-a106-f179024f9293"": {""distance"": ""294"", ""par"": ""4""}}"
6b3924c4-c8d4-4354-af34-a8c70ce03c0e,46a24713-46fb-478d-89a4-0364d83fe9dc,9,5,"{""17f30ec0-6a40-4856-b91d-41e77ad0391d"": ""512"", ""77a89dd0-d67c-4133-803a-c40adc89111d"": ""491"", ""6086f314-01c6-453d-9d1c-c054e0d66e82"": ""467"", ""fd31db4c-244c-4f24-8521-cc8b4406c17e"": ""442"", ""fa293f31-e1e2-40aa-a106-f179024f9293"": {""distance"": ""397"", ""par"": ""5""}}"
6b3924c4-c8d4-4354-af34-a8c70ce03c0e,46a24713-46fb-478d-89a4-0364d83fe9dc,10,4,"{""17f30ec0-6a40-4856-b91d-41e77ad0391d"": ""407"", ""77a89dd0-d67c-4133-803a-c40adc89111d"": ""380"", ""6086f314-01c6-453d-9d1c-c054e0d66e82"": ""346"", ""fd31db4c-244c-4f24-8521-cc8b4406c17e"": ""310"", ""fa293f31-e1e2-40aa-a106-f179024f9293"": {""distance"": ""284"", ""par"": ""4""}}"
6b3924c4-c8d4-4354-af34-a8c70ce03c0e,46a24713-46fb-478d-89a4-0364d83fe9dc,11,5,"{""17f30ec0-6a40-4856-b91d-41e77ad0391d"": ""491"", ""77a89dd0-d67c-4133-803a-c40adc89111d"": ""468"", ""6086f314-01c6-453d-9d1c-c054e0d66e82"": ""438"", ""fd31db4c-244c-4f24-8521-cc8b4406c17e"": ""409"", ""fa293f31-e1e2-40aa-a106-f179024f9293"": {""distance"": ""377"", ""par"": ""5""}}"
6b3924c4-c8d4-4354-af34-a8c70ce03c0e,46a24713-46fb-478d-89a4-0364d83fe9dc,12,4,"{""17f30ec0-6a40-4856-b91d-41e77ad0391d"": ""424"", ""77a89dd0-d67c-4133-803a-c40adc89111d"": ""393"", ""6086f314-01c6-453d-9d1c-c054e0d66e82"": ""363"", ""fd31db4c-244c-4f24-8521-cc8b4406c17e"": ""332"", ""fa293f31-e1e2-40aa-a106-f179024f9293"": {""distance"": ""303"", ""par"": ""4""}}"
6b3924c4-c8d4-4354-af34-a8c70ce03c0e,46a24713-46fb-478d-89a4-0364d83fe9dc,13,4,"{""17f30ec0-6a40-4856-b91d-41e77ad0391d"": ""426"", ""77a89dd0-d67c-4133-803a-c40adc89111d"": ""396"", ""6086f314-01c6-453d-9d1c-c054e0d66e82"": ""366"", ""fd31db4c-244c-4f24-8521-cc8b4406c17e"": ""342"", ""fa293f31-e1e2-40aa-a106-f179024f9293"": {""distance"": ""313"", ""par"": ""4""}}"
6b3924c4-c8d4-4354-af34-a8c70ce03c0e,46a24713-46fb-478d-89a4-0364d83fe9dc,14,4,"{""17f30ec0-6a40-4856-b91d-41e77ad0391d"": ""329"", ""77a89dd0-d67c-4133-803a-c40adc89111d"": ""306"", ""6086f314-01c6-453d-9d1c-c054e0d66e82"": ""281"", ""fd31db4c-244c-4f24-8521-cc8b4406c17e"": ""248"", ""fa293f31-e1e2-40aa-a106-f179024f9293"": {""distance"": ""228"", ""par"": ""4""}}"
6b3924c4-c8d4-4354-af34-a8c70ce03c0e,46a24713-46fb-478d-89a4-0364d83fe9dc,15,3,"{""17f30ec0-6a40-4856-b91d-41e77ad0391d"": ""178"", ""77a89dd0-d67c-4133-803a-c40adc89111d"": ""165"", ""6086f314-01c6-453d-9d1c-c054e0d66e82"": ""142"", ""fd31db4c-244c-4f24-8521-cc8b4406c17e"": ""117"", ""fa293f31-e1e2-40aa-a106-f179024f9293"": {""distance"": ""107"", ""par"": ""3""}}"
6b3924c4-c8d4-4354-af34-a8c70ce03c0e,46a24713-46fb-478d-89a4-0364d83fe9dc,16,5,"{""17f30ec0-6a40-4856-b91d-41e77ad0391d"": ""539"", ""77a89dd0-d67c-4133-803a-c40adc89111d"": ""517"", ""6086f314-01c6-453d-9d1c-c054e0d66e82"": ""492"", ""fd31db4c-244c-4f24-8521-cc8b4406c17e"": ""453"", ""fa293f31-e1e2-40aa-a106-f179024f9293"": {""distance"": ""419"", ""par"": ""5""}}"
6b3924c4-c8d4-4354-af34-a8c70ce03c0e,46a24713-46fb-478d-89a4-0364d83fe9dc,17,3,"{""17f30ec0-6a40-4856-b91d-41e77ad0391d"": ""207"", ""77a89dd0-d67c-4133-803a-c40adc89111d"": ""184"", ""6086f314-01c6-453d-9d1c-c054e0d66e82"": ""164"", ""fd31db4c-244c-4f24-8521-cc8b4406c17e"": ""144"", ""fa293f31-e1e2-40aa-a106-f179024f9293"": {""distance"": ""126"", ""par"": ""3""}}"
6b3924c4-c8d4-4354-af34-a8c70ce03c0e,46a24713-46fb-478d-89a4-0364d83fe9dc,18,4,"{""17f30ec0-6a40-4856-b91d-41e77ad0391d"": ""441"", ""77a89dd0-d67c-4133-803a-c40adc89111d"": ""429"", ""6086f314-01c6-453d-9d1c-c054e0d66e82"": ""406"", ""fd31db4c-244c-4f24-8521-cc8b4406c17e"": ""369"", ""fa293f31-e1e2-40aa-a106-f179024f9293"": {""distance"": ""318"", ""par"": ""4""}}"
d8f48a9d-d5cd-49af-b124-0856c2c1cdfa,b1ccbfc7-1f82-4a33-bedf-d54a3fee98eb,1,3,"{""17a0adee-baad-4b38-bbb0-78c7bccba4f6"": ""58"", ""da6cf771-dead-419c-a6b5-08f04077c914"": {""distance"": ""58"", ""par"": ""3""}}"
d8f48a9d-d5cd-49af-b124-0856c2c1cdfa,b1ccbfc7-1f82-4a33-bedf-d54a3fee98eb,2,3,"{""17a0adee-baad-4b38-bbb0-78c7bccba4f6"": ""75"", ""da6cf771-dead-419c-a6b5-08f04077c914"": {""distance"": ""76"", ""par"": ""3""}}"
d8f48a9d-d5cd-49af-b124-0856c2c1cdfa,b1ccbfc7-1f82-4a33-bedf-d54a3fee98eb,3,3,"{""17a0adee-baad-4b38-bbb0-78c7bccba4f6"": ""74"", ""da6cf771-dead-419c-a6b5-08f04077c914"": {""distance"": ""74"", ""par"": ""3""}}"
d8f48a9d-d5cd-49af-b124-0856c2c1cdfa,b1ccbfc7-1f82-4a33-bedf-d54a3fee98eb,4,3,"{""17a0adee-baad-4b38-bbb0-78c7bccba4f6"": ""46"", ""da6cf771-dead-419c-a6b5-08f04077c914"": {""distance"": ""77"", ""par"": ""3""}}"
d8f48a9d-d5cd-49af-b124-0856c2c1cdfa,b1ccbfc7-1f82-4a33-bedf-d54a3fee98eb,5,3,"{""17a0adee-baad-4b38-bbb0-78c7bccba4f6"": ""94"", ""da6cf771-dead-419c-a6b5-08f04077c914"": {""distance"": ""80"", ""par"": ""3""}}"
d8f48a9d-d5cd-49af-b124-0856c2c1cdfa,b1ccbfc7-1f82-4a33-bedf-d54a3fee98eb,6,3,"{""17a0adee-baad-4b38-bbb0-78c7bccba4f6"": ""74"", ""da6cf771-dead-419c-a6b5-08f04077c914"": {""distance"": ""55"", ""par"": ""3""}}"
d8f48a9d-d5cd-49af-b124-0856c2c1cdfa,b1ccbfc7-1f82-4a33-bedf-d54a3fee98eb,7,3,"{""17a0adee-baad-4b38-bbb0-78c7bccba4f6"": ""80"", ""da6cf771-dead-419c-a6b5-08f04077c914"": {""distance"": ""94"", ""par"": ""3""}}"
d8f48a9d-d5cd-49af-b124-0856c2c1cdfa,b1ccbfc7-1f82-4a33-bedf-d54a3fee98eb,8,3,"{""17a0adee-baad-4b38-bbb0-78c7bccba4f6"": ""74"", ""da6cf771-dead-419c-a6b5-08f04077c914"": {""distance"": ""74"", ""par"": ""3""}}"
d8f48a9d-d5cd-49af-b124-0856c2c1cdfa,b1ccbfc7-1f82-4a33-bedf-d54a3fee98eb,9,3,"{""17a0adee-baad-4b38-bbb0-78c7bccba4f6"": ""65"", ""da6cf771-dead-419c-a6b5-08f04077c914"": {""distance"": ""101"", ""par"": ""3""}}"
5759b501-1b0b-4596-8c97-14be8da5ccc7,cb6d11d7-1ff3-4919-887c-d709501ef65f,1,3,"{""113ab86f-d816-49d7-8d00-5174cc40e90f"": {""distance"": ""108"", ""par"": ""3""}}"
5759b501-1b0b-4596-8c97-14be8da5ccc7,cb6d11d7-1ff3-4919-887c-d709501ef65f,2,3,"{""113ab86f-d816-49d7-8d00-5174cc40e90f"": {""distance"": ""91"", ""par"": ""3""}}"
5759b501-1b0b-4596-8c97-14be8da5ccc7,cb6d11d7-1ff3-4919-887c-d709501ef65f,3,4,"{""113ab86f-d816-49d7-8d00-5174cc40e90f"": {""distance"": ""262"", ""par"": ""4""}}"
5759b501-1b0b-4596-8c97-14be8da5ccc7,cb6d11d7-1ff3-4919-887c-d709501ef65f,4,3,"{""113ab86f-d816-49d7-8d00-5174cc40e90f"": {""distance"": ""137"", ""par"": ""3""}}"
5759b501-1b0b-4596-8c97-14be8da5ccc7,cb6d11d7-1ff3-4919-887c-d709501ef65f,5,4,"{""113ab86f-d816-49d7-8d00-5174cc40e90f"": {""distance"": ""256"", ""par"": ""4""}}"
5759b501-1b0b-4596-8c97-14be8da5ccc7,cb6d11d7-1ff3-4919-887c-d709501ef65f,6,3,"{""113ab86f-d816-49d7-8d00-5174cc40e90f"": {""distance"": ""125"", ""par"": ""3""}}"
5759b501-1b0b-4596-8c97-14be8da5ccc7,cb6d11d7-1ff3-4919-887c-d709501ef65f,7,3,"{""113ab86f-d816-49d7-8d00-5174cc40e90f"": {""distance"": ""136"", ""par"": ""3""}}"
5759b501-1b0b-4596-8c97-14be8da5ccc7,cb6d11d7-1ff3-4919-887c-d709501ef65f,8,3,"{""113ab86f-d816-49d7-8d00-5174cc40e90f"": {""distance"": ""74"", ""par"": ""3""}}"
5759b501-1b0b-4596-8c97-14be8da5ccc7,cb6d11d7-1ff3-4919-887c-d709501ef65f,9,3,"{""113ab86f-d816-49d7-8d00-5174cc40e90f"": {""distance"": ""126"", ""par"": ""3""}}"
ee65fdcd-2ff0-4024-ba80-0d4eb4cdf869,d1d5f718-206d-433d-b62c-e37f0d82d87a,1,4,"{""d9c744a8-d67b-4528-a71c-603459b54771"": ""298"", ""cc1c34a0-beae-47c2-9ee9-b5e7e4527ff3"": ""298"", ""200759e4-100b-4011-b98e-5a3248e92a7a"": {""distance"": ""257"", ""par"": ""4""}}"
ee65fdcd-2ff0-4024-ba80-0d4eb4cdf869,d1d5f718-206d-433d-b62c-e37f0d82d87a,2,5,"{""d9c744a8-d67b-4528-a71c-603459b54771"": ""458"", ""cc1c34a0-beae-47c2-9ee9-b5e7e4527ff3"": ""403"", ""200759e4-100b-4011-b98e-5a3248e92a7a"": {""distance"": ""403"", ""par"": ""5""}}"
ee65fdcd-2ff0-4024-ba80-0d4eb4cdf869,d1d5f718-206d-433d-b62c-e37f0d82d87a,3,4,"{""d9c744a8-d67b-4528-a71c-603459b54771"": ""279"", ""cc1c34a0-beae-47c2-9ee9-b5e7e4527ff3"": ""279"", ""200759e4-100b-4011-b98e-5a3248e92a7a"": {""distance"": ""244"", ""par"": ""4""}}"
ee65fdcd-2ff0-4024-ba80-0d4eb4cdf869,d1d5f718-206d-433d-b62c-e37f0d82d87a,4,3,"{""d9c744a8-d67b-4528-a71c-603459b54771"": ""146"", ""cc1c34a0-beae-47c2-9ee9-b5e7e4527ff3"": ""103"", ""200759e4-100b-4011-b98e-5a3248e92a7a"": {""distance"": ""103"", ""par"": ""3""}}"
ee65fdcd-2ff0-4024-ba80-0d4eb4cdf869,d1d5f718-206d-433d-b62c-e37f0d82d87a,5,4,"{""d9c744a8-d67b-4528-a71c-603459b54771"": ""257"", ""cc1c34a0-beae-47c2-9ee9-b5e7e4527ff3"": ""257"", ""200759e4-100b-4011-b98e-5a3248e92a7a"": {""distance"": ""226"", ""par"": ""4""}}"
ee65fdcd-2ff0-4024-ba80-0d4eb4cdf869,d1d5f718-206d-433d-b62c-e37f0d82d87a,6,5,"{""d9c744a8-d67b-4528-a71c-603459b54771"": ""437"", ""cc1c34a0-beae-47c2-9ee9-b5e7e4527ff3"": ""387"", ""200759e4-100b-4011-b98e-5a3248e92a7a"": {""distance"": ""387"", ""par"": ""5""}}"
ee65fdcd-2ff0-4024-ba80-0d4eb4cdf869,d1d5f718-206d-433d-b62c-e37f0d82d87a,7,4,"{""d9c744a8-d67b-4528-a71c-603459b54771"": ""222"", ""cc1c34a0-beae-47c2-9ee9-b5e7e4527ff3"": ""222"", ""200759e4-100b-4011-b98e-5a3248e92a7a"": {""distance"": ""206"", ""par"": ""4""}}"
ee65fdcd-2ff0-4024-ba80-0d4eb4cdf869,d1d5f718-206d-433d-b62c-e37f0d82d87a,8,4,"{""d9c744a8-d67b-4528-a71c-603459b54771"": ""312"", ""cc1c34a0-beae-47c2-9ee9-b5e7e4527ff3"": ""258"", ""200759e4-100b-4011-b98e-5a3248e92a7a"": {""distance"": ""258"", ""par"": ""4""}}"
ee65fdcd-2ff0-4024-ba80-0d4eb4cdf869,d1d5f718-206d-433d-b62c-e37f0d82d87a,9,3,"{""d9c744a8-d67b-4528-a71c-603459b54771"": ""122"", ""cc1c34a0-beae-47c2-9ee9-b5e7e4527ff3"": ""122"", ""200759e4-100b-4011-b98e-5a3248e92a7a"": {""distance"": ""111"", ""par"": ""3""}}"
ee65fdcd-2ff0-4024-ba80-0d4eb4cdf869,d1d5f718-206d-433d-b62c-e37f0d82d87a,10,4,"{""d9c744a8-d67b-4528-a71c-603459b54771"": ""277"", ""cc1c34a0-beae-47c2-9ee9-b5e7e4527ff3"": ""253"", ""200759e4-100b-4011-b98e-5a3248e92a7a"": {""distance"": ""253"", ""par"": ""4""}}"
ee65fdcd-2ff0-4024-ba80-0d4eb4cdf869,d1d5f718-206d-433d-b62c-e37f0d82d87a,11,4,"{""d9c744a8-d67b-4528-a71c-603459b54771"": ""260"", ""cc1c34a0-beae-47c2-9ee9-b5e7e4527ff3"": ""260"", ""200759e4-100b-4011-b98e-5a3248e92a7a"": {""distance"": ""231"", ""par"": ""4""}}"
ee65fdcd-2ff0-4024-ba80-0d4eb4cdf869,d1d5f718-206d-433d-b62c-e37f0d82d87a,12,3,"{""d9c744a8-d67b-4528-a71c-603459b54771"": ""206"", ""cc1c34a0-beae-47c2-9ee9-b5e7e4527ff3"": ""148"", ""200759e4-100b-4011-b98e-5a3248e92a7a"": {""distance"": ""148"", ""par"": ""3""}}"
ee65fdcd-2ff0-4024-ba80-0d4eb4cdf869,d1d5f718-206d-433d-b62c-e37f0d82d87a,13,3,"{""d9c744a8-d67b-4528-a71c-603459b54771"": ""166"", ""cc1c34a0-beae-47c2-9ee9-b5e7e4527ff3"": ""166"", ""200759e4-100b-4011-b98e-5a3248e92a7a"": {""distance"": ""138"", ""par"": ""3""}}"
ee65fdcd-2ff0-4024-ba80-0d4eb4cdf869,d1d5f718-206d-433d-b62c-e37f0d82d87a,14,5,"{""d9c744a8-d67b-4528-a71c-603459b54771"": ""437"", ""cc1c34a0-beae-47c2-9ee9-b5e7e4527ff3"": ""411"", ""200759e4-100b-4011-b98e-5a3248e92a7a"": {""distance"": ""411"", ""par"": ""5""}}"
ee65fdcd-2ff0-4024-ba80-0d4eb4cdf869,d1d5f718-206d-433d-b62c-e37f0d82d87a,15,4,"{""d9c744a8-d67b-4528-a71c-603459b54771"": ""240"", ""cc1c34a0-beae-47c2-9ee9-b5e7e4527ff3"": ""240"", ""200759e4-100b-4011-b98e-5a3248e92a7a"": {""distance"": ""211"", ""par"": ""4""}}"
ee65fdcd-2ff0-4024-ba80-0d4eb4cdf869,d1d5f718-206d-433d-b62c-e37f0d82d87a,16,4,"{""d9c744a8-d67b-4528-a71c-603459b54771"": ""272"", ""cc1c34a0-beae-47c2-9ee9-b5e7e4527ff3"": ""231"", ""200759e4-100b-4011-b98e-5a3248e92a7a"": {""distance"": ""231"", ""par"": ""4""}}"
ee65fdcd-2ff0-4024-ba80-0d4eb4cdf869,d1d5f718-206d-433d-b62c-e37f0d82d87a,17,3,"{""d9c744a8-d67b-4528-a71c-603459b54771"": ""151"", ""cc1c34a0-beae-47c2-9ee9-b5e7e4527ff3"": ""151"", ""200759e4-100b-4011-b98e-5a3248e92a7a"": {""distance"": ""143"", ""par"": ""3""}}"
ee65fdcd-2ff0-4024-ba80-0d4eb4cdf869,d1d5f718-206d-433d-b62c-e37f0d82d87a,18,5,"{""d9c744a8-d67b-4528-a71c-603459b54771"": ""545"", ""cc1c34a0-beae-47c2-9ee9-b5e7e4527ff3"": ""430"", ""200759e4-100b-4011-b98e-5a3248e92a7a"": {""distance"": ""430"", ""par"": ""5""}}"
05ac36d3-598a-4491-93f4-95038a23677a,d1d5f718-206d-433d-b62c-e37f0d82d87a,1,4,"{""3880faaa-cf62-4179-9459-4054b8a330a0"": ""398"", ""95117c51-7e72-4e3c-ae68-cdc7f6d90bd9"": ""330"", ""35c74803-ed85-4865-ac95-05083bbe39ce"": {""distance"": ""320"", ""handicap"": ""2""}, ""c04a7417-c81f-4ede-bd68-0497795860d5"": {""distance"": ""311"", ""handicap"": ""2""}}"
05ac36d3-598a-4491-93f4-95038a23677a,d1d5f718-206d-433d-b62c-e37f0d82d87a,2,5,"{""3880faaa-cf62-4179-9459-4054b8a330a0"": ""487"", ""95117c51-7e72-4e3c-ae68-cdc7f6d90bd9"": ""475"", ""35c74803-ed85-4865-ac95-05083bbe39ce"": {""distance"": ""440"", ""handicap"": ""11""}, ""c04a7417-c81f-4ede-bd68-0497795860d5"": {""distance"": ""411"", ""handicap"": ""11""}}"
05ac36d3-598a-4491-93f4-95038a23677a,d1d5f718-206d-433d-b62c-e37f0d82d87a,3,3,"{""3880faaa-cf62-4179-9459-4054b8a330a0"": ""207"", ""95117c51-7e72-4e3c-ae68-cdc7f6d90bd9"": ""173"", ""35c74803-ed85-4865-ac95-05083bbe39ce"": {""distance"": ""138"", ""handicap"": ""16""}, ""c04a7417-c81f-4ede-bd68-0497795860d5"": {""distance"": ""126"", ""handicap"": ""16""}}"
05ac36d3-598a-4491-93f4-95038a23677a,d1d5f718-206d-433d-b62c-e37f0d82d87a,4,4,"{""3880faaa-cf62-4179-9459-4054b8a330a0"": ""372"", ""95117c51-7e72-4e3c-ae68-cdc7f6d90bd9"": ""328"", ""35c74803-ed85-4865-ac95-05083bbe39ce"": {""distance"": ""300"", ""handicap"": ""3""}, ""c04a7417-c81f-4ede-bd68-0497795860d5"": {""distance"": ""292"", ""handicap"": ""3""}}"
05ac36d3-598a-4491-93f4-95038a23677a,d1d5f718-206d-433d-b62c-e37f0d82d87a,5,4,"{""3880faaa-cf62-4179-9459-4054b8a330a0"": ""355"", ""95117c51-7e72-4e3c-ae68-cdc7f6d90bd9"": ""327"", ""35c74803-ed85-4865-ac95-05083bbe39ce"": {""distance"": ""317"", ""handicap"": ""14""}, ""c04a7417-c81f-4ede-bd68-0497795860d5"": {""distance"": ""281"", ""handicap"": ""14""}}"
05ac36d3-598a-4491-93f4-95038a23677a,d1d5f718-206d-433d-b62c-e37f0d82d87a,6,4,"{""3880faaa-cf62-4179-9459-4054b8a330a0"": ""336"", ""95117c51-7e72-4e3c-ae68-cdc7f6d90bd9"": ""321"", ""35c74803-ed85-4865-ac95-05083bbe39ce"": {""distance"": ""306"", ""handicap"": ""10""}, ""c04a7417-c81f-4ede-bd68-0497795860d5"": {""distance"": ""269"", ""handicap"": ""10""}}"
05ac36d3-598a-4491-93f4-95038a23677a,d1d5f718-206d-433d-b62c-e37f0d82d87a,7,3,"{""3880faaa-cf62-4179-9459-4054b8a330a0"": ""145"", ""95117c51-7e72-4e3c-ae68-cdc7f6d90bd9"": ""135"", ""35c74803-ed85-4865-ac95-05083bbe39ce"": {""distance"": ""130"", ""handicap"": ""18""}, ""c04a7417-c81f-4ede-bd68-0497795860d5"": {""distance"": ""123"", ""handicap"": ""18""}}"
05ac36d3-598a-4491-93f4-95038a23677a,d1d5f718-206d-433d-b62c-e37f0d82d87a,8,5,"{""3880faaa-cf62-4179-9459-4054b8a330a0"": ""518"", ""95117c51-7e72-4e3c-ae68-cdc7f6d90bd9"": ""505"", ""35c74803-ed85-4865-ac95-05083bbe39ce"": {""distance"": ""470"", ""handicap"": ""8""}, ""c04a7417-c81f-4ede-bd68-0497795860d5"": {""distance"": ""433"", ""handicap"": ""8""}}"
05ac36d3-598a-4491-93f4-95038a23677a,d1d5f718-206d-433d-b62c-e37f0d82d87a,9,4,"{""3880faaa-cf62-4179-9459-4054b8a330a0"": ""310"", ""95117c51-7e72-4e3c-ae68-cdc7f6d90bd9"": ""300"", ""35c74803-ed85-4865-ac95-05083bbe39ce"": {""distance"": ""282"", ""handicap"": ""6""}, ""c04a7417-c81f-4ede-bd68-0497795860d5"": {""distance"": ""261"", ""handicap"": ""6""}}"
05ac36d3-598a-4491-93f4-95038a23677a,d1d5f718-206d-433d-b62c-e37f0d82d87a,10,4,"{""3880faaa-cf62-4179-9459-4054b8a330a0"": ""355"", ""95117c51-7e72-4e3c-ae68-cdc7f6d90bd9"": ""309"", ""35c74803-ed85-4865-ac95-05083bbe39ce"": {""distance"": ""270"", ""handicap"": ""17""}, ""c04a7417-c81f-4ede-bd68-0497795860d5"": {""distance"": ""265"", ""handicap"": ""17""}}"
05ac36d3-598a-4491-93f4-95038a23677a,d1d5f718-206d-433d-b62c-e37f0d82d87a,11,3,"{""3880faaa-cf62-4179-9459-4054b8a330a0"": ""191"", ""95117c51-7e72-4e3c-ae68-cdc7f6d90bd9"": ""154"", ""35c74803-ed85-4865-ac95-05083bbe39ce"": {""distance"": ""145"", ""handicap"": ""15""}, ""c04a7417-c81f-4ede-bd68-0497795860d5"": {""distance"": ""138"", ""handicap"": ""15""}}"
05ac36d3-598a-4491-93f4-95038a23677a,d1d5f718-206d-433d-b62c-e37f0d82d87a,12,4,"{""3880faaa-cf62-4179-9459-4054b8a330a0"": ""412"", ""95117c51-7e72-4e3c-ae68-cdc7f6d90bd9"": ""393"", ""35c74803-ed85-4865-ac95-05083bbe39ce"": {""distance"": ""353"", ""handicap"": ""5""}, ""c04a7417-c81f-4ede-bd68-0497795860d5"": {""distance"": ""322"", ""handicap"": ""5""}}"
05ac36d3-598a-4491-93f4-95038a23677a,d1d5f718-206d-433d-b62c-e37f0d82d87a,13,4,"{""3880faaa-cf62-4179-9459-4054b8a330a0"": ""356"", ""95117c51-7e72-4e3c-ae68-cdc7f6d90bd9"": ""334"", ""35c74803-ed85-4865-ac95-05083bbe39ce"": {""distance"": ""309"", ""handicap"": ""1""}, ""c04a7417-c81f-4ede-bd68-0497795860d5"": {""distance"": ""300"", ""handicap"": ""1""}}"
05ac36d3-598a-4491-93f4-95038a23677a,d1d5f718-206d-433d-b62c-e37f0d82d87a,14,5,"{""3880faaa-cf62-4179-9459-4054b8a330a0"": ""544"", ""95117c51-7e72-4e3c-ae68-cdc7f6d90bd9"": ""517"", ""35c74803-ed85-4865-ac95-05083bbe39ce"": {""distance"": ""440"", ""handicap"": ""4""}, ""c04a7417-c81f-4ede-bd68-0497795860d5"": {""distance"": ""420"", ""handicap"": ""4""}}"
05ac36d3-598a-4491-93f4-95038a23677a,d1d5f718-206d-433d-b62c-e37f0d82d87a,15,4,"{""3880faaa-cf62-4179-9459-4054b8a330a0"": ""421"", ""95117c51-7e72-4e3c-ae68-cdc7f6d90bd9"": ""321"", ""35c74803-ed85-4865-ac95-05083bbe39ce"": {""distance"": ""306"", ""handicap"": ""7""}, ""c04a7417-c81f-4ede-bd68-0497795860d5"": {""distance"": ""288"", ""handicap"": ""7""}}"
05ac36d3-598a-4491-93f4-95038a23677a,d1d5f718-206d-433d-b62c-e37f0d82d87a,16,3,"{""3880faaa-cf62-4179-9459-4054b8a330a0"": ""218"", ""95117c51-7e72-4e3c-ae68-cdc7f6d90bd9"": ""195"", ""35c74803-ed85-4865-ac95-05083bbe39ce"": {""distance"": ""168"", ""handicap"": ""12""}, ""c04a7417-c81f-4ede-bd68-0497795860d5"": {""distance"": ""156"", ""handicap"": ""12""}}"
05ac36d3-598a-4491-93f4-95038a23677a,d1d5f718-206d-433d-b62c-e37f0d82d87a,17,5,"{""3880faaa-cf62-4179-9459-4054b8a330a0"": ""460"", ""95117c51-7e72-4e3c-ae68-cdc7f6d90bd9"": ""447"", ""35c74803-ed85-4865-ac95-05083bbe39ce"": {""distance"": ""407"", ""handicap"": ""13""}, ""c04a7417-c81f-4ede-bd68-0497795860d5"": {""distance"": ""386"", ""handicap"": ""13""}}"
05ac36d3-598a-4491-93f4-95038a23677a,d1d5f718-206d-433d-b62c-e37f0d82d87a,18,4,"{""3880faaa-cf62-4179-9459-4054b8a330a0"": ""320"", ""95117c51-7e72-4e3c-ae68-cdc7f6d90bd9"": ""308"", ""35c74803-ed85-4865-ac95-05083bbe39ce"": {""distance"": ""290"", ""handicap"": ""9""}, ""c04a7417-c81f-4ede-bd68-0497795860d5"": {""distance"": ""273"", ""handicap"": ""9""}}"
5909caa5-9140-4754-a61c-77d0b3c3158d,1c785d74-0489-433e-bbb0-3b7d4c6f28e4,1,4,"{""1c59d976-0414-4f1f-873f-d912dfff3508"": ""-"", ""9408b6d3-f45b-4dd2-a406-56a86277e578"": ""-"", ""48f72379-c7ac-4889-b7da-593478175535"": ""-"", ""c648c8ca-2a54-4109-92ab-e311810048c8"": {""distance"": ""-"", ""par"": ""4""}}"
5909caa5-9140-4754-a61c-77d0b3c3158d,1c785d74-0489-433e-bbb0-3b7d4c6f28e4,2,4,"{""1c59d976-0414-4f1f-873f-d912dfff3508"": ""-"", ""9408b6d3-f45b-4dd2-a406-56a86277e578"": ""-"", ""48f72379-c7ac-4889-b7da-593478175535"": ""-"", ""c648c8ca-2a54-4109-92ab-e311810048c8"": {""distance"": ""-"", ""par"": ""4""}}"
5909caa5-9140-4754-a61c-77d0b3c3158d,1c785d74-0489-433e-bbb0-3b7d4c6f28e4,3,4,"{""1c59d976-0414-4f1f-873f-d912dfff3508"": ""-"", ""9408b6d3-f45b-4dd2-a406-56a86277e578"": ""-"", ""48f72379-c7ac-4889-b7da-593478175535"": ""-"", ""c648c8ca-2a54-4109-92ab-e311810048c8"": {""distance"": ""-"", ""par"": ""4""}}"
5909caa5-9140-4754-a61c-77d0b3c3158d,1c785d74-0489-433e-bbb0-3b7d4c6f28e4,4,4,"{""1c59d976-0414-4f1f-873f-d912dfff3508"": ""-"", ""9408b6d3-f45b-4dd2-a406-56a86277e578"": ""-"", ""48f72379-c7ac-4889-b7da-593478175535"": ""-"", ""c648c8ca-2a54-4109-92ab-e311810048c8"": {""distance"": ""-"", ""par"": ""4""}}"
5909caa5-9140-4754-a61c-77d0b3c3158d,1c785d74-0489-433e-bbb0-3b7d4c6f28e4,5,4,"{""1c59d976-0414-4f1f-873f-d912dfff3508"": ""-"", ""9408b6d3-f45b-4dd2-a406-56a86277e578"": ""-"", ""48f72379-c7ac-4889-b7da-593478175535"": ""-"", ""c648c8ca-2a54-4109-92ab-e311810048c8"": {""distance"": ""-"", ""par"": ""4""}}"
5909caa5-9140-4754-a61c-77d0b3c3158d,1c785d74-0489-433e-bbb0-3b7d4c6f28e4,6,3,"{""1c59d976-0414-4f1f-873f-d912dfff3508"": ""-"", ""9408b6d3-f45b-4dd2-a406-56a86277e578"": ""-"", ""48f72379-c7ac-4889-b7da-593478175535"": ""-"", ""c648c8ca-2a54-4109-92ab-e311810048c8"": {""distance"": ""-"", ""par"": ""3""}}"
5909caa5-9140-4754-a61c-77d0b3c3158d,1c785d74-0489-433e-bbb0-3b7d4c6f28e4,7,5,"{""1c59d976-0414-4f1f-873f-d912dfff3508"": ""-"", ""9408b6d3-f45b-4dd2-a406-56a86277e578"": ""-"", ""48f72379-c7ac-4889-b7da-593478175535"": ""-"", ""c648c8ca-2a54-4109-92ab-e311810048c8"": {""distance"": ""-"", ""par"": ""5""}}"
5909caa5-9140-4754-a61c-77d0b3c3158d,1c785d74-0489-433e-bbb0-3b7d4c6f28e4,8,3,"{""1c59d976-0414-4f1f-873f-d912dfff3508"": ""-"", ""9408b6d3-f45b-4dd2-a406-56a86277e578"": ""-"", ""48f72379-c7ac-4889-b7da-593478175535"": ""-"", ""c648c8ca-2a54-4109-92ab-e311810048c8"": {""distance"": ""-"", ""par"": ""3""}}"
5909caa5-9140-4754-a61c-77d0b3c3158d,1c785d74-0489-433e-bbb0-3b7d4c6f28e4,9,4,"{""1c59d976-0414-4f1f-873f-d912dfff3508"": ""-"", ""9408b6d3-f45b-4dd2-a406-56a86277e578"": ""-"", ""48f72379-c7ac-4889-b7da-593478175535"": ""-"", ""c648c8ca-2a54-4109-92ab-e311810048c8"": {""distance"": ""-"", ""par"": ""4""}}"
5909caa5-9140-4754-a61c-77d0b3c3158d,1c785d74-0489-433e-bbb0-3b7d4c6f28e4,10,3,"{""1c59d976-0414-4f1f-873f-d912dfff3508"": ""-"", ""9408b6d3-f45b-4dd2-a406-56a86277e578"": ""-"", ""48f72379-c7ac-4889-b7da-593478175535"": ""-"", ""c648c8ca-2a54-4109-92ab-e311810048c8"": {""distance"": ""-"", ""par"": ""3""}}"
5909caa5-9140-4754-a61c-77d0b3c3158d,1c785d74-0489-433e-bbb0-3b7d4c6f28e4,11,5,"{""1c59d976-0414-4f1f-873f-d912dfff3508"": ""-"", ""9408b6d3-f45b-4dd2-a406-56a86277e578"": ""-"", ""48f72379-c7ac-4889-b7da-593478175535"": ""-"", ""c648c8ca-2a54-4109-92ab-e311810048c8"": {""distance"": ""-"", ""par"": ""5""}}"
5909caa5-9140-4754-a61c-77d0b3c3158d,1c785d74-0489-433e-bbb0-3b7d4c6f28e4,12,3,"{""1c59d976-0414-4f1f-873f-d912dfff3508"": ""-"", ""9408b6d3-f45b-4dd2-a406-56a86277e578"": ""-"", ""48f72379-c7ac-4889-b7da-593478175535"": ""-"", ""c648c8ca-2a54-4109-92ab-e311810048c8"": {""distance"": ""-"", ""par"": ""3""}}"
5909caa5-9140-4754-a61c-77d0b3c3158d,1c785d74-0489-433e-bbb0-3b7d4c6f28e4,13,4,"{""1c59d976-0414-4f1f-873f-d912dfff3508"": ""-"", ""9408b6d3-f45b-4dd2-a406-56a86277e578"": ""-"", ""48f72379-c7ac-4889-b7da-593478175535"": ""-"", ""c648c8ca-2a54-4109-92ab-e311810048c8"": {""distance"": ""-"", ""par"": ""4""}}"
5909caa5-9140-4754-a61c-77d0b3c3158d,1c785d74-0489-433e-bbb0-3b7d4c6f28e4,14,4,"{""1c59d976-0414-4f1f-873f-d912dfff3508"": ""-"", ""9408b6d3-f45b-4dd2-a406-56a86277e578"": ""-"", ""48f72379-c7ac-4889-b7da-593478175535"": ""-"", ""c648c8ca-2a54-4109-92ab-e311810048c8"": {""distance"": ""-"", ""par"": ""4""}}"
5909caa5-9140-4754-a61c-77d0b3c3158d,1c785d74-0489-433e-bbb0-3b7d4c6f28e4,15,4,"{""1c59d976-0414-4f1f-873f-d912dfff3508"": ""-"", ""9408b6d3-f45b-4dd2-a406-56a86277e578"": ""-"", ""48f72379-c7ac-4889-b7da-593478175535"": ""-"", ""c648c8ca-2a54-4109-92ab-e311810048c8"": {""distance"": ""-"", ""par"": ""4""}}"
5909caa5-9140-4754-a61c-77d0b3c3158d,1c785d74-0489-433e-bbb0-3b7d4c6f28e4,16,5,"{""1c59d976-0414-4f1f-873f-d912dfff3508"": ""-"", ""9408b6d3-f45b-4dd2-a406-56a86277e578"": ""-"", ""48f72379-c7ac-4889-b7da-593478175535"": ""-"", ""c648c8ca-2a54-4109-92ab-e311810048c8"": {""distance"": ""-"", ""par"": ""5""}}"
5909caa5-9140-4754-a61c-77d0b3c3158d,1c785d74-0489-433e-bbb0-3b7d4c6f28e4,17,3,"{""1c59d976-0414-4f1f-873f-d912dfff3508"": ""-"", ""9408b6d3-f45b-4dd2-a406-56a86277e578"": ""-"", ""48f72379-c7ac-4889-b7da-593478175535"": ""-"", ""c648c8ca-2a54-4109-92ab-e311810048c8"": {""distance"": ""-"", ""par"": ""3""}}"
5909caa5-9140-4754-a61c-77d0b3c3158d,1c785d74-0489-433e-bbb0-3b7d4c6f28e4,18,4,"{""1c59d976-0414-4f1f-873f-d912dfff3508"": ""-"", ""9408b6d3-f45b-4dd2-a406-56a86277e578"": ""-"", ""48f72379-c7ac-4889-b7da-593478175535"": ""-"", ""c648c8ca-2a54-4109-92ab-e311810048c8"": {""distance"": ""-"", ""par"": ""4""}}"
dc333ef0-9719-4769-a321-38355c01aff5,d8ef380c-064a-470c-ad0d-1a945e8a3b6c,1,4,"{""61ef4560-7c27-4c01-a3e4-0081c6e1f147"": ""388"", ""95c5849a-85c4-4647-a6e0-578ecaef857e"": ""351"", ""d3205249-2191-4e4f-a7b3-30b9eb2167e5"": ""336"", ""b7a4cbbf-2d5f-4d90-bdbe-67c18e1c89cd"": {""distance"": ""290"", ""par"": ""4""}}"
dc333ef0-9719-4769-a321-38355c01aff5,d8ef380c-064a-470c-ad0d-1a945e8a3b6c,2,4,"{""61ef4560-7c27-4c01-a3e4-0081c6e1f147"": ""398"", ""95c5849a-85c4-4647-a6e0-578ecaef857e"": ""371"", ""d3205249-2191-4e4f-a7b3-30b9eb2167e5"": ""350"", ""b7a4cbbf-2d5f-4d90-bdbe-67c18e1c89cd"": {""distance"": ""304"", ""par"": ""4""}}"
dc333ef0-9719-4769-a321-38355c01aff5,d8ef380c-064a-470c-ad0d-1a945e8a3b6c,3,4,"{""61ef4560-7c27-4c01-a3e4-0081c6e1f147"": ""372"", ""95c5849a-85c4-4647-a6e0-578ecaef857e"": ""333"", ""d3205249-2191-4e4f-a7b3-30b9eb2167e5"": ""303"", ""b7a4cbbf-2d5f-4d90-bdbe-67c18e1c89cd"": {""distance"": ""286"", ""par"": ""4""}}"
dc333ef0-9719-4769-a321-38355c01aff5,d8ef380c-064a-470c-ad0d-1a945e8a3b6c,4,3,"{""61ef4560-7c27-4c01-a3e4-0081c6e1f147"": ""160"", ""95c5849a-85c4-4647-a6e0-578ecaef857e"": ""143"", ""d3205249-2191-4e4f-a7b3-30b9eb2167e5"": ""132"", ""b7a4cbbf-2d5f-4d90-bdbe-67c18e1c89cd"": {""distance"": ""128"", ""par"": ""3""}}"
dc333ef0-9719-4769-a321-38355c01aff5,d8ef380c-064a-470c-ad0d-1a945e8a3b6c,5,5,"{""61ef4560-7c27-4c01-a3e4-0081c6e1f147"": ""425"", ""95c5849a-85c4-4647-a6e0-578ecaef857e"": ""423"", ""d3205249-2191-4e4f-a7b3-30b9eb2167e5"": ""406"", ""b7a4cbbf-2d5f-4d90-bdbe-67c18e1c89cd"": {""distance"": ""391"", ""par"": ""5""}}"
dc333ef0-9719-4769-a321-38355c01aff5,d8ef380c-064a-470c-ad0d-1a945e8a3b6c,6,4,"{""61ef4560-7c27-4c01-a3e4-0081c6e1f147"": ""335"", ""95c5849a-85c4-4647-a6e0-578ecaef857e"": ""322"", ""d3205249-2191-4e4f-a7b3-30b9eb2167e5"": ""294"", ""b7a4cbbf-2d5f-4d90-bdbe-67c18e1c89cd"": {""distance"": ""254"", ""par"": ""4""}}"
dc333ef0-9719-4769-a321-38355c01aff5,d8ef380c-064a-470c-ad0d-1a945e8a3b6c,7,4,"{""61ef4560-7c27-4c01-a3e4-0081c6e1f147"": ""336"", ""95c5849a-85c4-4647-a6e0-578ecaef857e"": ""307"", ""d3205249-2191-4e4f-a7b3-30b9eb2167e5"": ""276"", ""b7a4cbbf-2d5f-4d90-bdbe-67c18e1c89cd"": {""distance"": ""241"", ""par"": ""4""}}"
dc333ef0-9719-4769-a321-38355c01aff5,d8ef380c-064a-470c-ad0d-1a945e8a3b6c,8,5,"{""61ef4560-7c27-4c01-a3e4-0081c6e1f147"": ""456"", ""95c5849a-85c4-4647-a6e0-578ecaef857e"": ""415"", ""d3205249-2191-4e4f-a7b3-30b9eb2167e5"": ""365"", ""b7a4cbbf-2d5f-4d90-bdbe-67c18e1c89cd"": {""distance"": ""364"", ""par"": ""5""}}"
dc333ef0-9719-4769-a321-38355c01aff5,d8ef380c-064a-470c-ad0d-1a945e8a3b6c,9,3,"{""61ef4560-7c27-4c01-a3e4-0081c6e1f147"": ""169"", ""95c5849a-85c4-4647-a6e0-578ecaef857e"": ""152"", ""d3205249-2191-4e4f-a7b3-30b9eb2167e5"": ""145"", ""b7a4cbbf-2d5f-4d90-bdbe-67c18e1c89cd"": {""distance"": ""106"", ""par"": ""3""}}"
dc333ef0-9719-4769-a321-38355c01aff5,d8ef380c-064a-470c-ad0d-1a945e8a3b6c,10,3,"{""61ef4560-7c27-4c01-a3e4-0081c6e1f147"": ""124"", ""95c5849a-85c4-4647-a6e0-578ecaef857e"": ""122"", ""d3205249-2191-4e4f-a7b3-30b9eb2167e5"": ""84"", ""b7a4cbbf-2d5f-4d90-bdbe-67c18e1c89cd"": {""distance"": ""82"", ""par"": ""3""}}"
dc333ef0-9719-4769-a321-38355c01aff5,d8ef380c-064a-470c-ad0d-1a945e8a3b6c,11,4,"{""61ef4560-7c27-4c01-a3e4-0081c6e1f147"": ""256"", ""95c5849a-85c4-4647-a6e0-578ecaef857e"": ""252"", ""d3205249-2191-4e4f-a7b3-30b9eb2167e5"": ""226"", ""b7a4cbbf-2d5f-4d90-bdbe-67c18e1c89cd"": {""distance"": ""223"", ""par"": ""4""}}"
dc333ef0-9719-4769-a321-38355c01aff5,d8ef380c-064a-470c-ad0d-1a945e8a3b6c,12,4,"{""61ef4560-7c27-4c01-a3e4-0081c6e1f147"": ""370"", ""95c5849a-85c4-4647-a6e0-578ecaef857e"": ""364"", ""d3205249-2191-4e4f-a7b3-30b9eb2167e5"": ""344"", ""b7a4cbbf-2d5f-4d90-bdbe-67c18e1c89cd"": {""distance"": ""316"", ""par"": ""4""}}"
dc333ef0-9719-4769-a321-38355c01aff5,d8ef380c-064a-470c-ad0d-1a945e8a3b6c,13,3,"{""61ef4560-7c27-4c01-a3e4-0081c6e1f147"": ""159"", ""95c5849a-85c4-4647-a6e0-578ecaef857e"": ""144"", ""d3205249-2191-4e4f-a7b3-30b9eb2167e5"": ""129"", ""b7a4cbbf-2d5f-4d90-bdbe-67c18e1c89cd"": {""distance"": ""111"", ""par"": ""3""}}"
dc333ef0-9719-4769-a321-38355c01aff5,d8ef380c-064a-470c-ad0d-1a945e8a3b6c,14,4,"{""61ef4560-7c27-4c01-a3e4-0081c6e1f147"": ""290"", ""95c5849a-85c4-4647-a6e0-578ecaef857e"": ""282"", ""d3205249-2191-4e4f-a7b3-30b9eb2167e5"": ""257"", ""b7a4cbbf-2d5f-4d90-bdbe-67c18e1c89cd"": {""distance"": ""231"", ""par"": ""4""}}"
dc333ef0-9719-4769-a321-38355c01aff5,d8ef380c-064a-470c-ad0d-1a945e8a3b6c,15,3,"{""61ef4560-7c27-4c01-a3e4-0081c6e1f147"": ""119"", ""95c5849a-85c4-4647-a6e0-578ecaef857e"": ""117"", ""d3205249-2191-4e4f-a7b3-30b9eb2167e5"": ""109"", ""b7a4cbbf-2d5f-4d90-bdbe-67c18e1c89cd"": {""distance"": ""94"", ""par"": ""3""}}"
dc333ef0-9719-4769-a321-38355c01aff5,d8ef380c-064a-470c-ad0d-1a945e8a3b6c,16,5,"{""61ef4560-7c27-4c01-a3e4-0081c6e1f147"": ""490"", ""95c5849a-85c4-4647-a6e0-578ecaef857e"": ""472"", ""d3205249-2191-4e4f-a7b3-30b9eb2167e5"": ""381"", ""b7a4cbbf-2d5f-4d90-bdbe-67c18e1c89cd"": {""distance"": ""350"", ""par"": ""5""}}"
dc333ef0-9719-4769-a321-38355c01aff5,d8ef380c-064a-470c-ad0d-1a945e8a3b6c,17,4,"{""61ef4560-7c27-4c01-a3e4-0081c6e1f147"": ""314"", ""95c5849a-85c4-4647-a6e0-578ecaef857e"": ""278"", ""d3205249-2191-4e4f-a7b3-30b9eb2167e5"": ""247"", ""b7a4cbbf-2d5f-4d90-bdbe-67c18e1c89cd"": {""distance"": ""214"", ""par"": ""4""}}"
dc333ef0-9719-4769-a321-38355c01aff5,d8ef380c-064a-470c-ad0d-1a945e8a3b6c,18,5,"{""61ef4560-7c27-4c01-a3e4-0081c6e1f147"": ""542"", ""95c5849a-85c4-4647-a6e0-578ecaef857e"": ""486"", ""d3205249-2191-4e4f-a7b3-30b9eb2167e5"": ""411"", ""b7a4cbbf-2d5f-4d90-bdbe-67c18e1c89cd"": {""distance"": ""373"", ""par"": ""5""}}"
84351b51-bff7-48e2-a81f-d4947e2cd441,6fd33c30-5a60-4f11-802d-144d76f67902,1,4,"{""67cc9e06-7fb9-41aa-8f66-026260f132aa"": ""290"", ""9fe7af5a-4640-4158-9cbf-e2fd58f23511"": ""272"", ""730c6b09-6fc0-46fb-8a90-7a37c0f9bd2a"": ""249"", ""b8ebbe55-5dfa-4b20-bd82-4194b9f22e42"": {""distance"": ""232"", ""par"": ""4""}}"
84351b51-bff7-48e2-a81f-d4947e2cd441,6fd33c30-5a60-4f11-802d-144d76f67902,2,3,"{""67cc9e06-7fb9-41aa-8f66-026260f132aa"": ""123"", ""9fe7af5a-4640-4158-9cbf-e2fd58f23511"": ""113"", ""730c6b09-6fc0-46fb-8a90-7a37c0f9bd2a"": ""100"", ""b8ebbe55-5dfa-4b20-bd82-4194b9f22e42"": {""distance"": ""96"", ""par"": ""3""}}"
84351b51-bff7-48e2-a81f-d4947e2cd441,6fd33c30-5a60-4f11-802d-144d76f67902,3,5,"{""67cc9e06-7fb9-41aa-8f66-026260f132aa"": ""528"", ""9fe7af5a-4640-4158-9cbf-e2fd58f23511"": ""505"", ""730c6b09-6fc0-46fb-8a90-7a37c0f9bd2a"": ""467"", ""b8ebbe55-5dfa-4b20-bd82-4194b9f22e42"": {""distance"": ""444"", ""par"": ""5""}}"
84351b51-bff7-48e2-a81f-d4947e2cd441,6fd33c30-5a60-4f11-802d-144d76f67902,4,4,"{""67cc9e06-7fb9-41aa-8f66-026260f132aa"": ""351"", ""9fe7af5a-4640-4158-9cbf-e2fd58f23511"": ""332"", ""730c6b09-6fc0-46fb-8a90-7a37c0f9bd2a"": ""292"", ""b8ebbe55-5dfa-4b20-bd82-4194b9f22e42"": {""distance"": ""292"", ""par"": ""4""}}"
84351b51-bff7-48e2-a81f-d4947e2cd441,6fd33c30-5a60-4f11-802d-144d76f67902,5,3,"{""67cc9e06-7fb9-41aa-8f66-026260f132aa"": ""148"", ""9fe7af5a-4640-4158-9cbf-e2fd58f23511"": ""146"", ""730c6b09-6fc0-46fb-8a90-7a37c0f9bd2a"": ""115"", ""b8ebbe55-5dfa-4b20-bd82-4194b9f22e42"": {""distance"": ""103"", ""par"": ""3""}}"
84351b51-bff7-48e2-a81f-d4947e2cd441,6fd33c30-5a60-4f11-802d-144d76f67902,6,4,"{""67cc9e06-7fb9-41aa-8f66-026260f132aa"": ""367"", ""9fe7af5a-4640-4158-9cbf-e2fd58f23511"": ""365"", ""730c6b09-6fc0-46fb-8a90-7a37c0f9bd2a"": ""298"", ""b8ebbe55-5dfa-4b20-bd82-4194b9f22e42"": {""distance"": ""293"", ""par"": ""4""}}"
84351b51-bff7-48e2-a81f-d4947e2cd441,6fd33c30-5a60-4f11-802d-144d76f67902,7,4,"{""67cc9e06-7fb9-41aa-8f66-026260f132aa"": ""326"", ""9fe7af5a-4640-4158-9cbf-e2fd58f23511"": ""323"", ""730c6b09-6fc0-46fb-8a90-7a37c0f9bd2a"": ""282"", ""b8ebbe55-5dfa-4b20-bd82-4194b9f22e42"": {""distance"": ""255"", ""par"": ""4""}}"
84351b51-bff7-48e2-a81f-d4947e2cd441,6fd33c30-5a60-4f11-802d-144d76f67902,8,4,"{""67cc9e06-7fb9-41aa-8f66-026260f132aa"": ""420"", ""9fe7af5a-4640-4158-9cbf-e2fd58f23511"": ""407"", ""730c6b09-6fc0-46fb-8a90-7a37c0f9bd2a"": ""364"", ""b8ebbe55-5dfa-4b20-bd82-4194b9f22e42"": {""distance"": ""364"", ""par"": ""4""}}"
84351b51-bff7-48e2-a81f-d4947e2cd441,6fd33c30-5a60-4f11-802d-144d76f67902,9,3,"{""67cc9e06-7fb9-41aa-8f66-026260f132aa"": ""192"", ""9fe7af5a-4640-4158-9cbf-e2fd58f23511"": ""178"", ""730c6b09-6fc0-46fb-8a90-7a37c0f9bd2a"": ""148"", ""b8ebbe55-5dfa-4b20-bd82-4194b9f22e42"": {""distance"": ""128"", ""par"": ""3""}}"
84351b51-bff7-48e2-a81f-d4947e2cd441,6fd33c30-5a60-4f11-802d-144d76f67902,10,5,"{""67cc9e06-7fb9-41aa-8f66-026260f132aa"": ""520"", ""9fe7af5a-4640-4158-9cbf-e2fd58f23511"": ""514"", ""730c6b09-6fc0-46fb-8a90-7a37c0f9bd2a"": ""462"", ""b8ebbe55-5dfa-4b20-bd82-4194b9f22e42"": {""distance"": ""453"", ""par"": ""5""}}"
84351b51-bff7-48e2-a81f-d4947e2cd441,6fd33c30-5a60-4f11-802d-144d76f67902,11,5,"{""67cc9e06-7fb9-41aa-8f66-026260f132aa"": ""469"", ""9fe7af5a-4640-4158-9cbf-e2fd58f23511"": ""462"", ""730c6b09-6fc0-46fb-8a90-7a37c0f9bd2a"": ""410"", ""b8ebbe55-5dfa-4b20-bd82-4194b9f22e42"": {""distance"": ""400"", ""par"": ""5""}}"
84351b51-bff7-48e2-a81f-d4947e2cd441,6fd33c30-5a60-4f11-802d-144d76f67902,12,4,"{""67cc9e06-7fb9-41aa-8f66-026260f132aa"": ""340"", ""9fe7af5a-4640-4158-9cbf-e2fd58f23511"": ""337"", ""730c6b09-6fc0-46fb-8a90-7a37c0f9bd2a"": ""305"", ""b8ebbe55-5dfa-4b20-bd82-4194b9f22e42"": {""distance"": ""287"", ""par"": ""4""}}"
84351b51-bff7-48e2-a81f-d4947e2cd441,6fd33c30-5a60-4f11-802d-144d76f67902,13,4,"{""67cc9e06-7fb9-41aa-8f66-026260f132aa"": ""388"", ""9fe7af5a-4640-4158-9cbf-e2fd58f23511"": ""378"", ""730c6b09-6fc0-46fb-8a90-7a37c0f9bd2a"": ""340"", ""b8ebbe55-5dfa-4b20-bd82-4194b9f22e42"": {""distance"": ""314"", ""par"": ""4""}}"
84351b51-bff7-48e2-a81f-d4947e2cd441,6fd33c30-5a60-4f11-802d-144d76f67902,14,4,"{""67cc9e06-7fb9-41aa-8f66-026260f132aa"": ""286"", ""9fe7af5a-4640-4158-9cbf-e2fd58f23511"": ""283"", ""730c6b09-6fc0-46fb-8a90-7a37c0f9bd2a"": ""268"", ""b8ebbe55-5dfa-4b20-bd82-4194b9f22e42"": {""distance"": ""252"", ""par"": ""4""}}"
84351b51-bff7-48e2-a81f-d4947e2cd441,6fd33c30-5a60-4f11-802d-144d76f67902,15,4,"{""67cc9e06-7fb9-41aa-8f66-026260f132aa"": ""264"", ""9fe7af5a-4640-4158-9cbf-e2fd58f23511"": ""262"", ""730c6b09-6fc0-46fb-8a90-7a37c0f9bd2a"": ""244"", ""b8ebbe55-5dfa-4b20-bd82-4194b9f22e42"": {""distance"": ""232"", ""par"": ""4""}}"
84351b51-bff7-48e2-a81f-d4947e2cd441,6fd33c30-5a60-4f11-802d-144d76f67902,16,5,"{""67cc9e06-7fb9-41aa-8f66-026260f132aa"": ""520"", ""9fe7af5a-4640-4158-9cbf-e2fd58f23511"": ""500"", ""730c6b09-6fc0-46fb-8a90-7a37c0f9bd2a"": ""483"", ""b8ebbe55-5dfa-4b20-bd82-4194b9f22e42"": {""distance"": ""453"", ""par"": ""5""}}"
84351b51-bff7-48e2-a81f-d4947e2cd441,6fd33c30-5a60-4f11-802d-144d76f67902,17,3,"{""67cc9e06-7fb9-41aa-8f66-026260f132aa"": ""194"", ""9fe7af5a-4640-4158-9cbf-e2fd58f23511"": ""168"", ""730c6b09-6fc0-46fb-8a90-7a37c0f9bd2a"": ""146"", ""b8ebbe55-5dfa-4b20-bd82-4194b9f22e42"": {""distance"": ""136"", ""par"": ""3""}}"
84351b51-bff7-48e2-a81f-d4947e2cd441,6fd33c30-5a60-4f11-802d-144d76f67902,18,4,"{""67cc9e06-7fb9-41aa-8f66-026260f132aa"": ""290"", ""9fe7af5a-4640-4158-9cbf-e2fd58f23511"": ""288"", ""730c6b09-6fc0-46fb-8a90-7a37c0f9bd2a"": ""265"", ""b8ebbe55-5dfa-4b20-bd82-4194b9f22e42"": {""distance"": ""257"", ""par"": ""4""}}"
83941f2b-c10e-4e25-9ac6-853c1f7dcdd6,3d412649-b028-4bdf-b2a4-7f9d6a48c626,1,5,"{""6121137e-eeec-4033-b370-f8fe2d2f233b"": ""-"", ""ec2991c4-5c29-4d64-a09b-02301cc764c2"": ""495"", ""9dc56fad-b797-4557-9d9c-77c0ddfdef2c"": ""-"", ""42f37f2f-2945-4b77-b517-65be11bb7b02"": {""distance"": ""-"", ""par"": ""5""}}"
83941f2b-c10e-4e25-9ac6-853c1f7dcdd6,3d412649-b028-4bdf-b2a4-7f9d6a48c626,2,3,"{""6121137e-eeec-4033-b370-f8fe2d2f233b"": ""-"", ""ec2991c4-5c29-4d64-a09b-02301cc764c2"": ""134"", ""9dc56fad-b797-4557-9d9c-77c0ddfdef2c"": ""-"", ""42f37f2f-2945-4b77-b517-65be11bb7b02"": {""distance"": ""-"", ""par"": ""3""}}"
83941f2b-c10e-4e25-9ac6-853c1f7dcdd6,3d412649-b028-4bdf-b2a4-7f9d6a48c626,3,4,"{""6121137e-eeec-4033-b370-f8fe2d2f233b"": ""-"", ""ec2991c4-5c29-4d64-a09b-02301cc764c2"": ""413"", ""9dc56fad-b797-4557-9d9c-77c0ddfdef2c"": ""-"", ""42f37f2f-2945-4b77-b517-65be11bb7b02"": {""distance"": ""-"", ""par"": ""4""}}"
83941f2b-c10e-4e25-9ac6-853c1f7dcdd6,3d412649-b028-4bdf-b2a4-7f9d6a48c626,4,4,"{""6121137e-eeec-4033-b370-f8fe2d2f233b"": ""-"", ""ec2991c4-5c29-4d64-a09b-02301cc764c2"": ""258"", ""9dc56fad-b797-4557-9d9c-77c0ddfdef2c"": ""-"", ""42f37f2f-2945-4b77-b517-65be11bb7b02"": {""distance"": ""-"", ""par"": ""4""}}"
83941f2b-c10e-4e25-9ac6-853c1f7dcdd6,3d412649-b028-4bdf-b2a4-7f9d6a48c626,5,3,"{""6121137e-eeec-4033-b370-f8fe2d2f233b"": ""-"", ""ec2991c4-5c29-4d64-a09b-02301cc764c2"": ""164"", ""9dc56fad-b797-4557-9d9c-77c0ddfdef2c"": ""-"", ""42f37f2f-2945-4b77-b517-65be11bb7b02"": {""distance"": ""-"", ""par"": ""3""}}"
83941f2b-c10e-4e25-9ac6-853c1f7dcdd6,3d412649-b028-4bdf-b2a4-7f9d6a48c626,6,4,"{""6121137e-eeec-4033-b370-f8fe2d2f233b"": ""-"", ""ec2991c4-5c29-4d64-a09b-02301cc764c2"": ""356"", ""9dc56fad-b797-4557-9d9c-77c0ddfdef2c"": ""-"", ""42f37f2f-2945-4b77-b517-65be11bb7b02"": {""distance"": ""-"", ""par"": ""4""}}"
83941f2b-c10e-4e25-9ac6-853c1f7dcdd6,3d412649-b028-4bdf-b2a4-7f9d6a48c626,7,4,"{""6121137e-eeec-4033-b370-f8fe2d2f233b"": ""-"", ""ec2991c4-5c29-4d64-a09b-02301cc764c2"": ""329"", ""9dc56fad-b797-4557-9d9c-77c0ddfdef2c"": ""-"", ""42f37f2f-2945-4b77-b517-65be11bb7b02"": {""distance"": ""-"", ""par"": ""4""}}"
83941f2b-c10e-4e25-9ac6-853c1f7dcdd6,3d412649-b028-4bdf-b2a4-7f9d6a48c626,8,4,"{""6121137e-eeec-4033-b370-f8fe2d2f233b"": ""-"", ""ec2991c4-5c29-4d64-a09b-02301cc764c2"": ""288"", ""9dc56fad-b797-4557-9d9c-77c0ddfdef2c"": ""-"", ""42f37f2f-2945-4b77-b517-65be11bb7b02"": {""distance"": ""-"", ""par"": ""4""}}"
83941f2b-c10e-4e25-9ac6-853c1f7dcdd6,3d412649-b028-4bdf-b2a4-7f9d6a48c626,9,4,"{""6121137e-eeec-4033-b370-f8fe2d2f233b"": ""-"", ""ec2991c4-5c29-4d64-a09b-02301cc764c2"": ""312"", ""9dc56fad-b797-4557-9d9c-77c0ddfdef2c"": ""-"", ""42f37f2f-2945-4b77-b517-65be11bb7b02"": {""distance"": ""-"", ""par"": ""4""}}"
83941f2b-c10e-4e25-9ac6-853c1f7dcdd6,3d412649-b028-4bdf-b2a4-7f9d6a48c626,10,4,"{""6121137e-eeec-4033-b370-f8fe2d2f233b"": ""-"", ""ec2991c4-5c29-4d64-a09b-02301cc764c2"": ""298"", ""9dc56fad-b797-4557-9d9c-77c0ddfdef2c"": ""-"", ""42f37f2f-2945-4b77-b517-65be11bb7b02"": {""distance"": ""-"", ""par"": ""4""}}"
83941f2b-c10e-4e25-9ac6-853c1f7dcdd6,3d412649-b028-4bdf-b2a4-7f9d6a48c626,11,3,"{""6121137e-eeec-4033-b370-f8fe2d2f233b"": ""-"", ""ec2991c4-5c29-4d64-a09b-02301cc764c2"": ""167"", ""9dc56fad-b797-4557-9d9c-77c0ddfdef2c"": ""-"", ""42f37f2f-2945-4b77-b517-65be11bb7b02"": {""distance"": ""-"", ""par"": ""3""}}"
83941f2b-c10e-4e25-9ac6-853c1f7dcdd6,3d412649-b028-4bdf-b2a4-7f9d6a48c626,12,4,"{""6121137e-eeec-4033-b370-f8fe2d2f233b"": ""-"", ""ec2991c4-5c29-4d64-a09b-02301cc764c2"": ""358"", ""9dc56fad-b797-4557-9d9c-77c0ddfdef2c"": ""-"", ""42f37f2f-2945-4b77-b517-65be11bb7b02"": {""distance"": ""-"", ""par"": ""4""}}"
83941f2b-c10e-4e25-9ac6-853c1f7dcdd6,3d412649-b028-4bdf-b2a4-7f9d6a48c626,13,3,"{""6121137e-eeec-4033-b370-f8fe2d2f233b"": ""-"", ""ec2991c4-5c29-4d64-a09b-02301cc764c2"": ""83"", ""9dc56fad-b797-4557-9d9c-77c0ddfdef2c"": ""-"", ""42f37f2f-2945-4b77-b517-65be11bb7b02"": {""distance"": ""-"", ""par"": ""3""}}"
83941f2b-c10e-4e25-9ac6-853c1f7dcdd6,3d412649-b028-4bdf-b2a4-7f9d6a48c626,14,4,"{""6121137e-eeec-4033-b370-f8fe2d2f233b"": ""-"", ""ec2991c4-5c29-4d64-a09b-02301cc764c2"": ""263"", ""9dc56fad-b797-4557-9d9c-77c0ddfdef2c"": ""-"", ""42f37f2f-2945-4b77-b517-65be11bb7b02"": {""distance"": ""-"", ""par"": ""4""}}"
83941f2b-c10e-4e25-9ac6-853c1f7dcdd6,3d412649-b028-4bdf-b2a4-7f9d6a48c626,15,3,"{""6121137e-eeec-4033-b370-f8fe2d2f233b"": ""-"", ""ec2991c4-5c29-4d64-a09b-02301cc764c2"": ""82"", ""9dc56fad-b797-4557-9d9c-77c0ddfdef2c"": ""-"", ""42f37f2f-2945-4b77-b517-65be11bb7b02"": {""distance"": ""-"", ""par"": ""3""}}"
83941f2b-c10e-4e25-9ac6-853c1f7dcdd6,3d412649-b028-4bdf-b2a4-7f9d6a48c626,16,5,"{""6121137e-eeec-4033-b370-f8fe2d2f233b"": ""-"", ""ec2991c4-5c29-4d64-a09b-02301cc764c2"": ""481"", ""9dc56fad-b797-4557-9d9c-77c0ddfdef2c"": ""-"", ""42f37f2f-2945-4b77-b517-65be11bb7b02"": {""distance"": ""-"", ""par"": ""5""}}"
83941f2b-c10e-4e25-9ac6-853c1f7dcdd6,3d412649-b028-4bdf-b2a4-7f9d6a48c626,17,4,"{""6121137e-eeec-4033-b370-f8fe2d2f233b"": ""-"", ""ec2991c4-5c29-4d64-a09b-02301cc764c2"": ""358"", ""9dc56fad-b797-4557-9d9c-77c0ddfdef2c"": ""-"", ""42f37f2f-2945-4b77-b517-65be11bb7b02"": {""distance"": ""-"", ""par"": ""4""}}"
83941f2b-c10e-4e25-9ac6-853c1f7dcdd6,3d412649-b028-4bdf-b2a4-7f9d6a48c626,18,5,"{""6121137e-eeec-4033-b370-f8fe2d2f233b"": ""-"", ""ec2991c4-5c29-4d64-a09b-02301cc764c2"": ""470"", ""9dc56fad-b797-4557-9d9c-77c0ddfdef2c"": ""-"", ""42f37f2f-2945-4b77-b517-65be11bb7b02"": {""distance"": ""-"", ""par"": ""5""}}"
84086da2-1473-47b7-80c0-dad128d44ef5,fc56036a-d794-455e-a63a-6430fc38c8bc,1,4,"{""f96c5ef9-5191-45cb-9ec9-e56bf0323877"": ""267"", ""d604483d-2419-44d5-95f8-25677f631e2c"": ""258"", ""4c0b4a0c-c790-4f2a-b77a-151b0ba42ae7"": ""226"", ""03e49c40-0a1a-4c15-b2d0-3778f14cb2bd"": {""distance"": ""219"", ""par"": ""4""}}"
84086da2-1473-47b7-80c0-dad128d44ef5,fc56036a-d794-455e-a63a-6430fc38c8bc,2,3,"{""f96c5ef9-5191-45cb-9ec9-e56bf0323877"": ""211"", ""d604483d-2419-44d5-95f8-25677f631e2c"": ""185"", ""4c0b4a0c-c790-4f2a-b77a-151b0ba42ae7"": ""156"", ""03e49c40-0a1a-4c15-b2d0-3778f14cb2bd"": {""distance"": ""144"", ""par"": ""3""}}"
84086da2-1473-47b7-80c0-dad128d44ef5,fc56036a-d794-455e-a63a-6430fc38c8bc,3,5,"{""f96c5ef9-5191-45cb-9ec9-e56bf0323877"": ""436"", ""d604483d-2419-44d5-95f8-25677f631e2c"": ""407"", ""4c0b4a0c-c790-4f2a-b77a-151b0ba42ae7"": ""369"", ""03e49c40-0a1a-4c15-b2d0-3778f14cb2bd"": {""distance"": ""360"", ""par"": ""5""}}"
84086da2-1473-47b7-80c0-dad128d44ef5,fc56036a-d794-455e-a63a-6430fc38c8bc,4,4,"{""f96c5ef9-5191-45cb-9ec9-e56bf0323877"": ""334"", ""d604483d-2419-44d5-95f8-25677f631e2c"": ""311"", ""4c0b4a0c-c790-4f2a-b77a-151b0ba42ae7"": ""275"", ""03e49c40-0a1a-4c15-b2d0-3778f14cb2bd"": {""distance"": ""263"", ""par"": ""4""}}"
84086da2-1473-47b7-80c0-dad128d44ef5,fc56036a-d794-455e-a63a-6430fc38c8bc,5,4,"{""f96c5ef9-5191-45cb-9ec9-e56bf0323877"": ""310"", ""d604483d-2419-44d5-95f8-25677f631e2c"": ""298"", ""4c0b4a0c-c790-4f2a-b77a-151b0ba42ae7"": ""271"", ""03e49c40-0a1a-4c15-b2d0-3778f14cb2bd"": {""distance"": ""254"", ""par"": ""4""}}"
84086da2-1473-47b7-80c0-dad128d44ef5,fc56036a-d794-455e-a63a-6430fc38c8bc,6,5,"{""f96c5ef9-5191-45cb-9ec9-e56bf0323877"": ""436"", ""d604483d-2419-44d5-95f8-25677f631e2c"": ""435"", ""4c0b4a0c-c790-4f2a-b77a-151b0ba42ae7"": ""392"", ""03e49c40-0a1a-4c15-b2d0-3778f14cb2bd"": {""distance"": ""375"", ""par"": ""5""}}"
84086da2-1473-47b7-80c0-dad128d44ef5,fc56036a-d794-455e-a63a-6430fc38c8bc,7,4,"{""f96c5ef9-5191-45cb-9ec9-e56bf0323877"": ""433"", ""d604483d-2419-44d5-95f8-25677f631e2c"": ""372"", ""4c0b4a0c-c790-4f2a-b77a-151b0ba42ae7"": ""344"", ""03e49c40-0a1a-4c15-b2d0-3778f14cb2bd"": {""distance"": ""322"", ""par"": ""4""}}"
84086da2-1473-47b7-80c0-dad128d44ef5,fc56036a-d794-455e-a63a-6430fc38c8bc,8,3,"{""f96c5ef9-5191-45cb-9ec9-e56bf0323877"": ""161"", ""d604483d-2419-44d5-95f8-25677f631e2c"": ""151"", ""4c0b4a0c-c790-4f2a-b77a-151b0ba42ae7"": ""139"", ""03e49c40-0a1a-4c15-b2d0-3778f14cb2bd"": {""distance"": ""127"", ""par"": ""3""}}"
84086da2-1473-47b7-80c0-dad128d44ef5,fc56036a-d794-455e-a63a-6430fc38c8bc,9,4,"{""f96c5ef9-5191-45cb-9ec9-e56bf0323877"": ""417"", ""d604483d-2419-44d5-95f8-25677f631e2c"": ""410"", ""4c0b4a0c-c790-4f2a-b77a-151b0ba42ae7"": ""360"", ""03e49c40-0a1a-4c15-b2d0-3778f14cb2bd"": {""distance"": ""350"", ""par"": ""4""}}"
84086da2-1473-47b7-80c0-dad128d44ef5,fc56036a-d794-455e-a63a-6430fc38c8bc,10,4,"{""f96c5ef9-5191-45cb-9ec9-e56bf0323877"": ""344"", ""d604483d-2419-44d5-95f8-25677f631e2c"": ""321"", ""4c0b4a0c-c790-4f2a-b77a-151b0ba42ae7"": ""296"", ""03e49c40-0a1a-4c15-b2d0-3778f14cb2bd"": {""distance"": ""271"", ""par"": ""4""}}"
84086da2-1473-47b7-80c0-dad128d44ef5,fc56036a-d794-455e-a63a-6430fc38c8bc,11,3,"{""f96c5ef9-5191-45cb-9ec9-e56bf0323877"": ""157"", ""d604483d-2419-44d5-95f8-25677f631e2c"": ""150"", ""4c0b4a0c-c790-4f2a-b77a-151b0ba42ae7"": ""141"", ""03e49c40-0a1a-4c15-b2d0-3778f14cb2bd"": {""distance"": ""135"", ""par"": ""3""}}"
84086da2-1473-47b7-80c0-dad128d44ef5,fc56036a-d794-455e-a63a-6430fc38c8bc,12,4,"{""f96c5ef9-5191-45cb-9ec9-e56bf0323877"": ""355"", ""d604483d-2419-44d5-95f8-25677f631e2c"": ""341"", ""4c0b4a0c-c790-4f2a-b77a-151b0ba42ae7"": ""329"", ""03e49c40-0a1a-4c15-b2d0-3778f14cb2bd"": {""distance"": ""289"", ""par"": ""4""}}"
84086da2-1473-47b7-80c0-dad128d44ef5,fc56036a-d794-455e-a63a-6430fc38c8bc,13,3,"{""f96c5ef9-5191-45cb-9ec9-e56bf0323877"": ""148"", ""d604483d-2419-44d5-95f8-25677f631e2c"": ""132"", ""4c0b4a0c-c790-4f2a-b77a-151b0ba42ae7"": ""126"", ""03e49c40-0a1a-4c15-b2d0-3778f14cb2bd"": {""distance"": ""117"", ""par"": ""3""}}"
84086da2-1473-47b7-80c0-dad128d44ef5,fc56036a-d794-455e-a63a-6430fc38c8bc,14,4,"{""f96c5ef9-5191-45cb-9ec9-e56bf0323877"": ""253"", ""d604483d-2419-44d5-95f8-25677f631e2c"": ""246"", ""4c0b4a0c-c790-4f2a-b77a-151b0ba42ae7"": ""220"", ""03e49c40-0a1a-4c15-b2d0-3778f14cb2bd"": {""distance"": ""213"", ""par"": ""4""}}"
84086da2-1473-47b7-80c0-dad128d44ef5,fc56036a-d794-455e-a63a-6430fc38c8bc,15,4,"{""f96c5ef9-5191-45cb-9ec9-e56bf0323877"": ""328"", ""d604483d-2419-44d5-95f8-25677f631e2c"": ""325"", ""4c0b4a0c-c790-4f2a-b77a-151b0ba42ae7"": ""305"", ""03e49c40-0a1a-4c15-b2d0-3778f14cb2bd"": {""distance"": ""296"", ""par"": ""4""}}"
84086da2-1473-47b7-80c0-dad128d44ef5,fc56036a-d794-455e-a63a-6430fc38c8bc,16,5,"{""f96c5ef9-5191-45cb-9ec9-e56bf0323877"": ""467"", ""d604483d-2419-44d5-95f8-25677f631e2c"": ""461"", ""4c0b4a0c-c790-4f2a-b77a-151b0ba42ae7"": ""423"", ""03e49c40-0a1a-4c15-b2d0-3778f14cb2bd"": {""distance"": ""414"", ""par"": ""5""}}"
84086da2-1473-47b7-80c0-dad128d44ef5,fc56036a-d794-455e-a63a-6430fc38c8bc,17,3,"{""f96c5ef9-5191-45cb-9ec9-e56bf0323877"": ""170"", ""d604483d-2419-44d5-95f8-25677f631e2c"": ""155"", ""4c0b4a0c-c790-4f2a-b77a-151b0ba42ae7"": ""146"", ""03e49c40-0a1a-4c15-b2d0-3778f14cb2bd"": {""distance"": ""132"", ""par"": ""3""}}"
84086da2-1473-47b7-80c0-dad128d44ef5,fc56036a-d794-455e-a63a-6430fc38c8bc,18,5,"{""f96c5ef9-5191-45cb-9ec9-e56bf0323877"": ""563"", ""d604483d-2419-44d5-95f8-25677f631e2c"": ""549"", ""4c0b4a0c-c790-4f2a-b77a-151b0ba42ae7"": ""457"", ""03e49c40-0a1a-4c15-b2d0-3778f14cb2bd"": {""distance"": ""448"", ""par"": ""5""}}"
38f238cd-9c6b-4f5b-b744-f38625b4b63f,156635ce-925f-4ebd-87de-5ff1bb8945ce,1,3,"{""ee940c5d-59f3-4af8-9c7c-ccb060a41a3d"": ""152"", ""284b9d34-567e-4fca-b8b4-004a48b89a16"": {""distance"": ""132"", ""par"": ""3""}}"
38f238cd-9c6b-4f5b-b744-f38625b4b63f,156635ce-925f-4ebd-87de-5ff1bb8945ce,2,3,"{""ee940c5d-59f3-4af8-9c7c-ccb060a41a3d"": ""106"", ""284b9d34-567e-4fca-b8b4-004a48b89a16"": {""distance"": ""90"", ""par"": ""3""}}"
38f238cd-9c6b-4f5b-b744-f38625b4b63f,156635ce-925f-4ebd-87de-5ff1bb8945ce,3,3,"{""ee940c5d-59f3-4af8-9c7c-ccb060a41a3d"": ""141"", ""284b9d34-567e-4fca-b8b4-004a48b89a16"": {""distance"": ""122"", ""par"": ""3""}}"
38f238cd-9c6b-4f5b-b744-f38625b4b63f,156635ce-925f-4ebd-87de-5ff1bb8945ce,4,3,"{""ee940c5d-59f3-4af8-9c7c-ccb060a41a3d"": ""162"", ""284b9d34-567e-4fca-b8b4-004a48b89a16"": {""distance"": ""147"", ""par"": ""3""}}"
38f238cd-9c6b-4f5b-b744-f38625b4b63f,156635ce-925f-4ebd-87de-5ff1bb8945ce,5,3,"{""ee940c5d-59f3-4af8-9c7c-ccb060a41a3d"": ""78"", ""284b9d34-567e-4fca-b8b4-004a48b89a16"": {""distance"": ""64"", ""par"": ""3""}}"
38f238cd-9c6b-4f5b-b744-f38625b4b63f,156635ce-925f-4ebd-87de-5ff1bb8945ce,6,3,"{""ee940c5d-59f3-4af8-9c7c-ccb060a41a3d"": ""123"", ""284b9d34-567e-4fca-b8b4-004a48b89a16"": {""distance"": ""110"", ""par"": ""3""}}"
38f238cd-9c6b-4f5b-b744-f38625b4b63f,156635ce-925f-4ebd-87de-5ff1bb8945ce,7,3,"{""ee940c5d-59f3-4af8-9c7c-ccb060a41a3d"": ""146"", ""284b9d34-567e-4fca-b8b4-004a48b89a16"": {""distance"": ""139"", ""par"": ""3""}}"
38f238cd-9c6b-4f5b-b744-f38625b4b63f,156635ce-925f-4ebd-87de-5ff1bb8945ce,8,3,"{""ee940c5d-59f3-4af8-9c7c-ccb060a41a3d"": ""135"", ""284b9d34-567e-4fca-b8b4-004a48b89a16"": {""distance"": ""127"", ""par"": ""3""}}"
38f238cd-9c6b-4f5b-b744-f38625b4b63f,156635ce-925f-4ebd-87de-5ff1bb8945ce,9,3,"{""ee940c5d-59f3-4af8-9c7c-ccb060a41a3d"": ""87"", ""284b9d34-567e-4fca-b8b4-004a48b89a16"": {""distance"": ""78"", ""par"": ""3""}}"
64895b4a-abc5-4589-9629-590f4cc50b59,3ad4a89e-7467-4894-b33d-d462928d82a3,1,4,"{""d775fad9-9e08-4b48-9273-5ba5becf20be"": ""360"", ""922c2a53-540c-4ad5-b41f-975378895404"": ""330"", ""9a1b2fec-6aca-4ee6-a800-917c491ebcd0"": {""distance"": ""259"", ""par"": ""4""}}"
64895b4a-abc5-4589-9629-590f4cc50b59,3ad4a89e-7467-4894-b33d-d462928d82a3,2,5,"{""d775fad9-9e08-4b48-9273-5ba5becf20be"": ""505"", ""922c2a53-540c-4ad5-b41f-975378895404"": ""419"", ""9a1b2fec-6aca-4ee6-a800-917c491ebcd0"": {""distance"": ""390"", ""par"": ""5""}}"
64895b4a-abc5-4589-9629-590f4cc50b59,3ad4a89e-7467-4894-b33d-d462928d82a3,3,4,"{""d775fad9-9e08-4b48-9273-5ba5becf20be"": ""342"", ""922c2a53-540c-4ad5-b41f-975378895404"": ""313"", ""9a1b2fec-6aca-4ee6-a800-917c491ebcd0"": {""distance"": ""232"", ""par"": ""4""}}"
64895b4a-abc5-4589-9629-590f4cc50b59,3ad4a89e-7467-4894-b33d-d462928d82a3,4,3,"{""d775fad9-9e08-4b48-9273-5ba5becf20be"": ""190"", ""922c2a53-540c-4ad5-b41f-975378895404"": ""166"", ""9a1b2fec-6aca-4ee6-a800-917c491ebcd0"": {""distance"": ""124"", ""par"": ""3""}}"
64895b4a-abc5-4589-9629-590f4cc50b59,3ad4a89e-7467-4894-b33d-d462928d82a3,5,4,"{""d775fad9-9e08-4b48-9273-5ba5becf20be"": ""318"", ""922c2a53-540c-4ad5-b41f-975378895404"": ""281"", ""9a1b2fec-6aca-4ee6-a800-917c491ebcd0"": {""distance"": ""251"", ""par"": ""4""}}"
64895b4a-abc5-4589-9629-590f4cc50b59,3ad4a89e-7467-4894-b33d-d462928d82a3,6,4,"{""d775fad9-9e08-4b48-9273-5ba5becf20be"": ""315"", ""922c2a53-540c-4ad5-b41f-975378895404"": ""276"", ""9a1b2fec-6aca-4ee6-a800-917c491ebcd0"": {""distance"": ""256"", ""par"": ""4""}}"
64895b4a-abc5-4589-9629-590f4cc50b59,3ad4a89e-7467-4894-b33d-d462928d82a3,7,5,"{""d775fad9-9e08-4b48-9273-5ba5becf20be"": ""460"", ""922c2a53-540c-4ad5-b41f-975378895404"": ""387"", ""9a1b2fec-6aca-4ee6-a800-917c491ebcd0"": {""distance"": ""368"", ""par"": ""5""}}"
64895b4a-abc5-4589-9629-590f4cc50b59,3ad4a89e-7467-4894-b33d-d462928d82a3,8,3,"{""d775fad9-9e08-4b48-9273-5ba5becf20be"": ""160"", ""922c2a53-540c-4ad5-b41f-975378895404"": ""139"", ""9a1b2fec-6aca-4ee6-a800-917c491ebcd0"": {""distance"": ""123"", ""par"": ""3""}}"
64895b4a-abc5-4589-9629-590f4cc50b59,3ad4a89e-7467-4894-b33d-d462928d82a3,9,4,"{""d775fad9-9e08-4b48-9273-5ba5becf20be"": ""326"", ""922c2a53-540c-4ad5-b41f-975378895404"": ""298"", ""9a1b2fec-6aca-4ee6-a800-917c491ebcd0"": {""distance"": ""267"", ""par"": ""4""}}"
9a14b1b8-e3e7-41ee-85eb-f30f1395361d,fd5a30fb-c255-4b53-abc2-731ef86f0c87,1,4,"{""6c51b70d-6250-46ce-83c8-4e4736ce379f"": ""354"", ""f680f761-3dac-4b9d-9471-c8a282d665f3"": ""293"", ""375f32f3-cdcb-42c0-a376-01345bd49ef3"": ""271"", ""d68749aa-d5c0-4eb3-bd22-3ab7636af36f"": ""254"", ""c232d1e2-897d-4d4a-a029-387958cbab81"": {""distance"": ""-"", ""par"": ""4""}}"
9a14b1b8-e3e7-41ee-85eb-f30f1395361d,fd5a30fb-c255-4b53-abc2-731ef86f0c87,2,3,"{""6c51b70d-6250-46ce-83c8-4e4736ce379f"": ""202"", ""f680f761-3dac-4b9d-9471-c8a282d665f3"": ""163"", ""375f32f3-cdcb-42c0-a376-01345bd49ef3"": ""140"", ""d68749aa-d5c0-4eb3-bd22-3ab7636af36f"": ""129"", ""c232d1e2-897d-4d4a-a029-387958cbab81"": {""distance"": ""-"", ""par"": ""3""}}"
9a14b1b8-e3e7-41ee-85eb-f30f1395361d,fd5a30fb-c255-4b53-abc2-731ef86f0c87,3,5,"{""6c51b70d-6250-46ce-83c8-4e4736ce379f"": ""516"", ""f680f761-3dac-4b9d-9471-c8a282d665f3"": ""494"", ""375f32f3-cdcb-42c0-a376-01345bd49ef3"": ""466"", ""d68749aa-d5c0-4eb3-bd22-3ab7636af36f"": ""436"", ""c232d1e2-897d-4d4a-a029-387958cbab81"": {""distance"": ""-"", ""par"": ""5""}}"
9a14b1b8-e3e7-41ee-85eb-f30f1395361d,fd5a30fb-c255-4b53-abc2-731ef86f0c87,4,4,"{""6c51b70d-6250-46ce-83c8-4e4736ce379f"": ""348"", ""f680f761-3dac-4b9d-9471-c8a282d665f3"": ""326"", ""375f32f3-cdcb-42c0-a376-01345bd49ef3"": ""299"", ""d68749aa-d5c0-4eb3-bd22-3ab7636af36f"": ""282"", ""c232d1e2-897d-4d4a-a029-387958cbab81"": {""distance"": ""-"", ""par"": ""4""}}"
9a14b1b8-e3e7-41ee-85eb-f30f1395361d,fd5a30fb-c255-4b53-abc2-731ef86f0c87,5,4,"{""6c51b70d-6250-46ce-83c8-4e4736ce379f"": ""380"", ""f680f761-3dac-4b9d-9471-c8a282d665f3"": ""353"", ""375f32f3-cdcb-42c0-a376-01345bd49ef3"": ""333"", ""d68749aa-d5c0-4eb3-bd22-3ab7636af36f"": ""318"", ""c232d1e2-897d-4d4a-a029-387958cbab81"": {""distance"": ""-"", ""par"": ""4""}}"
9a14b1b8-e3e7-41ee-85eb-f30f1395361d,fd5a30fb-c255-4b53-abc2-731ef86f0c87,6,4,"{""6c51b70d-6250-46ce-83c8-4e4736ce379f"": ""378"", ""f680f761-3dac-4b9d-9471-c8a282d665f3"": ""352"", ""375f32f3-cdcb-42c0-a376-01345bd49ef3"": ""310"", ""d68749aa-d5c0-4eb3-bd22-3ab7636af36f"": ""285"", ""c232d1e2-897d-4d4a-a029-387958cbab81"": {""distance"": ""-"", ""par"": ""4""}}"
9a14b1b8-e3e7-41ee-85eb-f30f1395361d,fd5a30fb-c255-4b53-abc2-731ef86f0c87,7,4,"{""6c51b70d-6250-46ce-83c8-4e4736ce379f"": ""395"", ""f680f761-3dac-4b9d-9471-c8a282d665f3"": ""370"", ""375f32f3-cdcb-42c0-a376-01345bd49ef3"": ""318"", ""d68749aa-d5c0-4eb3-bd22-3ab7636af36f"": ""289"", ""c232d1e2-897d-4d4a-a029-387958cbab81"": {""distance"": ""-"", ""par"": ""4""}}"
9a14b1b8-e3e7-41ee-85eb-f30f1395361d,fd5a30fb-c255-4b53-abc2-731ef86f0c87,8,3,"{""6c51b70d-6250-46ce-83c8-4e4736ce379f"": ""174"", ""f680f761-3dac-4b9d-9471-c8a282d665f3"": ""161"", ""375f32f3-cdcb-42c0-a376-01345bd49ef3"": ""137"", ""d68749aa-d5c0-4eb3-bd22-3ab7636af36f"": ""123"", ""c232d1e2-897d-4d4a-a029-387958cbab81"": {""distance"": ""-"", ""par"": ""3""}}"
9a14b1b8-e3e7-41ee-85eb-f30f1395361d,fd5a30fb-c255-4b53-abc2-731ef86f0c87,9,5,"{""6c51b70d-6250-46ce-83c8-4e4736ce379f"": ""473"", ""f680f761-3dac-4b9d-9471-c8a282d665f3"": ""462"", ""375f32f3-cdcb-42c0-a376-01345bd49ef3"": ""441"", ""d68749aa-d5c0-4eb3-bd22-3ab7636af36f"": ""416"", ""c232d1e2-897d-4d4a-a029-387958cbab81"": {""distance"": ""-"", ""par"": ""5""}}"
9a14b1b8-e3e7-41ee-85eb-f30f1395361d,fd5a30fb-c255-4b53-abc2-731ef86f0c87,10,4,"{""6c51b70d-6250-46ce-83c8-4e4736ce379f"": ""375"", ""f680f761-3dac-4b9d-9471-c8a282d665f3"": ""354"", ""375f32f3-cdcb-42c0-a376-01345bd49ef3"": ""322"", ""d68749aa-d5c0-4eb3-bd22-3ab7636af36f"": ""298"", ""c232d1e2-897d-4d4a-a029-387958cbab81"": {""distance"": ""-"", ""par"": ""4""}}"
9a14b1b8-e3e7-41ee-85eb-f30f1395361d,fd5a30fb-c255-4b53-abc2-731ef86f0c87,11,3,"{""6c51b70d-6250-46ce-83c8-4e4736ce379f"": ""214"", ""f680f761-3dac-4b9d-9471-c8a282d665f3"": ""196"", ""375f32f3-cdcb-42c0-a376-01345bd49ef3"": ""179"", ""d68749aa-d5c0-4eb3-bd22-3ab7636af36f"": ""166"", ""c232d1e2-897d-4d4a-a029-387958cbab81"": {""distance"": ""-"", ""par"": ""3""}}"
9a14b1b8-e3e7-41ee-85eb-f30f1395361d,fd5a30fb-c255-4b53-abc2-731ef86f0c87,12,5,"{""6c51b70d-6250-46ce-83c8-4e4736ce379f"": ""477"", ""f680f761-3dac-4b9d-9471-c8a282d665f3"": ""464"", ""375f32f3-cdcb-42c0-a376-01345bd49ef3"": ""441"", ""d68749aa-d5c0-4eb3-bd22-3ab7636af36f"": ""427"", ""c232d1e2-897d-4d4a-a029-387958cbab81"": {""distance"": ""-"", ""par"": ""5""}}"
9a14b1b8-e3e7-41ee-85eb-f30f1395361d,fd5a30fb-c255-4b53-abc2-731ef86f0c87,13,4,"{""6c51b70d-6250-46ce-83c8-4e4736ce379f"": ""388"", ""f680f761-3dac-4b9d-9471-c8a282d665f3"": ""372"", ""375f32f3-cdcb-42c0-a376-01345bd49ef3"": ""347"", ""d68749aa-d5c0-4eb3-bd22-3ab7636af36f"": ""340"", ""c232d1e2-897d-4d4a-a029-387958cbab81"": {""distance"": ""-"", ""par"": ""4""}}"
9a14b1b8-e3e7-41ee-85eb-f30f1395361d,fd5a30fb-c255-4b53-abc2-731ef86f0c87,14,3,"{""6c51b70d-6250-46ce-83c8-4e4736ce379f"": ""157"", ""f680f761-3dac-4b9d-9471-c8a282d665f3"": ""142"", ""375f32f3-cdcb-42c0-a376-01345bd49ef3"": ""120"", ""d68749aa-d5c0-4eb3-bd22-3ab7636af36f"": ""119"", ""c232d1e2-897d-4d4a-a029-387958cbab81"": {""distance"": ""-"", ""par"": ""3""}}"
9a14b1b8-e3e7-41ee-85eb-f30f1395361d,fd5a30fb-c255-4b53-abc2-731ef86f0c87,15,4,"{""6c51b70d-6250-46ce-83c8-4e4736ce379f"": ""424"", ""f680f761-3dac-4b9d-9471-c8a282d665f3"": ""402"", ""375f32f3-cdcb-42c0-a376-01345bd49ef3"": ""371"", ""d68749aa-d5c0-4eb3-bd22-3ab7636af36f"": ""352"", ""c232d1e2-897d-4d4a-a029-387958cbab81"": {""distance"": ""-"", ""par"": ""4""}}"
9a14b1b8-e3e7-41ee-85eb-f30f1395361d,fd5a30fb-c255-4b53-abc2-731ef86f0c87,16,5,"{""6c51b70d-6250-46ce-83c8-4e4736ce379f"": ""473"", ""f680f761-3dac-4b9d-9471-c8a282d665f3"": ""453"", ""375f32f3-cdcb-42c0-a376-01345bd49ef3"": ""437"", ""d68749aa-d5c0-4eb3-bd22-3ab7636af36f"": ""119"", ""c232d1e2-897d-4d4a-a029-387958cbab81"": {""distance"": ""-"", ""par"": ""5""}}"
9a14b1b8-e3e7-41ee-85eb-f30f1395361d,fd5a30fb-c255-4b53-abc2-731ef86f0c87,17,4,"{""6c51b70d-6250-46ce-83c8-4e4736ce379f"": ""342"", ""f680f761-3dac-4b9d-9471-c8a282d665f3"": ""313"", ""375f32f3-cdcb-42c0-a376-01345bd49ef3"": ""178"", ""d68749aa-d5c0-4eb3-bd22-3ab7636af36f"": ""352"", ""c232d1e2-897d-4d4a-a029-387958cbab81"": {""distance"": ""-"", ""par"": ""4""}}"
9a14b1b8-e3e7-41ee-85eb-f30f1395361d,fd5a30fb-c255-4b53-abc2-731ef86f0c87,18,4,"{""6c51b70d-6250-46ce-83c8-4e4736ce379f"": ""386"", ""f680f761-3dac-4b9d-9471-c8a282d665f3"": ""373"", ""375f32f3-cdcb-42c0-a376-01345bd49ef3"": ""344"", ""d68749aa-d5c0-4eb3-bd22-3ab7636af36f"": ""422"", ""c232d1e2-897d-4d4a-a029-387958cbab81"": {""distance"": ""-"", ""par"": ""4""}}"
9b0276ff-9540-4fd4-b820-096558582ade,91038ed5-6dac-4218-8112-c81a13cf905e,1,4,"{""241203f3-4923-4ab2-b74a-d497e5bbbb44"": ""-"", ""4df59ca4-6f07-4dd8-bd13-6774674fb6d4"": ""4"", ""35f58a56-f050-4a8c-8b67-8b806f23f630"": ""-"", ""d4beb065-6a33-4509-88fb-8afaa14a6a4d"": {""distance"": ""-"", ""par"": ""4""}}"
9b0276ff-9540-4fd4-b820-096558582ade,91038ed5-6dac-4218-8112-c81a13cf905e,2,4,"{""241203f3-4923-4ab2-b74a-d497e5bbbb44"": ""-"", ""4df59ca4-6f07-4dd8-bd13-6774674fb6d4"": ""-"", ""35f58a56-f050-4a8c-8b67-8b806f23f630"": ""-"", ""d4beb065-6a33-4509-88fb-8afaa14a6a4d"": {""distance"": ""-"", ""par"": ""4""}}"
9b0276ff-9540-4fd4-b820-096558582ade,91038ed5-6dac-4218-8112-c81a13cf905e,3,4,"{""241203f3-4923-4ab2-b74a-d497e5bbbb44"": ""-"", ""4df59ca4-6f07-4dd8-bd13-6774674fb6d4"": ""-"", ""35f58a56-f050-4a8c-8b67-8b806f23f630"": ""-"", ""d4beb065-6a33-4509-88fb-8afaa14a6a4d"": {""distance"": ""-"", ""par"": ""4""}}"
9b0276ff-9540-4fd4-b820-096558582ade,91038ed5-6dac-4218-8112-c81a13cf905e,4,4,"{""241203f3-4923-4ab2-b74a-d497e5bbbb44"": ""-"", ""4df59ca4-6f07-4dd8-bd13-6774674fb6d4"": ""-"", ""35f58a56-f050-4a8c-8b67-8b806f23f630"": ""-"", ""d4beb065-6a33-4509-88fb-8afaa14a6a4d"": {""distance"": ""-"", ""par"": ""4""}}"
9b0276ff-9540-4fd4-b820-096558582ade,91038ed5-6dac-4218-8112-c81a13cf905e,5,4,"{""241203f3-4923-4ab2-b74a-d497e5bbbb44"": ""-"", ""4df59ca4-6f07-4dd8-bd13-6774674fb6d4"": ""-"", ""35f58a56-f050-4a8c-8b67-8b806f23f630"": ""-"", ""d4beb065-6a33-4509-88fb-8afaa14a6a4d"": {""distance"": ""-"", ""par"": ""4""}}"
9b0276ff-9540-4fd4-b820-096558582ade,91038ed5-6dac-4218-8112-c81a13cf905e,6,4,"{""241203f3-4923-4ab2-b74a-d497e5bbbb44"": ""-"", ""4df59ca4-6f07-4dd8-bd13-6774674fb6d4"": ""-"", ""35f58a56-f050-4a8c-8b67-8b806f23f630"": ""-"", ""d4beb065-6a33-4509-88fb-8afaa14a6a4d"": {""distance"": ""-"", ""par"": ""4""}}"
9b0276ff-9540-4fd4-b820-096558582ade,91038ed5-6dac-4218-8112-c81a13cf905e,7,4,"{""241203f3-4923-4ab2-b74a-d497e5bbbb44"": ""-"", ""4df59ca4-6f07-4dd8-bd13-6774674fb6d4"": ""-"", ""35f58a56-f050-4a8c-8b67-8b806f23f630"": ""-"", ""d4beb065-6a33-4509-88fb-8afaa14a6a4d"": {""distance"": ""-"", ""par"": ""4""}}"
9b0276ff-9540-4fd4-b820-096558582ade,91038ed5-6dac-4218-8112-c81a13cf905e,8,4,"{""241203f3-4923-4ab2-b74a-d497e5bbbb44"": ""-"", ""4df59ca4-6f07-4dd8-bd13-6774674fb6d4"": ""-"", ""35f58a56-f050-4a8c-8b67-8b806f23f630"": ""-"", ""d4beb065-6a33-4509-88fb-8afaa14a6a4d"": {""distance"": ""-"", ""par"": ""4""}}"
9b0276ff-9540-4fd4-b820-096558582ade,91038ed5-6dac-4218-8112-c81a13cf905e,9,4,"{""241203f3-4923-4ab2-b74a-d497e5bbbb44"": ""-"", ""4df59ca4-6f07-4dd8-bd13-6774674fb6d4"": ""-"", ""35f58a56-f050-4a8c-8b67-8b806f23f630"": ""-"", ""d4beb065-6a33-4509-88fb-8afaa14a6a4d"": {""distance"": ""-"", ""par"": ""4""}}"
9b0276ff-9540-4fd4-b820-096558582ade,91038ed5-6dac-4218-8112-c81a13cf905e,10,4,"{""241203f3-4923-4ab2-b74a-d497e5bbbb44"": ""-"", ""4df59ca4-6f07-4dd8-bd13-6774674fb6d4"": ""-"", ""35f58a56-f050-4a8c-8b67-8b806f23f630"": ""-"", ""d4beb065-6a33-4509-88fb-8afaa14a6a4d"": {""distance"": ""-"", ""par"": ""4""}}"
9b0276ff-9540-4fd4-b820-096558582ade,91038ed5-6dac-4218-8112-c81a13cf905e,11,4,"{""241203f3-4923-4ab2-b74a-d497e5bbbb44"": ""-"", ""4df59ca4-6f07-4dd8-bd13-6774674fb6d4"": ""-"", ""35f58a56-f050-4a8c-8b67-8b806f23f630"": ""-"", ""d4beb065-6a33-4509-88fb-8afaa14a6a4d"": {""distance"": ""-"", ""par"": ""4""}}"
9b0276ff-9540-4fd4-b820-096558582ade,91038ed5-6dac-4218-8112-c81a13cf905e,12,4,"{""241203f3-4923-4ab2-b74a-d497e5bbbb44"": ""-"", ""4df59ca4-6f07-4dd8-bd13-6774674fb6d4"": ""-"", ""35f58a56-f050-4a8c-8b67-8b806f23f630"": ""-"", ""d4beb065-6a33-4509-88fb-8afaa14a6a4d"": {""distance"": ""-"", ""par"": ""4""}}"
9b0276ff-9540-4fd4-b820-096558582ade,91038ed5-6dac-4218-8112-c81a13cf905e,13,4,"{""241203f3-4923-4ab2-b74a-d497e5bbbb44"": ""-"", ""4df59ca4-6f07-4dd8-bd13-6774674fb6d4"": ""-"", ""35f58a56-f050-4a8c-8b67-8b806f23f630"": ""-"", ""d4beb065-6a33-4509-88fb-8afaa14a6a4d"": {""distance"": ""-"", ""par"": ""4""}}"
9b0276ff-9540-4fd4-b820-096558582ade,91038ed5-6dac-4218-8112-c81a13cf905e,14,4,"{""241203f3-4923-4ab2-b74a-d497e5bbbb44"": ""-"", ""4df59ca4-6f07-4dd8-bd13-6774674fb6d4"": ""-"", ""35f58a56-f050-4a8c-8b67-8b806f23f630"": ""-"", ""d4beb065-6a33-4509-88fb-8afaa14a6a4d"": {""distance"": ""-"", ""par"": ""4""}}"
9b0276ff-9540-4fd4-b820-096558582ade,91038ed5-6dac-4218-8112-c81a13cf905e,15,4,"{""241203f3-4923-4ab2-b74a-d497e5bbbb44"": ""-"", ""4df59ca4-6f07-4dd8-bd13-6774674fb6d4"": ""-"", ""35f58a56-f050-4a8c-8b67-8b806f23f630"": ""-"", ""d4beb065-6a33-4509-88fb-8afaa14a6a4d"": {""distance"": ""-"", ""par"": ""4""}}"
9b0276ff-9540-4fd4-b820-096558582ade,91038ed5-6dac-4218-8112-c81a13cf905e,16,4,"{""241203f3-4923-4ab2-b74a-d497e5bbbb44"": ""-"", ""4df59ca4-6f07-4dd8-bd13-6774674fb6d4"": ""-"", ""35f58a56-f050-4a8c-8b67-8b806f23f630"": ""-"", ""d4beb065-6a33-4509-88fb-8afaa14a6a4d"": {""distance"": ""-"", ""par"": ""4""}}"
9b0276ff-9540-4fd4-b820-096558582ade,91038ed5-6dac-4218-8112-c81a13cf905e,17,4,"{""241203f3-4923-4ab2-b74a-d497e5bbbb44"": ""-"", ""4df59ca4-6f07-4dd8-bd13-6774674fb6d4"": ""-"", ""35f58a56-f050-4a8c-8b67-8b806f23f630"": ""-"", ""d4beb065-6a33-4509-88fb-8afaa14a6a4d"": {""distance"": ""-"", ""par"": ""4""}}"
9b0276ff-9540-4fd4-b820-096558582ade,91038ed5-6dac-4218-8112-c81a13cf905e,18,4,"{""241203f3-4923-4ab2-b74a-d497e5bbbb44"": ""-"", ""4df59ca4-6f07-4dd8-bd13-6774674fb6d4"": ""-"", ""35f58a56-f050-4a8c-8b67-8b806f23f630"": ""-"", ""d4beb065-6a33-4509-88fb-8afaa14a6a4d"": {""distance"": ""-"", ""par"": ""4""}}"
d0f8bfd1-292c-4737-a246-86d2a22f311b,17d87a7a-ef92-40e7-af9e-e2fda69c6af2,1,4,"{""c4a6771f-1caf-48a3-b585-fafbf6651a2b"": ""328"", ""2ed315f8-a64d-4c1c-8d92-7906cd9c54ab"": ""324"", ""ba9d4e2a-fbdb-4164-a1bb-da34bd4b1e36"": ""298"", ""3c523507-72ec-4cff-b022-cd3779b3de9c"": {""distance"": ""260"", ""par"": ""4""}}"
d0f8bfd1-292c-4737-a246-86d2a22f311b,17d87a7a-ef92-40e7-af9e-e2fda69c6af2,2,3,"{""c4a6771f-1caf-48a3-b585-fafbf6651a2b"": ""159"", ""2ed315f8-a64d-4c1c-8d92-7906cd9c54ab"": ""140"", ""ba9d4e2a-fbdb-4164-a1bb-da34bd4b1e36"": ""122"", ""3c523507-72ec-4cff-b022-cd3779b3de9c"": {""distance"": ""112"", ""par"": ""3""}}"
d0f8bfd1-292c-4737-a246-86d2a22f311b,17d87a7a-ef92-40e7-af9e-e2fda69c6af2,3,4,"{""c4a6771f-1caf-48a3-b585-fafbf6651a2b"": ""313"", ""2ed315f8-a64d-4c1c-8d92-7906cd9c54ab"": ""305"", ""ba9d4e2a-fbdb-4164-a1bb-da34bd4b1e36"": ""298"", ""3c523507-72ec-4cff-b022-cd3779b3de9c"": {""distance"": ""250"", ""par"": ""4""}}"
d0f8bfd1-292c-4737-a246-86d2a22f311b,17d87a7a-ef92-40e7-af9e-e2fda69c6af2,4,4,"{""c4a6771f-1caf-48a3-b585-fafbf6651a2b"": ""417"", ""2ed315f8-a64d-4c1c-8d92-7906cd9c54ab"": ""385"", ""ba9d4e2a-fbdb-4164-a1bb-da34bd4b1e36"": ""294"", ""3c523507-72ec-4cff-b022-cd3779b3de9c"": {""distance"": ""226"", ""par"": ""4""}}"
d0f8bfd1-292c-4737-a246-86d2a22f311b,17d87a7a-ef92-40e7-af9e-e2fda69c6af2,5,3,"{""c4a6771f-1caf-48a3-b585-fafbf6651a2b"": ""204"", ""2ed315f8-a64d-4c1c-8d92-7906cd9c54ab"": ""187"", ""ba9d4e2a-fbdb-4164-a1bb-da34bd4b1e36"": ""132"", ""3c523507-72ec-4cff-b022-cd3779b3de9c"": {""distance"": ""132"", ""par"": ""3""}}"
d0f8bfd1-292c-4737-a246-86d2a22f311b,17d87a7a-ef92-40e7-af9e-e2fda69c6af2,6,5,"{""c4a6771f-1caf-48a3-b585-fafbf6651a2b"": ""444"", ""2ed315f8-a64d-4c1c-8d92-7906cd9c54ab"": ""434"", ""ba9d4e2a-fbdb-4164-a1bb-da34bd4b1e36"": ""405"", ""3c523507-72ec-4cff-b022-cd3779b3de9c"": {""distance"": ""367"", ""par"": ""5""}}"
d0f8bfd1-292c-4737-a246-86d2a22f311b,17d87a7a-ef92-40e7-af9e-e2fda69c6af2,7,3,"{""c4a6771f-1caf-48a3-b585-fafbf6651a2b"": ""179"", ""2ed315f8-a64d-4c1c-8d92-7906cd9c54ab"": ""173"", ""ba9d4e2a-fbdb-4164-a1bb-da34bd4b1e36"": ""152"", ""3c523507-72ec-4cff-b022-cd3779b3de9c"": {""distance"": ""130"", ""par"": ""3""}}"
d0f8bfd1-292c-4737-a246-86d2a22f311b,17d87a7a-ef92-40e7-af9e-e2fda69c6af2,8,5,"{""c4a6771f-1caf-48a3-b585-fafbf6651a2b"": ""521"", ""2ed315f8-a64d-4c1c-8d92-7906cd9c54ab"": ""452"", ""ba9d4e2a-fbdb-4164-a1bb-da34bd4b1e36"": ""437"", ""3c523507-72ec-4cff-b022-cd3779b3de9c"": {""distance"": ""403"", ""par"": ""5""}}"
d0f8bfd1-292c-4737-a246-86d2a22f311b,17d87a7a-ef92-40e7-af9e-e2fda69c6af2,9,5,"{""c4a6771f-1caf-48a3-b585-fafbf6651a2b"": ""489"", ""2ed315f8-a64d-4c1c-8d92-7906cd9c54ab"": ""477"", ""ba9d4e2a-fbdb-4164-a1bb-da34bd4b1e36"": ""469"", ""3c523507-72ec-4cff-b022-cd3779b3de9c"": {""distance"": ""379"", ""par"": ""5""}}"
d0f8bfd1-292c-4737-a246-86d2a22f311b,17d87a7a-ef92-40e7-af9e-e2fda69c6af2,10,5,"{""c4a6771f-1caf-48a3-b585-fafbf6651a2b"": ""447"", ""2ed315f8-a64d-4c1c-8d92-7906cd9c54ab"": ""437"", ""ba9d4e2a-fbdb-4164-a1bb-da34bd4b1e36"": ""404"", ""3c523507-72ec-4cff-b022-cd3779b3de9c"": {""distance"": ""376"", ""par"": ""5""}}"
d0f8bfd1-292c-4737-a246-86d2a22f311b,17d87a7a-ef92-40e7-af9e-e2fda69c6af2,11,4,"{""c4a6771f-1caf-48a3-b585-fafbf6651a2b"": ""344"", ""2ed315f8-a64d-4c1c-8d92-7906cd9c54ab"": ""332"", ""ba9d4e2a-fbdb-4164-a1bb-da34bd4b1e36"": ""291"", ""3c523507-72ec-4cff-b022-cd3779b3de9c"": {""distance"": ""251"", ""par"": ""4""}}"
d0f8bfd1-292c-4737-a246-86d2a22f311b,17d87a7a-ef92-40e7-af9e-e2fda69c6af2,12,3,"{""c4a6771f-1caf-48a3-b585-fafbf6651a2b"": ""200"", ""2ed315f8-a64d-4c1c-8d92-7906cd9c54ab"": ""176"", ""ba9d4e2a-fbdb-4164-a1bb-da34bd4b1e36"": ""160"", ""3c523507-72ec-4cff-b022-cd3779b3de9c"": {""distance"": ""144"", ""par"": ""3""}}"
d0f8bfd1-292c-4737-a246-86d2a22f311b,17d87a7a-ef92-40e7-af9e-e2fda69c6af2,13,4,"{""c4a6771f-1caf-48a3-b585-fafbf6651a2b"": ""342"", ""2ed315f8-a64d-4c1c-8d92-7906cd9c54ab"": ""332"", ""ba9d4e2a-fbdb-4164-a1bb-da34bd4b1e36"": ""317"", ""3c523507-72ec-4cff-b022-cd3779b3de9c"": {""distance"": ""290"", ""par"": ""4""}}"
d0f8bfd1-292c-4737-a246-86d2a22f311b,17d87a7a-ef92-40e7-af9e-e2fda69c6af2,14,4,"{""c4a6771f-1caf-48a3-b585-fafbf6651a2b"": ""391"", ""2ed315f8-a64d-4c1c-8d92-7906cd9c54ab"": ""361"", ""ba9d4e2a-fbdb-4164-a1bb-da34bd4b1e36"": ""327"", ""3c523507-72ec-4cff-b022-cd3779b3de9c"": {""distance"": ""308"", ""par"": ""4""}}"
d0f8bfd1-292c-4737-a246-86d2a22f311b,17d87a7a-ef92-40e7-af9e-e2fda69c6af2,15,5,"{""c4a6771f-1caf-48a3-b585-fafbf6651a2b"": ""541"", ""2ed315f8-a64d-4c1c-8d92-7906cd9c54ab"": ""491"", ""ba9d4e2a-fbdb-4164-a1bb-da34bd4b1e36"": ""450"", ""3c523507-72ec-4cff-b022-cd3779b3de9c"": {""distance"": ""407"", ""par"": ""5""}}"
d0f8bfd1-292c-4737-a246-86d2a22f311b,17d87a7a-ef92-40e7-af9e-e2fda69c6af2,16,3,"{""c4a6771f-1caf-48a3-b585-fafbf6651a2b"": ""177"", ""2ed315f8-a64d-4c1c-8d92-7906cd9c54ab"": ""167"", ""ba9d4e2a-fbdb-4164-a1bb-da34bd4b1e36"": ""143"", ""3c523507-72ec-4cff-b022-cd3779b3de9c"": {""distance"": ""135"", ""par"": ""3""}}"
d0f8bfd1-292c-4737-a246-86d2a22f311b,17d87a7a-ef92-40e7-af9e-e2fda69c6af2,17,4,"{""c4a6771f-1caf-48a3-b585-fafbf6651a2b"": ""420"", ""2ed315f8-a64d-4c1c-8d92-7906cd9c54ab"": ""394"", ""ba9d4e2a-fbdb-4164-a1bb-da34bd4b1e36"": ""379"", ""3c523507-72ec-4cff-b022-cd3779b3de9c"": {""distance"": ""268"", ""par"": ""4""}}"
d0f8bfd1-292c-4737-a246-86d2a22f311b,17d87a7a-ef92-40e7-af9e-e2fda69c6af2,18,4,"{""c4a6771f-1caf-48a3-b585-fafbf6651a2b"": ""305"", ""2ed315f8-a64d-4c1c-8d92-7906cd9c54ab"": ""299"", ""ba9d4e2a-fbdb-4164-a1bb-da34bd4b1e36"": ""265"", ""3c523507-72ec-4cff-b022-cd3779b3de9c"": {""distance"": ""254"", ""par"": ""4""}}"
cdf37efb-a087-4224-8ebd-d0238509b0ce,95abf0ee-7830-44f0-b9f7-7b49e0c896ee,1,4,"{""13e8a7b2-950a-495d-86b5-f62787bb611e"": ""302"", ""bc972f2d-e523-4c3d-ac10-72395f9dcc0a"": ""288"", ""58698eb8-f662-4f7e-999c-e2cd005e1d00"": {""distance"": ""247"", ""par"": ""4""}}"
cdf37efb-a087-4224-8ebd-d0238509b0ce,95abf0ee-7830-44f0-b9f7-7b49e0c896ee,2,4,"{""13e8a7b2-950a-495d-86b5-f62787bb611e"": ""379"", ""bc972f2d-e523-4c3d-ac10-72395f9dcc0a"": ""352"", ""58698eb8-f662-4f7e-999c-e2cd005e1d00"": {""distance"": ""329"", ""par"": ""4""}}"
cdf37efb-a087-4224-8ebd-d0238509b0ce,95abf0ee-7830-44f0-b9f7-7b49e0c896ee,3,3,"{""13e8a7b2-950a-495d-86b5-f62787bb611e"": ""183"", ""bc972f2d-e523-4c3d-ac10-72395f9dcc0a"": ""137"", ""58698eb8-f662-4f7e-999c-e2cd005e1d00"": {""distance"": ""114"", ""par"": ""3""}}"
cdf37efb-a087-4224-8ebd-d0238509b0ce,95abf0ee-7830-44f0-b9f7-7b49e0c896ee,4,4,"{""13e8a7b2-950a-495d-86b5-f62787bb611e"": ""384"", ""bc972f2d-e523-4c3d-ac10-72395f9dcc0a"": ""361"", ""58698eb8-f662-4f7e-999c-e2cd005e1d00"": {""distance"": ""311"", ""par"": ""4""}}"
cdf37efb-a087-4224-8ebd-d0238509b0ce,95abf0ee-7830-44f0-b9f7-7b49e0c896ee,5,4,"{""13e8a7b2-950a-495d-86b5-f62787bb611e"": ""393"", ""bc972f2d-e523-4c3d-ac10-72395f9dcc0a"": ""370"", ""58698eb8-f662-4f7e-999c-e2cd005e1d00"": {""distance"": ""270"", ""par"": ""4""}}"
cdf37efb-a087-4224-8ebd-d0238509b0ce,95abf0ee-7830-44f0-b9f7-7b49e0c896ee,6,5,"{""13e8a7b2-950a-495d-86b5-f62787bb611e"": ""457"", ""bc972f2d-e523-4c3d-ac10-72395f9dcc0a"": ""434"", ""58698eb8-f662-4f7e-999c-e2cd005e1d00"": {""distance"": ""334"", ""par"": ""5""}}"
cdf37efb-a087-4224-8ebd-d0238509b0ce,95abf0ee-7830-44f0-b9f7-7b49e0c896ee,7,4,"{""13e8a7b2-950a-495d-86b5-f62787bb611e"": ""375"", ""bc972f2d-e523-4c3d-ac10-72395f9dcc0a"": ""352"", ""58698eb8-f662-4f7e-999c-e2cd005e1d00"": {""distance"": ""270"", ""par"": ""4""}}"
cdf37efb-a087-4224-8ebd-d0238509b0ce,95abf0ee-7830-44f0-b9f7-7b49e0c896ee,8,3,"{""13e8a7b2-950a-495d-86b5-f62787bb611e"": ""197"", ""bc972f2d-e523-4c3d-ac10-72395f9dcc0a"": ""178"", ""58698eb8-f662-4f7e-999c-e2cd005e1d00"": {""distance"": ""133"", ""par"": ""3""}}"
cdf37efb-a087-4224-8ebd-d0238509b0ce,95abf0ee-7830-44f0-b9f7-7b49e0c896ee,9,5,"{""13e8a7b2-950a-495d-86b5-f62787bb611e"": ""494"", ""bc972f2d-e523-4c3d-ac10-72395f9dcc0a"": ""434"", ""58698eb8-f662-4f7e-999c-e2cd005e1d00"": {""distance"": ""379"", ""par"": ""5""}}"
cdf37efb-a087-4224-8ebd-d0238509b0ce,95abf0ee-7830-44f0-b9f7-7b49e0c896ee,10,4,"{""13e8a7b2-950a-495d-86b5-f62787bb611e"": ""375"", ""bc972f2d-e523-4c3d-ac10-72395f9dcc0a"": ""352"", ""58698eb8-f662-4f7e-999c-e2cd005e1d00"": {""distance"": ""334"", ""par"": ""4""}}"
cdf37efb-a087-4224-8ebd-d0238509b0ce,95abf0ee-7830-44f0-b9f7-7b49e0c896ee,11,3,"{""13e8a7b2-950a-495d-86b5-f62787bb611e"": ""183"", ""bc972f2d-e523-4c3d-ac10-72395f9dcc0a"": ""160"", ""58698eb8-f662-4f7e-999c-e2cd005e1d00"": {""distance"": ""146"", ""par"": ""3""}}"
cdf37efb-a087-4224-8ebd-d0238509b0ce,95abf0ee-7830-44f0-b9f7-7b49e0c896ee,12,4,"{""13e8a7b2-950a-495d-86b5-f62787bb611e"": ""357"", ""bc972f2d-e523-4c3d-ac10-72395f9dcc0a"": ""343"", ""58698eb8-f662-4f7e-999c-e2cd005e1d00"": {""distance"": ""315"", ""par"": ""4""}}"
cdf37efb-a087-4224-8ebd-d0238509b0ce,95abf0ee-7830-44f0-b9f7-7b49e0c896ee,13,4,"{""13e8a7b2-950a-495d-86b5-f62787bb611e"": ""352"", ""bc972f2d-e523-4c3d-ac10-72395f9dcc0a"": ""315"", ""58698eb8-f662-4f7e-999c-e2cd005e1d00"": {""distance"": ""261"", ""par"": ""4""}}"
cdf37efb-a087-4224-8ebd-d0238509b0ce,95abf0ee-7830-44f0-b9f7-7b49e0c896ee,14,5,"{""13e8a7b2-950a-495d-86b5-f62787bb611e"": ""489"", ""bc972f2d-e523-4c3d-ac10-72395f9dcc0a"": ""457"", ""58698eb8-f662-4f7e-999c-e2cd005e1d00"": {""distance"": ""361"", ""par"": ""5""}}"
cdf37efb-a087-4224-8ebd-d0238509b0ce,95abf0ee-7830-44f0-b9f7-7b49e0c896ee,15,4,"{""13e8a7b2-950a-495d-86b5-f62787bb611e"": ""347"", ""bc972f2d-e523-4c3d-ac10-72395f9dcc0a"": ""320"", ""58698eb8-f662-4f7e-999c-e2cd005e1d00"": {""distance"": ""293"", ""par"": ""4""}}"
cdf37efb-a087-4224-8ebd-d0238509b0ce,95abf0ee-7830-44f0-b9f7-7b49e0c896ee,16,5,"{""13e8a7b2-950a-495d-86b5-f62787bb611e"": ""462"", ""bc972f2d-e523-4c3d-ac10-72395f9dcc0a"": ""425"", ""58698eb8-f662-4f7e-999c-e2cd005e1d00"": {""distance"": ""393"", ""par"": ""5""}}"
cdf37efb-a087-4224-8ebd-d0238509b0ce,95abf0ee-7830-44f0-b9f7-7b49e0c896ee,17,4,"{""13e8a7b2-950a-495d-86b5-f62787bb611e"": ""407"", ""bc972f2d-e523-4c3d-ac10-72395f9dcc0a"": ""366"", ""58698eb8-f662-4f7e-999c-e2cd005e1d00"": {""distance"": ""334"", ""par"": ""4""}}"
cdf37efb-a087-4224-8ebd-d0238509b0ce,95abf0ee-7830-44f0-b9f7-7b49e0c896ee,18,3,"{""13e8a7b2-950a-495d-86b5-f62787bb611e"": ""155"", ""bc972f2d-e523-4c3d-ac10-72395f9dcc0a"": ""123"", ""58698eb8-f662-4f7e-999c-e2cd005e1d00"": {""distance"": ""110"", ""par"": ""3""}}"
235067ae-147a-4544-8d95-25b4265dccf7,f5377f48-39b9-4cfb-bd0e-c6e6ca21152e,1,4,"{""d8bdf819-6ecb-40d9-a317-65a547deb253"": ""287"", ""59d0b737-1198-40be-9005-0ac5cfcff447"": ""271"", ""54d2b3f0-996d-41f5-8f65-828471b3f15b"": ""251"", ""ce84d8ec-fad8-4dc1-b45b-0f7b9322bb10"": {""distance"": ""236"", ""par"": ""4""}}"
235067ae-147a-4544-8d95-25b4265dccf7,f5377f48-39b9-4cfb-bd0e-c6e6ca21152e,2,4,"{""d8bdf819-6ecb-40d9-a317-65a547deb253"": ""320"", ""59d0b737-1198-40be-9005-0ac5cfcff447"": ""298"", ""54d2b3f0-996d-41f5-8f65-828471b3f15b"": ""281"", ""ce84d8ec-fad8-4dc1-b45b-0f7b9322bb10"": {""distance"": ""257"", ""par"": ""4""}}"
235067ae-147a-4544-8d95-25b4265dccf7,f5377f48-39b9-4cfb-bd0e-c6e6ca21152e,3,4,"{""d8bdf819-6ecb-40d9-a317-65a547deb253"": ""303"", ""59d0b737-1198-40be-9005-0ac5cfcff447"": ""288"", ""54d2b3f0-996d-41f5-8f65-828471b3f15b"": ""265"", ""ce84d8ec-fad8-4dc1-b45b-0f7b9322bb10"": {""distance"": ""250"", ""par"": ""4""}}"
235067ae-147a-4544-8d95-25b4265dccf7,f5377f48-39b9-4cfb-bd0e-c6e6ca21152e,4,5,"{""d8bdf819-6ecb-40d9-a317-65a547deb253"": ""491"", ""59d0b737-1198-40be-9005-0ac5cfcff447"": ""472"", ""54d2b3f0-996d-41f5-8f65-828471b3f15b"": ""463"", ""ce84d8ec-fad8-4dc1-b45b-0f7b9322bb10"": {""distance"": ""429"", ""par"": ""5""}}"
235067ae-147a-4544-8d95-25b4265dccf7,f5377f48-39b9-4cfb-bd0e-c6e6ca21152e,5,3,"{""d8bdf819-6ecb-40d9-a317-65a547deb253"": ""163"", ""59d0b737-1198-40be-9005-0ac5cfcff447"": ""149"", ""54d2b3f0-996d-41f5-8f65-828471b3f15b"": ""135"", ""ce84d8ec-fad8-4dc1-b45b-0f7b9322bb10"": {""distance"": ""126"", ""par"": ""3""}}"
235067ae-147a-4544-8d95-25b4265dccf7,f5377f48-39b9-4cfb-bd0e-c6e6ca21152e,6,5,"{""d8bdf819-6ecb-40d9-a317-65a547deb253"": ""517"", ""59d0b737-1198-40be-9005-0ac5cfcff447"": ""500"", ""54d2b3f0-996d-41f5-8f65-828471b3f15b"": ""482"", ""ce84d8ec-fad8-4dc1-b45b-0f7b9322bb10"": {""distance"": ""461"", ""par"": ""5""}}"
235067ae-147a-4544-8d95-25b4265dccf7,f5377f48-39b9-4cfb-bd0e-c6e6ca21152e,7,4,"{""d8bdf819-6ecb-40d9-a317-65a547deb253"": ""294"", ""59d0b737-1198-40be-9005-0ac5cfcff447"": ""280"", ""54d2b3f0-996d-41f5-8f65-828471b3f15b"": ""260"", ""ce84d8ec-fad8-4dc1-b45b-0f7b9322bb10"": {""distance"": ""234"", ""par"": ""4""}}"
235067ae-147a-4544-8d95-25b4265dccf7,f5377f48-39b9-4cfb-bd0e-c6e6ca21152e,8,3,"{""d8bdf819-6ecb-40d9-a317-65a547deb253"": ""166"", ""59d0b737-1198-40be-9005-0ac5cfcff447"": ""140"", ""54d2b3f0-996d-41f5-8f65-828471b3f15b"": ""131"", ""ce84d8ec-fad8-4dc1-b45b-0f7b9322bb10"": {""distance"": ""118"", ""par"": ""3""}}"
235067ae-147a-4544-8d95-25b4265dccf7,f5377f48-39b9-4cfb-bd0e-c6e6ca21152e,9,4,"{""d8bdf819-6ecb-40d9-a317-65a547deb253"": ""344"", ""59d0b737-1198-40be-9005-0ac5cfcff447"": ""320"", ""54d2b3f0-996d-41f5-8f65-828471b3f15b"": ""306"", ""ce84d8ec-fad8-4dc1-b45b-0f7b9322bb10"": {""distance"": ""289"", ""par"": ""4""}}"
235067ae-147a-4544-8d95-25b4265dccf7,f5377f48-39b9-4cfb-bd0e-c6e6ca21152e,10,3,"{""d8bdf819-6ecb-40d9-a317-65a547deb253"": ""163"", ""59d0b737-1198-40be-9005-0ac5cfcff447"": ""158"", ""54d2b3f0-996d-41f5-8f65-828471b3f15b"": ""140"", ""ce84d8ec-fad8-4dc1-b45b-0f7b9322bb10"": {""distance"": ""125"", ""par"": ""3""}}"
235067ae-147a-4544-8d95-25b4265dccf7,f5377f48-39b9-4cfb-bd0e-c6e6ca21152e,11,4,"{""d8bdf819-6ecb-40d9-a317-65a547deb253"": ""292"", ""59d0b737-1198-40be-9005-0ac5cfcff447"": ""283"", ""54d2b3f0-996d-41f5-8f65-828471b3f15b"": ""261"", ""ce84d8ec-fad8-4dc1-b45b-0f7b9322bb10"": {""distance"": ""256"", ""par"": ""4""}}"
235067ae-147a-4544-8d95-25b4265dccf7,f5377f48-39b9-4cfb-bd0e-c6e6ca21152e,12,5,"{""d8bdf819-6ecb-40d9-a317-65a547deb253"": ""532"", ""59d0b737-1198-40be-9005-0ac5cfcff447"": ""519"", ""54d2b3f0-996d-41f5-8f65-828471b3f15b"": ""505"", ""ce84d8ec-fad8-4dc1-b45b-0f7b9322bb10"": {""distance"": ""492"", ""par"": ""5""}}"
235067ae-147a-4544-8d95-25b4265dccf7,f5377f48-39b9-4cfb-bd0e-c6e6ca21152e,13,4,"{""d8bdf819-6ecb-40d9-a317-65a547deb253"": ""317"", ""59d0b737-1198-40be-9005-0ac5cfcff447"": ""309"", ""54d2b3f0-996d-41f5-8f65-828471b3f15b"": ""298"", ""ce84d8ec-fad8-4dc1-b45b-0f7b9322bb10"": {""distance"": ""272"", ""par"": ""4""}}"
235067ae-147a-4544-8d95-25b4265dccf7,f5377f48-39b9-4cfb-bd0e-c6e6ca21152e,14,4,"{""d8bdf819-6ecb-40d9-a317-65a547deb253"": ""284"", ""59d0b737-1198-40be-9005-0ac5cfcff447"": ""265"", ""54d2b3f0-996d-41f5-8f65-828471b3f15b"": ""245"", ""ce84d8ec-fad8-4dc1-b45b-0f7b9322bb10"": {""distance"": ""230"", ""par"": ""4""}}"
235067ae-147a-4544-8d95-25b4265dccf7,f5377f48-39b9-4cfb-bd0e-c6e6ca21152e,15,3,"{""d8bdf819-6ecb-40d9-a317-65a547deb253"": ""165"", ""59d0b737-1198-40be-9005-0ac5cfcff447"": ""146"", ""54d2b3f0-996d-41f5-8f65-828471b3f15b"": ""139"", ""ce84d8ec-fad8-4dc1-b45b-0f7b9322bb10"": {""distance"": ""128"", ""par"": ""3""}}"
235067ae-147a-4544-8d95-25b4265dccf7,f5377f48-39b9-4cfb-bd0e-c6e6ca21152e,16,4,"{""d8bdf819-6ecb-40d9-a317-65a547deb253"": ""283"", ""59d0b737-1198-40be-9005-0ac5cfcff447"": ""268"", ""54d2b3f0-996d-41f5-8f65-828471b3f15b"": ""260"", ""ce84d8ec-fad8-4dc1-b45b-0f7b9322bb10"": {""distance"": ""249"", ""par"": ""4""}}"
235067ae-147a-4544-8d95-25b4265dccf7,f5377f48-39b9-4cfb-bd0e-c6e6ca21152e,17,4,"{""d8bdf819-6ecb-40d9-a317-65a547deb253"": ""384"", ""59d0b737-1198-40be-9005-0ac5cfcff447"": ""372"", ""54d2b3f0-996d-41f5-8f65-828471b3f15b"": ""355"", ""ce84d8ec-fad8-4dc1-b45b-0f7b9322bb10"": {""distance"": ""340"", ""par"": ""4""}}"
235067ae-147a-4544-8d95-25b4265dccf7,f5377f48-39b9-4cfb-bd0e-c6e6ca21152e,18,4,"{""d8bdf819-6ecb-40d9-a317-65a547deb253"": ""304"", ""59d0b737-1198-40be-9005-0ac5cfcff447"": ""288"", ""54d2b3f0-996d-41f5-8f65-828471b3f15b"": ""269"", ""ce84d8ec-fad8-4dc1-b45b-0f7b9322bb10"": {""distance"": ""252"", ""par"": ""4""}}"
4767378c-58ce-457e-b269-21f8b2b10266,31b81726-9ce2-4f86-b821-b0b3021a3a94,1,4,"{""c0b480ea-e49a-4e80-b513-61dbb2c70cb4"": ""350"", ""73fb2632-d198-43ae-a0f5-1b9f63937d6d"": ""332"", ""bc5b40ec-723f-45c3-90bf-0356f569ab2c"": ""321"", ""7b04a984-1124-4801-a617-3f7fc6b7e02e"": {""distance"": ""307"", ""par"": ""4""}}"
4767378c-58ce-457e-b269-21f8b2b10266,31b81726-9ce2-4f86-b821-b0b3021a3a94,2,4,"{""c0b480ea-e49a-4e80-b513-61dbb2c70cb4"": ""331"", ""73fb2632-d198-43ae-a0f5-1b9f63937d6d"": ""322"", ""bc5b40ec-723f-45c3-90bf-0356f569ab2c"": ""316"", ""7b04a984-1124-4801-a617-3f7fc6b7e02e"": {""distance"": ""278"", ""par"": ""4""}}"
4767378c-58ce-457e-b269-21f8b2b10266,31b81726-9ce2-4f86-b821-b0b3021a3a94,3,3,"{""c0b480ea-e49a-4e80-b513-61dbb2c70cb4"": ""130"", ""73fb2632-d198-43ae-a0f5-1b9f63937d6d"": ""130"", ""bc5b40ec-723f-45c3-90bf-0356f569ab2c"": ""124"", ""7b04a984-1124-4801-a617-3f7fc6b7e02e"": {""distance"": ""119"", ""par"": ""3""}}"
4767378c-58ce-457e-b269-21f8b2b10266,31b81726-9ce2-4f86-b821-b0b3021a3a94,4,5,"{""c0b480ea-e49a-4e80-b513-61dbb2c70cb4"": ""535"", ""73fb2632-d198-43ae-a0f5-1b9f63937d6d"": ""496"", ""bc5b40ec-723f-45c3-90bf-0356f569ab2c"": ""489"", ""7b04a984-1124-4801-a617-3f7fc6b7e02e"": {""distance"": ""440"", ""par"": ""5""}}"
4767378c-58ce-457e-b269-21f8b2b10266,31b81726-9ce2-4f86-b821-b0b3021a3a94,5,3,"{""c0b480ea-e49a-4e80-b513-61dbb2c70cb4"": ""169"", ""73fb2632-d198-43ae-a0f5-1b9f63937d6d"": ""161"", ""bc5b40ec-723f-45c3-90bf-0356f569ab2c"": ""135"", ""7b04a984-1124-4801-a617-3f7fc6b7e02e"": {""distance"": ""130"", ""par"": ""3""}}"
4767378c-58ce-457e-b269-21f8b2b10266,31b81726-9ce2-4f86-b821-b0b3021a3a94,6,4,"{""c0b480ea-e49a-4e80-b513-61dbb2c70cb4"": ""341"", ""73fb2632-d198-43ae-a0f5-1b9f63937d6d"": ""334"", ""bc5b40ec-723f-45c3-90bf-0356f569ab2c"": ""286"", ""7b04a984-1124-4801-a617-3f7fc6b7e02e"": {""distance"": ""283"", ""par"": ""4""}}"
4767378c-58ce-457e-b269-21f8b2b10266,31b81726-9ce2-4f86-b821-b0b3021a3a94,7,5,"{""c0b480ea-e49a-4e80-b513-61dbb2c70cb4"": ""418"", ""73fb2632-d198-43ae-a0f5-1b9f63937d6d"": ""415"", ""bc5b40ec-723f-45c3-90bf-0356f569ab2c"": ""397"", ""7b04a984-1124-4801-a617-3f7fc6b7e02e"": {""distance"": ""367"", ""par"": ""5""}}"
4767378c-58ce-457e-b269-21f8b2b10266,31b81726-9ce2-4f86-b821-b0b3021a3a94,8,4,"{""c0b480ea-e49a-4e80-b513-61dbb2c70cb4"": ""368"", ""73fb2632-d198-43ae-a0f5-1b9f63937d6d"": ""348"", ""bc5b40ec-723f-45c3-90bf-0356f569ab2c"": ""340"", ""7b04a984-1124-4801-a617-3f7fc6b7e02e"": {""distance"": ""308"", ""par"": ""4""}}"
4767378c-58ce-457e-b269-21f8b2b10266,31b81726-9ce2-4f86-b821-b0b3021a3a94,9,3,"{""c0b480ea-e49a-4e80-b513-61dbb2c70cb4"": ""173"", ""73fb2632-d198-43ae-a0f5-1b9f63937d6d"": ""158"", ""bc5b40ec-723f-45c3-90bf-0356f569ab2c"": ""143"", ""7b04a984-1124-4801-a617-3f7fc6b7e02e"": {""distance"": ""138"", ""par"": ""3""}}"
4767378c-58ce-457e-b269-21f8b2b10266,31b81726-9ce2-4f86-b821-b0b3021a3a94,10,4,"{""c0b480ea-e49a-4e80-b513-61dbb2c70cb4"": ""311"", ""73fb2632-d198-43ae-a0f5-1b9f63937d6d"": ""293"", ""bc5b40ec-723f-45c3-90bf-0356f569ab2c"": ""264"", ""7b04a984-1124-4801-a617-3f7fc6b7e02e"": {""distance"": ""236"", ""par"": ""4""}}"
4767378c-58ce-457e-b269-21f8b2b10266,31b81726-9ce2-4f86-b821-b0b3021a3a94,11,4,"{""c0b480ea-e49a-4e80-b513-61dbb2c70cb4"": ""330"", ""73fb2632-d198-43ae-a0f5-1b9f63937d6d"": ""301"", ""bc5b40ec-723f-45c3-90bf-0356f569ab2c"": ""290"", ""7b04a984-1124-4801-a617-3f7fc6b7e02e"": {""distance"": ""255"", ""par"": ""4""}}"
4767378c-58ce-457e-b269-21f8b2b10266,31b81726-9ce2-4f86-b821-b0b3021a3a94,12,5,"{""c0b480ea-e49a-4e80-b513-61dbb2c70cb4"": ""423"", ""73fb2632-d198-43ae-a0f5-1b9f63937d6d"": ""416"", ""bc5b40ec-723f-45c3-90bf-0356f569ab2c"": ""390"", ""7b04a984-1124-4801-a617-3f7fc6b7e02e"": {""distance"": ""382"", ""par"": ""5""}}"
4767378c-58ce-457e-b269-21f8b2b10266,31b81726-9ce2-4f86-b821-b0b3021a3a94,13,3,"{""c0b480ea-e49a-4e80-b513-61dbb2c70cb4"": ""192"", ""73fb2632-d198-43ae-a0f5-1b9f63937d6d"": ""161"", ""bc5b40ec-723f-45c3-90bf-0356f569ab2c"": ""139"", ""7b04a984-1124-4801-a617-3f7fc6b7e02e"": {""distance"": ""131"", ""par"": ""3""}}"
4767378c-58ce-457e-b269-21f8b2b10266,31b81726-9ce2-4f86-b821-b0b3021a3a94,14,4,"{""c0b480ea-e49a-4e80-b513-61dbb2c70cb4"": ""398"", ""73fb2632-d198-43ae-a0f5-1b9f63937d6d"": ""356"", ""bc5b40ec-723f-45c3-90bf-0356f569ab2c"": ""337"", ""7b04a984-1124-4801-a617-3f7fc6b7e02e"": {""distance"": ""331"", ""par"": ""4""}}"
4767378c-58ce-457e-b269-21f8b2b10266,31b81726-9ce2-4f86-b821-b0b3021a3a94,15,4,"{""c0b480ea-e49a-4e80-b513-61dbb2c70cb4"": ""290"", ""73fb2632-d198-43ae-a0f5-1b9f63937d6d"": ""285"", ""bc5b40ec-723f-45c3-90bf-0356f569ab2c"": ""262"", ""7b04a984-1124-4801-a617-3f7fc6b7e02e"": {""distance"": ""254"", ""par"": ""4""}}"
4767378c-58ce-457e-b269-21f8b2b10266,31b81726-9ce2-4f86-b821-b0b3021a3a94,16,4,"{""c0b480ea-e49a-4e80-b513-61dbb2c70cb4"": ""360"", ""73fb2632-d198-43ae-a0f5-1b9f63937d6d"": ""349"", ""bc5b40ec-723f-45c3-90bf-0356f569ab2c"": ""338"", ""7b04a984-1124-4801-a617-3f7fc6b7e02e"": {""distance"": ""284"", ""par"": ""4""}}"
4767378c-58ce-457e-b269-21f8b2b10266,31b81726-9ce2-4f86-b821-b0b3021a3a94,17,5,"{""c0b480ea-e49a-4e80-b513-61dbb2c70cb4"": ""486"", ""73fb2632-d198-43ae-a0f5-1b9f63937d6d"": ""475"", ""bc5b40ec-723f-45c3-90bf-0356f569ab2c"": ""403"", ""7b04a984-1124-4801-a617-3f7fc6b7e02e"": {""distance"": ""398"", ""par"": ""5""}}"
4767378c-58ce-457e-b269-21f8b2b10266,31b81726-9ce2-4f86-b821-b0b3021a3a94,18,3,"{""c0b480ea-e49a-4e80-b513-61dbb2c70cb4"": ""188"", ""73fb2632-d198-43ae-a0f5-1b9f63937d6d"": ""175"", ""bc5b40ec-723f-45c3-90bf-0356f569ab2c"": ""157"", ""7b04a984-1124-4801-a617-3f7fc6b7e02e"": {""distance"": ""149"", ""par"": ""3""}}"
45edef32-b9b6-4237-af94-f928960fa1b3,006f32ab-b906-4bab-8ec5-1b5275dac2a4,1,3,"{""dfd95db5-2383-471d-baa9-7eb63d0c97cf"": {""distance"": ""78"", ""par"": ""3""}}"
45edef32-b9b6-4237-af94-f928960fa1b3,006f32ab-b906-4bab-8ec5-1b5275dac2a4,2,3,"{""dfd95db5-2383-471d-baa9-7eb63d0c97cf"": {""distance"": ""46"", ""par"": ""3""}}"
45edef32-b9b6-4237-af94-f928960fa1b3,006f32ab-b906-4bab-8ec5-1b5275dac2a4,3,3,"{""dfd95db5-2383-471d-baa9-7eb63d0c97cf"": {""distance"": ""68"", ""par"": ""3""}}"
45edef32-b9b6-4237-af94-f928960fa1b3,006f32ab-b906-4bab-8ec5-1b5275dac2a4,4,3,"{""dfd95db5-2383-471d-baa9-7eb63d0c97cf"": {""distance"": ""56"", ""par"": ""3""}}"
45edef32-b9b6-4237-af94-f928960fa1b3,006f32ab-b906-4bab-8ec5-1b5275dac2a4,5,3,"{""dfd95db5-2383-471d-baa9-7eb63d0c97cf"": {""distance"": ""90"", ""par"": ""3""}}"
45edef32-b9b6-4237-af94-f928960fa1b3,006f32ab-b906-4bab-8ec5-1b5275dac2a4,6,3,"{""dfd95db5-2383-471d-baa9-7eb63d0c97cf"": {""distance"": ""81"", ""par"": ""3""}}"
45edef32-b9b6-4237-af94-f928960fa1b3,006f32ab-b906-4bab-8ec5-1b5275dac2a4,7,3,"{""dfd95db5-2383-471d-baa9-7eb63d0c97cf"": {""distance"": ""59"", ""par"": ""3""}}"
45edef32-b9b6-4237-af94-f928960fa1b3,006f32ab-b906-4bab-8ec5-1b5275dac2a4,8,3,"{""dfd95db5-2383-471d-baa9-7eb63d0c97cf"": {""distance"": ""100"", ""par"": ""3""}}"
45edef32-b9b6-4237-af94-f928960fa1b3,006f32ab-b906-4bab-8ec5-1b5275dac2a4,9,3,"{""dfd95db5-2383-471d-baa9-7eb63d0c97cf"": {""distance"": ""77"", ""par"": ""3""}}"
eddbfb30-75df-44fb-b090-da52f9bdebdc,8e314621-6179-4e66-ace2-cd82bbd9656a,1,4,"{""3d82f044-6cb7-4c4e-a593-5419af813e7b"": ""307"", ""bf92f930-172c-4742-8991-feedae91c46f"": ""246""}"
eddbfb30-75df-44fb-b090-da52f9bdebdc,8e314621-6179-4e66-ace2-cd82bbd9656a,2,4,"{""3d82f044-6cb7-4c4e-a593-5419af813e7b"": ""266"", ""bf92f930-172c-4742-8991-feedae91c46f"": ""233""}"
eddbfb30-75df-44fb-b090-da52f9bdebdc,8e314621-6179-4e66-ace2-cd82bbd9656a,3,4,"{""3d82f044-6cb7-4c4e-a593-5419af813e7b"": ""242"", ""bf92f930-172c-4742-8991-feedae91c46f"": ""199""}"
eddbfb30-75df-44fb-b090-da52f9bdebdc,8e314621-6179-4e66-ace2-cd82bbd9656a,4,3,"{""3d82f044-6cb7-4c4e-a593-5419af813e7b"": ""195"", ""bf92f930-172c-4742-8991-feedae91c46f"": ""153""}"
eddbfb30-75df-44fb-b090-da52f9bdebdc,8e314621-6179-4e66-ace2-cd82bbd9656a,5,4,"{""3d82f044-6cb7-4c4e-a593-5419af813e7b"": ""217"", ""bf92f930-172c-4742-8991-feedae91c46f"": ""175""}"
eddbfb30-75df-44fb-b090-da52f9bdebdc,8e314621-6179-4e66-ace2-cd82bbd9656a,6,4,"{""3d82f044-6cb7-4c4e-a593-5419af813e7b"": ""236"", ""bf92f930-172c-4742-8991-feedae91c46f"": ""199""}"
eddbfb30-75df-44fb-b090-da52f9bdebdc,8e314621-6179-4e66-ace2-cd82bbd9656a,7,3,"{""3d82f044-6cb7-4c4e-a593-5419af813e7b"": ""86"", ""bf92f930-172c-4742-8991-feedae91c46f"": ""74""}"
eddbfb30-75df-44fb-b090-da52f9bdebdc,8e314621-6179-4e66-ace2-cd82bbd9656a,8,3,"{""3d82f044-6cb7-4c4e-a593-5419af813e7b"": ""189"", ""bf92f930-172c-4742-8991-feedae91c46f"": ""117""}"
eddbfb30-75df-44fb-b090-da52f9bdebdc,8e314621-6179-4e66-ace2-cd82bbd9656a,9,4,"{""3d82f044-6cb7-4c4e-a593-5419af813e7b"": ""263"", ""bf92f930-172c-4742-8991-feedae91c46f"": ""234""}"
eddbfb30-75df-44fb-b090-da52f9bdebdc,8e314621-6179-4e66-ace2-cd82bbd9656a,10,4,"{""3d82f044-6cb7-4c4e-a593-5419af813e7b"": ""307"", ""bf92f930-172c-4742-8991-feedae91c46f"": ""246""}"
eddbfb30-75df-44fb-b090-da52f9bdebdc,8e314621-6179-4e66-ace2-cd82bbd9656a,11,4,"{""3d82f044-6cb7-4c4e-a593-5419af813e7b"": ""266"", ""bf92f930-172c-4742-8991-feedae91c46f"": ""233""}"
eddbfb30-75df-44fb-b090-da52f9bdebdc,8e314621-6179-4e66-ace2-cd82bbd9656a,12,4,"{""3d82f044-6cb7-4c4e-a593-5419af813e7b"": ""242"", ""bf92f930-172c-4742-8991-feedae91c46f"": ""199""}"
eddbfb30-75df-44fb-b090-da52f9bdebdc,8e314621-6179-4e66-ace2-cd82bbd9656a,13,3,"{""3d82f044-6cb7-4c4e-a593-5419af813e7b"": ""195"", ""bf92f930-172c-4742-8991-feedae91c46f"": ""153""}"
eddbfb30-75df-44fb-b090-da52f9bdebdc,8e314621-6179-4e66-ace2-cd82bbd9656a,14,4,"{""3d82f044-6cb7-4c4e-a593-5419af813e7b"": ""217"", ""bf92f930-172c-4742-8991-feedae91c46f"": ""175""}"
eddbfb30-75df-44fb-b090-da52f9bdebdc,8e314621-6179-4e66-ace2-cd82bbd9656a,15,4,"{""3d82f044-6cb7-4c4e-a593-5419af813e7b"": ""236"", ""bf92f930-172c-4742-8991-feedae91c46f"": ""199""}"
eddbfb30-75df-44fb-b090-da52f9bdebdc,8e314621-6179-4e66-ace2-cd82bbd9656a,16,3,"{""3d82f044-6cb7-4c4e-a593-5419af813e7b"": ""86"", ""bf92f930-172c-4742-8991-feedae91c46f"": ""74""}"
eddbfb30-75df-44fb-b090-da52f9bdebdc,8e314621-6179-4e66-ace2-cd82bbd9656a,17,3,"{""3d82f044-6cb7-4c4e-a593-5419af813e7b"": ""189"", ""bf92f930-172c-4742-8991-feedae91c46f"": ""117""}"
eddbfb30-75df-44fb-b090-da52f9bdebdc,8e314621-6179-4e66-ace2-cd82bbd9656a,18,4,"{""3d82f044-6cb7-4c4e-a593-5419af813e7b"": ""263"", ""bf92f930-172c-4742-8991-feedae91c46f"": ""234""}"
aa658142-2186-4200-b81c-ae2fd08f42a1,1544eab2-7b90-4a2f-86bf-835ceac9c3f5,1,5,"{""900ba143-d359-4a07-946d-2a63d2f2a61f"": ""482"", ""079a2e2b-5224-4d6b-b00e-272930ba0e93"": ""472"", ""f8e0dab3-71da-4929-be5b-01536a1bf3e9"": ""458"", ""f0e0e6d6-8ef2-4cf6-bc67-ba84c53fd7f2"": {""distance"": ""440"", ""par"": ""5""}}"
aa658142-2186-4200-b81c-ae2fd08f42a1,1544eab2-7b90-4a2f-86bf-835ceac9c3f5,2,3,"{""900ba143-d359-4a07-946d-2a63d2f2a61f"": ""126"", ""079a2e2b-5224-4d6b-b00e-272930ba0e93"": ""122"", ""f8e0dab3-71da-4929-be5b-01536a1bf3e9"": ""113"", ""f0e0e6d6-8ef2-4cf6-bc67-ba84c53fd7f2"": {""distance"": ""96"", ""par"": ""3""}}"
aa658142-2186-4200-b81c-ae2fd08f42a1,1544eab2-7b90-4a2f-86bf-835ceac9c3f5,3,4,"{""900ba143-d359-4a07-946d-2a63d2f2a61f"": ""320"", ""079a2e2b-5224-4d6b-b00e-272930ba0e93"": ""317"", ""f8e0dab3-71da-4929-be5b-01536a1bf3e9"": ""301"", ""f0e0e6d6-8ef2-4cf6-bc67-ba84c53fd7f2"": {""distance"": ""297"", ""par"": ""4""}}"
aa658142-2186-4200-b81c-ae2fd08f42a1,1544eab2-7b90-4a2f-86bf-835ceac9c3f5,4,3,"{""900ba143-d359-4a07-946d-2a63d2f2a61f"": ""185"", ""079a2e2b-5224-4d6b-b00e-272930ba0e93"": ""178"", ""f8e0dab3-71da-4929-be5b-01536a1bf3e9"": ""153"", ""f0e0e6d6-8ef2-4cf6-bc67-ba84c53fd7f2"": {""distance"": ""139"", ""par"": ""3""}}"
aa658142-2186-4200-b81c-ae2fd08f42a1,1544eab2-7b90-4a2f-86bf-835ceac9c3f5,5,5,"{""900ba143-d359-4a07-946d-2a63d2f2a61f"": ""445"", ""079a2e2b-5224-4d6b-b00e-272930ba0e93"": ""440"", ""f8e0dab3-71da-4929-be5b-01536a1bf3e9"": ""417"", ""f0e0e6d6-8ef2-4cf6-bc67-ba84c53fd7f2"": {""distance"": ""391"", ""par"": ""5""}}"
aa658142-2186-4200-b81c-ae2fd08f42a1,1544eab2-7b90-4a2f-86bf-835ceac9c3f5,6,4,"{""900ba143-d359-4a07-946d-2a63d2f2a61f"": ""424"", ""079a2e2b-5224-4d6b-b00e-272930ba0e93"": ""393"", ""f8e0dab3-71da-4929-be5b-01536a1bf3e9"": ""361"", ""f0e0e6d6-8ef2-4cf6-bc67-ba84c53fd7f2"": {""distance"": ""347"", ""par"": ""4""}}"
aa658142-2186-4200-b81c-ae2fd08f42a1,1544eab2-7b90-4a2f-86bf-835ceac9c3f5,7,4,"{""900ba143-d359-4a07-946d-2a63d2f2a61f"": ""381"", ""079a2e2b-5224-4d6b-b00e-272930ba0e93"": ""367"", ""f8e0dab3-71da-4929-be5b-01536a1bf3e9"": ""347"", ""f0e0e6d6-8ef2-4cf6-bc67-ba84c53fd7f2"": {""distance"": ""295"", ""par"": ""4""}}"
aa658142-2186-4200-b81c-ae2fd08f42a1,1544eab2-7b90-4a2f-86bf-835ceac9c3f5,8,3,"{""900ba143-d359-4a07-946d-2a63d2f2a61f"": ""206"", ""079a2e2b-5224-4d6b-b00e-272930ba0e93"": ""193"", ""f8e0dab3-71da-4929-be5b-01536a1bf3e9"": ""179"", ""f0e0e6d6-8ef2-4cf6-bc67-ba84c53fd7f2"": {""distance"": ""170"", ""par"": ""3""}}"
aa658142-2186-4200-b81c-ae2fd08f42a1,1544eab2-7b90-4a2f-86bf-835ceac9c3f5,9,5,"{""900ba143-d359-4a07-946d-2a63d2f2a61f"": ""468"", ""079a2e2b-5224-4d6b-b00e-272930ba0e93"": ""441"", ""f8e0dab3-71da-4929-be5b-01536a1bf3e9"": ""414"", ""f0e0e6d6-8ef2-4cf6-bc67-ba84c53fd7f2"": {""distance"": ""388"", ""par"": ""5""}}"
aa658142-2186-4200-b81c-ae2fd08f42a1,1544eab2-7b90-4a2f-86bf-835ceac9c3f5,10,5,"{""900ba143-d359-4a07-946d-2a63d2f2a61f"": ""500"", ""079a2e2b-5224-4d6b-b00e-272930ba0e93"": ""468"", ""f8e0dab3-71da-4929-be5b-01536a1bf3e9"": ""461"", ""f0e0e6d6-8ef2-4cf6-bc67-ba84c53fd7f2"": {""distance"": ""430"", ""par"": ""5""}}"
aa658142-2186-4200-b81c-ae2fd08f42a1,1544eab2-7b90-4a2f-86bf-835ceac9c3f5,11,4,"{""900ba143-d359-4a07-946d-2a63d2f2a61f"": ""382"", ""079a2e2b-5224-4d6b-b00e-272930ba0e93"": ""363"", ""f8e0dab3-71da-4929-be5b-01536a1bf3e9"": ""335"", ""f0e0e6d6-8ef2-4cf6-bc67-ba84c53fd7f2"": {""distance"": ""311"", ""par"": ""4""}}"
aa658142-2186-4200-b81c-ae2fd08f42a1,1544eab2-7b90-4a2f-86bf-835ceac9c3f5,12,3,"{""900ba143-d359-4a07-946d-2a63d2f2a61f"": ""144"", ""079a2e2b-5224-4d6b-b00e-272930ba0e93"": ""134"", ""f8e0dab3-71da-4929-be5b-01536a1bf3e9"": ""124"", ""f0e0e6d6-8ef2-4cf6-bc67-ba84c53fd7f2"": {""distance"": ""106"", ""par"": ""3""}}"
aa658142-2186-4200-b81c-ae2fd08f42a1,1544eab2-7b90-4a2f-86bf-835ceac9c3f5,13,5,"{""900ba143-d359-4a07-946d-2a63d2f2a61f"": ""457"", ""079a2e2b-5224-4d6b-b00e-272930ba0e93"": ""444"", ""f8e0dab3-71da-4929-be5b-01536a1bf3e9"": ""415"", ""f0e0e6d6-8ef2-4cf6-bc67-ba84c53fd7f2"": {""distance"": ""398"", ""par"": ""5""}}"
aa658142-2186-4200-b81c-ae2fd08f42a1,1544eab2-7b90-4a2f-86bf-835ceac9c3f5,14,4,"{""900ba143-d359-4a07-946d-2a63d2f2a61f"": ""334"", ""079a2e2b-5224-4d6b-b00e-272930ba0e93"": ""325"", ""f8e0dab3-71da-4929-be5b-01536a1bf3e9"": ""275"", ""f0e0e6d6-8ef2-4cf6-bc67-ba84c53fd7f2"": {""distance"": ""243"", ""par"": ""4""}}"
aa658142-2186-4200-b81c-ae2fd08f42a1,1544eab2-7b90-4a2f-86bf-835ceac9c3f5,15,3,"{""900ba143-d359-4a07-946d-2a63d2f2a61f"": ""221"", ""079a2e2b-5224-4d6b-b00e-272930ba0e93"": ""185"", ""f8e0dab3-71da-4929-be5b-01536a1bf3e9"": ""158"", ""f0e0e6d6-8ef2-4cf6-bc67-ba84c53fd7f2"": {""distance"": ""149"", ""par"": ""3""}}"
aa658142-2186-4200-b81c-ae2fd08f42a1,1544eab2-7b90-4a2f-86bf-835ceac9c3f5,16,4,"{""900ba143-d359-4a07-946d-2a63d2f2a61f"": ""313"", ""079a2e2b-5224-4d6b-b00e-272930ba0e93"": ""304"", ""f8e0dab3-71da-4929-be5b-01536a1bf3e9"": ""285"", ""f0e0e6d6-8ef2-4cf6-bc67-ba84c53fd7f2"": {""distance"": ""249"", ""par"": ""4""}}"
aa658142-2186-4200-b81c-ae2fd08f42a1,1544eab2-7b90-4a2f-86bf-835ceac9c3f5,17,3,"{""900ba143-d359-4a07-946d-2a63d2f2a61f"": ""175"", ""079a2e2b-5224-4d6b-b00e-272930ba0e93"": ""165"", ""f8e0dab3-71da-4929-be5b-01536a1bf3e9"": ""115"", ""f0e0e6d6-8ef2-4cf6-bc67-ba84c53fd7f2"": {""distance"": ""107"", ""par"": ""3""}}"
aa658142-2186-4200-b81c-ae2fd08f42a1,1544eab2-7b90-4a2f-86bf-835ceac9c3f5,18,5,"{""900ba143-d359-4a07-946d-2a63d2f2a61f"": ""438"", ""079a2e2b-5224-4d6b-b00e-272930ba0e93"": ""436"", ""f8e0dab3-71da-4929-be5b-01536a1bf3e9"": ""400"", ""f0e0e6d6-8ef2-4cf6-bc67-ba84c53fd7f2"": {""distance"": ""376"", ""par"": ""5""}}"
ead0afa7-6298-41bc-a9f5-0b6fe48d590a,fb7a980f-fd1a-4d07-9b9b-04a0a4e03a8a,1,3,"{""a5d55a4d-1356-4efa-9a97-85a738709f3b"": ""94"", ""da8fac1d-f6c6-4094-b68b-020e25ebf113"": ""74"", ""a9e6b920-693e-4b62-a952-5a4144067a15"": {""distance"": ""3"", ""par"": ""3""}}"
ead0afa7-6298-41bc-a9f5-0b6fe48d590a,fb7a980f-fd1a-4d07-9b9b-04a0a4e03a8a,2,3,"{""a5d55a4d-1356-4efa-9a97-85a738709f3b"": ""161"", ""da8fac1d-f6c6-4094-b68b-020e25ebf113"": ""114"", ""a9e6b920-693e-4b62-a952-5a4144067a15"": {""distance"": ""3"", ""par"": ""3""}}"
ead0afa7-6298-41bc-a9f5-0b6fe48d590a,fb7a980f-fd1a-4d07-9b9b-04a0a4e03a8a,3,4,"{""a5d55a4d-1356-4efa-9a97-85a738709f3b"": ""261"", ""da8fac1d-f6c6-4094-b68b-020e25ebf113"": ""212"", ""a9e6b920-693e-4b62-a952-5a4144067a15"": {""distance"": ""6"", ""par"": ""4""}}"
ead0afa7-6298-41bc-a9f5-0b6fe48d590a,fb7a980f-fd1a-4d07-9b9b-04a0a4e03a8a,4,3,"{""a5d55a4d-1356-4efa-9a97-85a738709f3b"": ""122"", ""da8fac1d-f6c6-4094-b68b-020e25ebf113"": ""106"", ""a9e6b920-693e-4b62-a952-5a4144067a15"": {""distance"": ""3"", ""par"": ""3""}}"
ead0afa7-6298-41bc-a9f5-0b6fe48d590a,fb7a980f-fd1a-4d07-9b9b-04a0a4e03a8a,5,3,"{""a5d55a4d-1356-4efa-9a97-85a738709f3b"": ""151"", ""da8fac1d-f6c6-4094-b68b-020e25ebf113"": ""133"", ""a9e6b920-693e-4b62-a952-5a4144067a15"": {""distance"": ""4"", ""par"": ""3""}}"
ead0afa7-6298-41bc-a9f5-0b6fe48d590a,fb7a980f-fd1a-4d07-9b9b-04a0a4e03a8a,6,4,"{""a5d55a4d-1356-4efa-9a97-85a738709f3b"": ""261"", ""da8fac1d-f6c6-4094-b68b-020e25ebf113"": ""240"", ""a9e6b920-693e-4b62-a952-5a4144067a15"": {""distance"": ""5"", ""par"": ""4""}}"
ead0afa7-6298-41bc-a9f5-0b6fe48d590a,fb7a980f-fd1a-4d07-9b9b-04a0a4e03a8a,7,3,"{""a5d55a4d-1356-4efa-9a97-85a738709f3b"": ""111"", ""da8fac1d-f6c6-4094-b68b-020e25ebf113"": ""77"", ""a9e6b920-693e-4b62-a952-5a4144067a15"": {""distance"": ""3"", ""par"": ""3""}}"
ead0afa7-6298-41bc-a9f5-0b6fe48d590a,fb7a980f-fd1a-4d07-9b9b-04a0a4e03a8a,8,3,"{""a5d55a4d-1356-4efa-9a97-85a738709f3b"": ""194"", ""da8fac1d-f6c6-4094-b68b-020e25ebf113"": ""171"", ""a9e6b920-693e-4b62-a952-5a4144067a15"": {""distance"": ""3"", ""par"": ""3""}}"
ead0afa7-6298-41bc-a9f5-0b6fe48d590a,fb7a980f-fd1a-4d07-9b9b-04a0a4e03a8a,9,4,"{""a5d55a4d-1356-4efa-9a97-85a738709f3b"": ""285"", ""da8fac1d-f6c6-4094-b68b-020e25ebf113"": ""257"", ""a9e6b920-693e-4b62-a952-5a4144067a15"": {""distance"": ""4"", ""par"": ""4""}}"
ead0afa7-6298-41bc-a9f5-0b6fe48d590a,fb7a980f-fd1a-4d07-9b9b-04a0a4e03a8a,10,3,"{""a5d55a4d-1356-4efa-9a97-85a738709f3b"": ""152"", ""da8fac1d-f6c6-4094-b68b-020e25ebf113"": ""135"", ""a9e6b920-693e-4b62-a952-5a4144067a15"": {""distance"": ""2"", ""par"": ""3""}}"
ead0afa7-6298-41bc-a9f5-0b6fe48d590a,fb7a980f-fd1a-4d07-9b9b-04a0a4e03a8a,11,3,"{""a5d55a4d-1356-4efa-9a97-85a738709f3b"": ""73"", ""da8fac1d-f6c6-4094-b68b-020e25ebf113"": ""48"", ""a9e6b920-693e-4b62-a952-5a4144067a15"": {""distance"": ""3"", ""par"": ""3""}}"
ead0afa7-6298-41bc-a9f5-0b6fe48d590a,fb7a980f-fd1a-4d07-9b9b-04a0a4e03a8a,12,3,"{""a5d55a4d-1356-4efa-9a97-85a738709f3b"": ""132"", ""da8fac1d-f6c6-4094-b68b-020e25ebf113"": ""112"", ""a9e6b920-693e-4b62-a952-5a4144067a15"": {""distance"": ""3"", ""par"": ""3""}}"
ead0afa7-6298-41bc-a9f5-0b6fe48d590a,fb7a980f-fd1a-4d07-9b9b-04a0a4e03a8a,13,3,"{""a5d55a4d-1356-4efa-9a97-85a738709f3b"": ""109"", ""da8fac1d-f6c6-4094-b68b-020e25ebf113"": ""90"", ""a9e6b920-693e-4b62-a952-5a4144067a15"": {""distance"": ""3"", ""par"": ""3""}}"
ead0afa7-6298-41bc-a9f5-0b6fe48d590a,fb7a980f-fd1a-4d07-9b9b-04a0a4e03a8a,14,5,"{""a5d55a4d-1356-4efa-9a97-85a738709f3b"": ""444"", ""da8fac1d-f6c6-4094-b68b-020e25ebf113"": ""421"", ""a9e6b920-693e-4b62-a952-5a4144067a15"": {""distance"": ""6"", ""par"": ""5""}}"
ead0afa7-6298-41bc-a9f5-0b6fe48d590a,fb7a980f-fd1a-4d07-9b9b-04a0a4e03a8a,15,3,"{""a5d55a4d-1356-4efa-9a97-85a738709f3b"": ""86"", ""da8fac1d-f6c6-4094-b68b-020e25ebf113"": ""57"", ""a9e6b920-693e-4b62-a952-5a4144067a15"": {""distance"": ""3"", ""par"": ""3""}}"
ead0afa7-6298-41bc-a9f5-0b6fe48d590a,fb7a980f-fd1a-4d07-9b9b-04a0a4e03a8a,16,4,"{""a5d55a4d-1356-4efa-9a97-85a738709f3b"": ""262"", ""da8fac1d-f6c6-4094-b68b-020e25ebf113"": ""221"", ""a9e6b920-693e-4b62-a952-5a4144067a15"": {""distance"": ""5"", ""par"": ""4""}}"
ead0afa7-6298-41bc-a9f5-0b6fe48d590a,fb7a980f-fd1a-4d07-9b9b-04a0a4e03a8a,17,3,"{""a5d55a4d-1356-4efa-9a97-85a738709f3b"": ""118"", ""da8fac1d-f6c6-4094-b68b-020e25ebf113"": ""86"", ""a9e6b920-693e-4b62-a952-5a4144067a15"": {""distance"": ""3"", ""par"": ""3""}}"
ead0afa7-6298-41bc-a9f5-0b6fe48d590a,fb7a980f-fd1a-4d07-9b9b-04a0a4e03a8a,18,3,"{""a5d55a4d-1356-4efa-9a97-85a738709f3b"": ""166"", ""da8fac1d-f6c6-4094-b68b-020e25ebf113"": ""141"", ""a9e6b920-693e-4b62-a952-5a4144067a15"": {""distance"": ""4"", ""par"": ""3""}}"
e68d4ee3-6386-4dae-a5e7-672114db633d,e0982fa0-72f7-410e-b3c8-836b5c2328ad,1,4,"{""43775144-826a-4d02-9183-8114d67e47c4"": ""309"", ""d30ec970-e369-476f-ad89-c9217789e2cf"": ""301"", ""a15ba5f6-d352-4eb5-9f11-c4274d8487d3"": {""distance"": ""264"", ""par"": ""4""}}"
e68d4ee3-6386-4dae-a5e7-672114db633d,e0982fa0-72f7-410e-b3c8-836b5c2328ad,2,4,"{""43775144-826a-4d02-9183-8114d67e47c4"": ""279"", ""d30ec970-e369-476f-ad89-c9217789e2cf"": ""263"", ""a15ba5f6-d352-4eb5-9f11-c4274d8487d3"": {""distance"": ""244"", ""par"": ""4""}}"
e68d4ee3-6386-4dae-a5e7-672114db633d,e0982fa0-72f7-410e-b3c8-836b5c2328ad,3,4,"{""43775144-826a-4d02-9183-8114d67e47c4"": ""288"", ""d30ec970-e369-476f-ad89-c9217789e2cf"": ""287"", ""a15ba5f6-d352-4eb5-9f11-c4274d8487d3"": {""distance"": ""230"", ""par"": ""4""}}"
e68d4ee3-6386-4dae-a5e7-672114db633d,e0982fa0-72f7-410e-b3c8-836b5c2328ad,4,4,"{""43775144-826a-4d02-9183-8114d67e47c4"": ""243"", ""d30ec970-e369-476f-ad89-c9217789e2cf"": ""231"", ""a15ba5f6-d352-4eb5-9f11-c4274d8487d3"": {""distance"": ""210"", ""par"": ""4""}}"
e68d4ee3-6386-4dae-a5e7-672114db633d,e0982fa0-72f7-410e-b3c8-836b5c2328ad,5,4,"{""43775144-826a-4d02-9183-8114d67e47c4"": ""378"", ""d30ec970-e369-476f-ad89-c9217789e2cf"": ""352"", ""a15ba5f6-d352-4eb5-9f11-c4274d8487d3"": {""distance"": ""312"", ""par"": ""4""}}"
e68d4ee3-6386-4dae-a5e7-672114db633d,e0982fa0-72f7-410e-b3c8-836b5c2328ad,6,4,"{""43775144-826a-4d02-9183-8114d67e47c4"": ""264"", ""d30ec970-e369-476f-ad89-c9217789e2cf"": ""259"", ""a15ba5f6-d352-4eb5-9f11-c4274d8487d3"": {""distance"": ""252"", ""par"": ""4""}}"
e68d4ee3-6386-4dae-a5e7-672114db633d,e0982fa0-72f7-410e-b3c8-836b5c2328ad,7,3,"{""43775144-826a-4d02-9183-8114d67e47c4"": ""149"", ""d30ec970-e369-476f-ad89-c9217789e2cf"": ""134"", ""a15ba5f6-d352-4eb5-9f11-c4274d8487d3"": {""distance"": ""125"", ""par"": ""3""}}"
e68d4ee3-6386-4dae-a5e7-672114db633d,e0982fa0-72f7-410e-b3c8-836b5c2328ad,8,4,"{""43775144-826a-4d02-9183-8114d67e47c4"": ""277"", ""d30ec970-e369-476f-ad89-c9217789e2cf"": ""267"", ""a15ba5f6-d352-4eb5-9f11-c4274d8487d3"": {""distance"": ""221"", ""par"": ""4""}}"
e68d4ee3-6386-4dae-a5e7-672114db633d,e0982fa0-72f7-410e-b3c8-836b5c2328ad,9,4,"{""43775144-826a-4d02-9183-8114d67e47c4"": ""327"", ""d30ec970-e369-476f-ad89-c9217789e2cf"": ""311"", ""a15ba5f6-d352-4eb5-9f11-c4274d8487d3"": {""distance"": ""275"", ""par"": ""4""}}"
e68d4ee3-6386-4dae-a5e7-672114db633d,e0982fa0-72f7-410e-b3c8-836b5c2328ad,10,4,"{""43775144-826a-4d02-9183-8114d67e47c4"": ""327"", ""d30ec970-e369-476f-ad89-c9217789e2cf"": ""314"", ""a15ba5f6-d352-4eb5-9f11-c4274d8487d3"": {""distance"": ""298"", ""par"": ""4""}}"
e68d4ee3-6386-4dae-a5e7-672114db633d,e0982fa0-72f7-410e-b3c8-836b5c2328ad,11,4,"{""43775144-826a-4d02-9183-8114d67e47c4"": ""336"", ""d30ec970-e369-476f-ad89-c9217789e2cf"": ""318"", ""a15ba5f6-d352-4eb5-9f11-c4274d8487d3"": {""distance"": ""279"", ""par"": ""4""}}"
e68d4ee3-6386-4dae-a5e7-672114db633d,e0982fa0-72f7-410e-b3c8-836b5c2328ad,12,5,"{""43775144-826a-4d02-9183-8114d67e47c4"": ""422"", ""d30ec970-e369-476f-ad89-c9217789e2cf"": ""392"", ""a15ba5f6-d352-4eb5-9f11-c4274d8487d3"": {""distance"": ""354"", ""par"": ""5""}}"
e68d4ee3-6386-4dae-a5e7-672114db633d,e0982fa0-72f7-410e-b3c8-836b5c2328ad,13,3,"{""43775144-826a-4d02-9183-8114d67e47c4"": ""134"", ""d30ec970-e369-476f-ad89-c9217789e2cf"": ""121"", ""a15ba5f6-d352-4eb5-9f11-c4274d8487d3"": {""distance"": ""106"", ""par"": ""3""}}"
e68d4ee3-6386-4dae-a5e7-672114db633d,e0982fa0-72f7-410e-b3c8-836b5c2328ad,14,5,"{""43775144-826a-4d02-9183-8114d67e47c4"": ""456"", ""d30ec970-e369-476f-ad89-c9217789e2cf"": ""442"", ""a15ba5f6-d352-4eb5-9f11-c4274d8487d3"": {""distance"": ""403"", ""par"": ""5""}}"
e68d4ee3-6386-4dae-a5e7-672114db633d,e0982fa0-72f7-410e-b3c8-836b5c2328ad,15,3,"{""43775144-826a-4d02-9183-8114d67e47c4"": ""130"", ""d30ec970-e369-476f-ad89-c9217789e2cf"": ""115"", ""a15ba5f6-d352-4eb5-9f11-c4274d8487d3"": {""distance"": ""104"", ""par"": ""3""}}"
e68d4ee3-6386-4dae-a5e7-672114db633d,e0982fa0-72f7-410e-b3c8-836b5c2328ad,16,4,"{""43775144-826a-4d02-9183-8114d67e47c4"": ""305"", ""d30ec970-e369-476f-ad89-c9217789e2cf"": ""290"", ""a15ba5f6-d352-4eb5-9f11-c4274d8487d3"": {""distance"": ""274"", ""par"": ""4""}}"
e68d4ee3-6386-4dae-a5e7-672114db633d,e0982fa0-72f7-410e-b3c8-836b5c2328ad,17,4,"{""43775144-826a-4d02-9183-8114d67e47c4"": ""268"", ""d30ec970-e369-476f-ad89-c9217789e2cf"": ""258"", ""a15ba5f6-d352-4eb5-9f11-c4274d8487d3"": {""distance"": ""250"", ""par"": ""4""}}"
e68d4ee3-6386-4dae-a5e7-672114db633d,e0982fa0-72f7-410e-b3c8-836b5c2328ad,18,4,"{""43775144-826a-4d02-9183-8114d67e47c4"": ""305"", ""d30ec970-e369-476f-ad89-c9217789e2cf"": ""291"", ""a15ba5f6-d352-4eb5-9f11-c4274d8487d3"": {""distance"": ""266"", ""par"": ""4""}}"
3d6c4e18-e096-4aee-b84d-a48103f10704,fb93e153-067e-4466-b12c-bc7505959e26,1,4,"{""952260b2-e9e9-4609-a235-34f06c9c3f7c"": ""305"", ""912c90bc-daf8-456e-9b10-cd5b39ee3830"": {""distance"": ""305"", ""par"": ""4""}}"
3d6c4e18-e096-4aee-b84d-a48103f10704,fb93e153-067e-4466-b12c-bc7505959e26,2,4,"{""952260b2-e9e9-4609-a235-34f06c9c3f7c"": ""312"", ""912c90bc-daf8-456e-9b10-cd5b39ee3830"": {""distance"": ""312"", ""par"": ""4""}}"
3d6c4e18-e096-4aee-b84d-a48103f10704,fb93e153-067e-4466-b12c-bc7505959e26,3,4,"{""952260b2-e9e9-4609-a235-34f06c9c3f7c"": ""364"", ""912c90bc-daf8-456e-9b10-cd5b39ee3830"": {""distance"": ""364"", ""par"": ""4""}}"
3d6c4e18-e096-4aee-b84d-a48103f10704,fb93e153-067e-4466-b12c-bc7505959e26,4,3,"{""952260b2-e9e9-4609-a235-34f06c9c3f7c"": ""192"", ""912c90bc-daf8-456e-9b10-cd5b39ee3830"": {""distance"": ""192"", ""par"": ""3""}}"
3d6c4e18-e096-4aee-b84d-a48103f10704,fb93e153-067e-4466-b12c-bc7505959e26,5,4,"{""952260b2-e9e9-4609-a235-34f06c9c3f7c"": ""277"", ""912c90bc-daf8-456e-9b10-cd5b39ee3830"": {""distance"": ""277"", ""par"": ""4""}}"
3d6c4e18-e096-4aee-b84d-a48103f10704,fb93e153-067e-4466-b12c-bc7505959e26,6,5,"{""952260b2-e9e9-4609-a235-34f06c9c3f7c"": ""485"", ""912c90bc-daf8-456e-9b10-cd5b39ee3830"": {""distance"": ""485"", ""par"": ""5""}}"
3d6c4e18-e096-4aee-b84d-a48103f10704,fb93e153-067e-4466-b12c-bc7505959e26,7,3,"{""952260b2-e9e9-4609-a235-34f06c9c3f7c"": ""108"", ""912c90bc-daf8-456e-9b10-cd5b39ee3830"": {""distance"": ""108"", ""par"": ""3""}}"
3d6c4e18-e096-4aee-b84d-a48103f10704,fb93e153-067e-4466-b12c-bc7505959e26,8,4,"{""952260b2-e9e9-4609-a235-34f06c9c3f7c"": ""224"", ""912c90bc-daf8-456e-9b10-cd5b39ee3830"": {""distance"": ""224"", ""par"": ""4""}}"
3d6c4e18-e096-4aee-b84d-a48103f10704,fb93e153-067e-4466-b12c-bc7505959e26,9,5,"{""952260b2-e9e9-4609-a235-34f06c9c3f7c"": ""443"", ""912c90bc-daf8-456e-9b10-cd5b39ee3830"": {""distance"": ""443"", ""par"": ""5""}}"
3d6c4e18-e096-4aee-b84d-a48103f10704,fb93e153-067e-4466-b12c-bc7505959e26,10,4,{}
3d6c4e18-e096-4aee-b84d-a48103f10704,fb93e153-067e-4466-b12c-bc7505959e26,11,4,{}
3d6c4e18-e096-4aee-b84d-a48103f10704,fb93e153-067e-4466-b12c-bc7505959e26,12,4,{}
3d6c4e18-e096-4aee-b84d-a48103f10704,fb93e153-067e-4466-b12c-bc7505959e26,13,4,{}
3d6c4e18-e096-4aee-b84d-a48103f10704,fb93e153-067e-4466-b12c-bc7505959e26,14,4,{}
3d6c4e18-e096-4aee-b84d-a48103f10704,fb93e153-067e-4466-b12c-bc7505959e26,15,4,{}
3d6c4e18-e096-4aee-b84d-a48103f10704,fb93e153-067e-4466-b12c-bc7505959e26,16,4,{}
3d6c4e18-e096-4aee-b84d-a48103f10704,fb93e153-067e-4466-b12c-bc7505959e26,17,4,{}
3d6c4e18-e096-4aee-b84d-a48103f10704,fb93e153-067e-4466-b12c-bc7505959e26,18,4,{}
27f9072d-126f-422a-a0a7-82a5f0cd0d1b,28c01e84-9d2d-4217-8800-d02275074abb,1,5,"{""001cd761-0dfb-4c7d-82a3-d4a1eeaef2a2"": ""487"", ""55108561-1b68-464a-aebc-f900e08bb3f7"": ""487"", ""1bf62314-a16a-41e2-8cf8-3ae44b2e8ed0"": ""455"", ""f7fa5ab8-f172-45dc-b032-64340b36949b"": {""distance"": ""434"", ""par"": ""5""}}"
27f9072d-126f-422a-a0a7-82a5f0cd0d1b,28c01e84-9d2d-4217-8800-d02275074abb,2,4,"{""001cd761-0dfb-4c7d-82a3-d4a1eeaef2a2"": ""350"", ""55108561-1b68-464a-aebc-f900e08bb3f7"": ""350"", ""1bf62314-a16a-41e2-8cf8-3ae44b2e8ed0"": ""315"", ""f7fa5ab8-f172-45dc-b032-64340b36949b"": {""distance"": ""301"", ""par"": ""4""}}"
27f9072d-126f-422a-a0a7-82a5f0cd0d1b,28c01e84-9d2d-4217-8800-d02275074abb,3,4,"{""001cd761-0dfb-4c7d-82a3-d4a1eeaef2a2"": ""327"", ""55108561-1b68-464a-aebc-f900e08bb3f7"": ""327"", ""1bf62314-a16a-41e2-8cf8-3ae44b2e8ed0"": ""303"", ""f7fa5ab8-f172-45dc-b032-64340b36949b"": {""distance"": ""276"", ""par"": ""4""}}"
27f9072d-126f-422a-a0a7-82a5f0cd0d1b,28c01e84-9d2d-4217-8800-d02275074abb,4,4,"{""001cd761-0dfb-4c7d-82a3-d4a1eeaef2a2"": ""311"", ""55108561-1b68-464a-aebc-f900e08bb3f7"": ""311"", ""1bf62314-a16a-41e2-8cf8-3ae44b2e8ed0"": ""302"", ""f7fa5ab8-f172-45dc-b032-64340b36949b"": {""distance"": ""278"", ""par"": ""4""}}"
27f9072d-126f-422a-a0a7-82a5f0cd0d1b,28c01e84-9d2d-4217-8800-d02275074abb,5,4,"{""001cd761-0dfb-4c7d-82a3-d4a1eeaef2a2"": ""424"", ""55108561-1b68-464a-aebc-f900e08bb3f7"": ""368"", ""1bf62314-a16a-41e2-8cf8-3ae44b2e8ed0"": ""346"", ""f7fa5ab8-f172-45dc-b032-64340b36949b"": {""distance"": ""320"", ""par"": ""4""}}"
27f9072d-126f-422a-a0a7-82a5f0cd0d1b,28c01e84-9d2d-4217-8800-d02275074abb,6,3,"{""001cd761-0dfb-4c7d-82a3-d4a1eeaef2a2"": ""163"", ""55108561-1b68-464a-aebc-f900e08bb3f7"": ""163"", ""1bf62314-a16a-41e2-8cf8-3ae44b2e8ed0"": ""156"", ""f7fa5ab8-f172-45dc-b032-64340b36949b"": {""distance"": ""134"", ""par"": ""3""}}"
27f9072d-126f-422a-a0a7-82a5f0cd0d1b,28c01e84-9d2d-4217-8800-d02275074abb,7,4,"{""001cd761-0dfb-4c7d-82a3-d4a1eeaef2a2"": ""339"", ""55108561-1b68-464a-aebc-f900e08bb3f7"": ""339"", ""1bf62314-a16a-41e2-8cf8-3ae44b2e8ed0"": ""315"", ""f7fa5ab8-f172-45dc-b032-64340b36949b"": {""distance"": ""292"", ""par"": ""4""}}"
27f9072d-126f-422a-a0a7-82a5f0cd0d1b,28c01e84-9d2d-4217-8800-d02275074abb,8,3,"{""001cd761-0dfb-4c7d-82a3-d4a1eeaef2a2"": ""146"", ""55108561-1b68-464a-aebc-f900e08bb3f7"": ""146"", ""1bf62314-a16a-41e2-8cf8-3ae44b2e8ed0"": ""130"", ""f7fa5ab8-f172-45dc-b032-64340b36949b"": {""distance"": ""120"", ""par"": ""3""}}"
27f9072d-126f-422a-a0a7-82a5f0cd0d1b,28c01e84-9d2d-4217-8800-d02275074abb,9,5,"{""001cd761-0dfb-4c7d-82a3-d4a1eeaef2a2"": ""434"", ""55108561-1b68-464a-aebc-f900e08bb3f7"": ""434"", ""1bf62314-a16a-41e2-8cf8-3ae44b2e8ed0"": ""430"", ""f7fa5ab8-f172-45dc-b032-64340b36949b"": {""distance"": ""355"", ""par"": ""5""}}"
27f9072d-126f-422a-a0a7-82a5f0cd0d1b,28c01e84-9d2d-4217-8800-d02275074abb,10,5,"{""001cd761-0dfb-4c7d-82a3-d4a1eeaef2a2"": ""455"", ""55108561-1b68-464a-aebc-f900e08bb3f7"": ""455"", ""1bf62314-a16a-41e2-8cf8-3ae44b2e8ed0"": ""406"", ""f7fa5ab8-f172-45dc-b032-64340b36949b"": {""distance"": ""387"", ""par"": ""5""}}"
27f9072d-126f-422a-a0a7-82a5f0cd0d1b,28c01e84-9d2d-4217-8800-d02275074abb,11,4,"{""001cd761-0dfb-4c7d-82a3-d4a1eeaef2a2"": ""386"", ""55108561-1b68-464a-aebc-f900e08bb3f7"": ""349"", ""1bf62314-a16a-41e2-8cf8-3ae44b2e8ed0"": ""317"", ""f7fa5ab8-f172-45dc-b032-64340b36949b"": {""distance"": ""386"", ""par"": ""4""}}"
27f9072d-126f-422a-a0a7-82a5f0cd0d1b,28c01e84-9d2d-4217-8800-d02275074abb,12,4,"{""001cd761-0dfb-4c7d-82a3-d4a1eeaef2a2"": ""251"", ""55108561-1b68-464a-aebc-f900e08bb3f7"": ""251"", ""1bf62314-a16a-41e2-8cf8-3ae44b2e8ed0"": ""241"", ""f7fa5ab8-f172-45dc-b032-64340b36949b"": {""distance"": ""222"", ""par"": ""4""}}"
27f9072d-126f-422a-a0a7-82a5f0cd0d1b,28c01e84-9d2d-4217-8800-d02275074abb,13,3,"{""001cd761-0dfb-4c7d-82a3-d4a1eeaef2a2"": ""150"", ""55108561-1b68-464a-aebc-f900e08bb3f7"": ""150"", ""1bf62314-a16a-41e2-8cf8-3ae44b2e8ed0"": ""141"", ""f7fa5ab8-f172-45dc-b032-64340b36949b"": {""distance"": ""123"", ""par"": ""3""}}"
27f9072d-126f-422a-a0a7-82a5f0cd0d1b,28c01e84-9d2d-4217-8800-d02275074abb,14,5,"{""001cd761-0dfb-4c7d-82a3-d4a1eeaef2a2"": ""528"", ""55108561-1b68-464a-aebc-f900e08bb3f7"": ""528"", ""1bf62314-a16a-41e2-8cf8-3ae44b2e8ed0"": ""458"", ""f7fa5ab8-f172-45dc-b032-64340b36949b"": {""distance"": ""427"", ""par"": ""5""}}"
27f9072d-126f-422a-a0a7-82a5f0cd0d1b,28c01e84-9d2d-4217-8800-d02275074abb,15,4,"{""001cd761-0dfb-4c7d-82a3-d4a1eeaef2a2"": ""291"", ""55108561-1b68-464a-aebc-f900e08bb3f7"": ""291"", ""1bf62314-a16a-41e2-8cf8-3ae44b2e8ed0"": ""284"", ""f7fa5ab8-f172-45dc-b032-64340b36949b"": {""distance"": ""264"", ""par"": ""4""}}"
27f9072d-126f-422a-a0a7-82a5f0cd0d1b,28c01e84-9d2d-4217-8800-d02275074abb,16,4,"{""001cd761-0dfb-4c7d-82a3-d4a1eeaef2a2"": ""374"", ""55108561-1b68-464a-aebc-f900e08bb3f7"": ""374"", ""1bf62314-a16a-41e2-8cf8-3ae44b2e8ed0"": ""340"", ""f7fa5ab8-f172-45dc-b032-64340b36949b"": {""distance"": ""332"", ""par"": ""4""}}"
27f9072d-126f-422a-a0a7-82a5f0cd0d1b,28c01e84-9d2d-4217-8800-d02275074abb,17,3,"{""001cd761-0dfb-4c7d-82a3-d4a1eeaef2a2"": ""146"", ""55108561-1b68-464a-aebc-f900e08bb3f7"": ""146"", ""1bf62314-a16a-41e2-8cf8-3ae44b2e8ed0"": ""137"", ""f7fa5ab8-f172-45dc-b032-64340b36949b"": {""distance"": ""11"", ""par"": ""3""}}"
27f9072d-126f-422a-a0a7-82a5f0cd0d1b,28c01e84-9d2d-4217-8800-d02275074abb,18,4,"{""001cd761-0dfb-4c7d-82a3-d4a1eeaef2a2"": ""304"", ""55108561-1b68-464a-aebc-f900e08bb3f7"": ""304"", ""1bf62314-a16a-41e2-8cf8-3ae44b2e8ed0"": ""296"", ""f7fa5ab8-f172-45dc-b032-64340b36949b"": {""distance"": ""279"", ""par"": ""4""}}"
414ef172-b343-4917-9520-5f5798c04616,e9ef9681-22e5-4f1d-97fa-75e73f9ffb13,1,4,"{""d5086870-e6d6-4310-ac82-8e9c39bae8a4"": ""386""}"
414ef172-b343-4917-9520-5f5798c04616,e9ef9681-22e5-4f1d-97fa-75e73f9ffb13,2,5,"{""d5086870-e6d6-4310-ac82-8e9c39bae8a4"": ""485""}"
414ef172-b343-4917-9520-5f5798c04616,e9ef9681-22e5-4f1d-97fa-75e73f9ffb13,3,3,"{""d5086870-e6d6-4310-ac82-8e9c39bae8a4"": ""142""}"
414ef172-b343-4917-9520-5f5798c04616,e9ef9681-22e5-4f1d-97fa-75e73f9ffb13,4,4,"{""d5086870-e6d6-4310-ac82-8e9c39bae8a4"": ""367""}"
414ef172-b343-4917-9520-5f5798c04616,e9ef9681-22e5-4f1d-97fa-75e73f9ffb13,5,3,"{""d5086870-e6d6-4310-ac82-8e9c39bae8a4"": ""164""}"
414ef172-b343-4917-9520-5f5798c04616,e9ef9681-22e5-4f1d-97fa-75e73f9ffb13,6,4,"{""d5086870-e6d6-4310-ac82-8e9c39bae8a4"": ""357""}"
414ef172-b343-4917-9520-5f5798c04616,e9ef9681-22e5-4f1d-97fa-75e73f9ffb13,7,4,"{""d5086870-e6d6-4310-ac82-8e9c39bae8a4"": ""371""}"
414ef172-b343-4917-9520-5f5798c04616,e9ef9681-22e5-4f1d-97fa-75e73f9ffb13,8,5,"{""d5086870-e6d6-4310-ac82-8e9c39bae8a4"": ""510""}"
414ef172-b343-4917-9520-5f5798c04616,e9ef9681-22e5-4f1d-97fa-75e73f9ffb13,9,4,"{""d5086870-e6d6-4310-ac82-8e9c39bae8a4"": ""347""}"
da235821-dacc-4181-8ed4-d011d92f028c,f362d869-638b-40d9-b5e0-54b25204288c,1,3,"{""6764551a-43cb-444d-954b-fb2dcdd0543e"": ""111""}"
da235821-dacc-4181-8ed4-d011d92f028c,f362d869-638b-40d9-b5e0-54b25204288c,2,3,"{""6764551a-43cb-444d-954b-fb2dcdd0543e"": ""55""}"
da235821-dacc-4181-8ed4-d011d92f028c,f362d869-638b-40d9-b5e0-54b25204288c,3,3,"{""6764551a-43cb-444d-954b-fb2dcdd0543e"": ""69""}"
da235821-dacc-4181-8ed4-d011d92f028c,f362d869-638b-40d9-b5e0-54b25204288c,4,3,"{""6764551a-43cb-444d-954b-fb2dcdd0543e"": ""41""}"
da235821-dacc-4181-8ed4-d011d92f028c,f362d869-638b-40d9-b5e0-54b25204288c,5,3,"{""6764551a-43cb-444d-954b-fb2dcdd0543e"": ""68""}"
da235821-dacc-4181-8ed4-d011d92f028c,f362d869-638b-40d9-b5e0-54b25204288c,6,3,"{""6764551a-43cb-444d-954b-fb2dcdd0543e"": ""56""}"
da235821-dacc-4181-8ed4-d011d92f028c,f362d869-638b-40d9-b5e0-54b25204288c,7,3,"{""6764551a-43cb-444d-954b-fb2dcdd0543e"": ""70""}"
da235821-dacc-4181-8ed4-d011d92f028c,f362d869-638b-40d9-b5e0-54b25204288c,8,3,"{""6764551a-43cb-444d-954b-fb2dcdd0543e"": ""75""}"
da235821-dacc-4181-8ed4-d011d92f028c,f362d869-638b-40d9-b5e0-54b25204288c,9,3,"{""6764551a-43cb-444d-954b-fb2dcdd0543e"": ""83""}"
da235821-dacc-4181-8ed4-d011d92f028c,f362d869-638b-40d9-b5e0-54b25204288c,10,3,"{""6764551a-43cb-444d-954b-fb2dcdd0543e"": ""78""}"
da235821-dacc-4181-8ed4-d011d92f028c,f362d869-638b-40d9-b5e0-54b25204288c,11,3,"{""6764551a-43cb-444d-954b-fb2dcdd0543e"": ""81""}"
da235821-dacc-4181-8ed4-d011d92f028c,f362d869-638b-40d9-b5e0-54b25204288c,12,3,"{""6764551a-43cb-444d-954b-fb2dcdd0543e"": ""52""}"
da235821-dacc-4181-8ed4-d011d92f028c,f362d869-638b-40d9-b5e0-54b25204288c,13,3,"{""6764551a-43cb-444d-954b-fb2dcdd0543e"": ""61""}"
da235821-dacc-4181-8ed4-d011d92f028c,f362d869-638b-40d9-b5e0-54b25204288c,14,3,"{""6764551a-43cb-444d-954b-fb2dcdd0543e"": ""57""}"
da235821-dacc-4181-8ed4-d011d92f028c,f362d869-638b-40d9-b5e0-54b25204288c,15,3,"{""6764551a-43cb-444d-954b-fb2dcdd0543e"": ""87""}"
da235821-dacc-4181-8ed4-d011d92f028c,f362d869-638b-40d9-b5e0-54b25204288c,16,3,"{""6764551a-43cb-444d-954b-fb2dcdd0543e"": ""43""}"
da235821-dacc-4181-8ed4-d011d92f028c,f362d869-638b-40d9-b5e0-54b25204288c,17,3,"{""6764551a-43cb-444d-954b-fb2dcdd0543e"": ""90""}"
da235821-dacc-4181-8ed4-d011d92f028c,f362d869-638b-40d9-b5e0-54b25204288c,18,3,"{""6764551a-43cb-444d-954b-fb2dcdd0543e"": ""73""}"
6353a861-d96a-4252-99ec-7508f17e7e46,4d5766e9-b0aa-4a9a-af7a-11e062881795,1,4,"{""d0f66ba3-ab2b-4ef8-98f6-6323cd6fe570"": ""362"", ""003ece8b-e574-42d5-ba47-37d9ed8fcf59"": ""359"", ""25a01f53-1d61-4fe6-9de1-e0b5bd5e27c4"": ""341"", ""b1bde08a-2338-407a-9591-b496d289506d"": {""distance"": ""329"", ""handicap"": ""6""}}"
6353a861-d96a-4252-99ec-7508f17e7e46,4d5766e9-b0aa-4a9a-af7a-11e062881795,2,5,"{""d0f66ba3-ab2b-4ef8-98f6-6323cd6fe570"": ""447"", ""003ece8b-e574-42d5-ba47-37d9ed8fcf59"": ""447"", ""25a01f53-1d61-4fe6-9de1-e0b5bd5e27c4"": ""416"", ""b1bde08a-2338-407a-9591-b496d289506d"": {""distance"": ""399"", ""handicap"": ""8""}}"
6353a861-d96a-4252-99ec-7508f17e7e46,4d5766e9-b0aa-4a9a-af7a-11e062881795,3,4,"{""d0f66ba3-ab2b-4ef8-98f6-6323cd6fe570"": ""358"", ""003ece8b-e574-42d5-ba47-37d9ed8fcf59"": ""305"", ""25a01f53-1d61-4fe6-9de1-e0b5bd5e27c4"": ""300"", ""b1bde08a-2338-407a-9591-b496d289506d"": {""distance"": ""278"", ""handicap"": ""4""}}"
6353a861-d96a-4252-99ec-7508f17e7e46,4d5766e9-b0aa-4a9a-af7a-11e062881795,4,3,"{""d0f66ba3-ab2b-4ef8-98f6-6323cd6fe570"": ""180"", ""003ece8b-e574-42d5-ba47-37d9ed8fcf59"": ""175"", ""25a01f53-1d61-4fe6-9de1-e0b5bd5e27c4"": ""161"", ""b1bde08a-2338-407a-9591-b496d289506d"": {""distance"": ""140"", ""handicap"": ""14""}}"
6353a861-d96a-4252-99ec-7508f17e7e46,4d5766e9-b0aa-4a9a-af7a-11e062881795,5,5,"{""d0f66ba3-ab2b-4ef8-98f6-6323cd6fe570"": ""528"", ""003ece8b-e574-42d5-ba47-37d9ed8fcf59"": ""496"", ""25a01f53-1d61-4fe6-9de1-e0b5bd5e27c4"": ""450"", ""b1bde08a-2338-407a-9591-b496d289506d"": {""distance"": ""375"", ""handicap"": ""10""}}"
6353a861-d96a-4252-99ec-7508f17e7e46,4d5766e9-b0aa-4a9a-af7a-11e062881795,6,3,"{""d0f66ba3-ab2b-4ef8-98f6-6323cd6fe570"": ""150"", ""003ece8b-e574-42d5-ba47-37d9ed8fcf59"": ""145"", ""25a01f53-1d61-4fe6-9de1-e0b5bd5e27c4"": ""112"", ""b1bde08a-2338-407a-9591-b496d289506d"": {""distance"": ""97"", ""handicap"": ""16""}}"
6353a861-d96a-4252-99ec-7508f17e7e46,4d5766e9-b0aa-4a9a-af7a-11e062881795,7,4,"{""d0f66ba3-ab2b-4ef8-98f6-6323cd6fe570"": ""320"", ""003ece8b-e574-42d5-ba47-37d9ed8fcf59"": ""304"", ""25a01f53-1d61-4fe6-9de1-e0b5bd5e27c4"": ""293"", ""b1bde08a-2338-407a-9591-b496d289506d"": {""distance"": ""263"", ""handicap"": ""2""}}"
6353a861-d96a-4252-99ec-7508f17e7e46,4d5766e9-b0aa-4a9a-af7a-11e062881795,8,4,"{""d0f66ba3-ab2b-4ef8-98f6-6323cd6fe570"": ""325"", ""003ece8b-e574-42d5-ba47-37d9ed8fcf59"": ""289"", ""25a01f53-1d61-4fe6-9de1-e0b5bd5e27c4"": ""280"", ""b1bde08a-2338-407a-9591-b496d289506d"": {""distance"": ""239"", ""handicap"": ""12""}}"
6353a861-d96a-4252-99ec-7508f17e7e46,4d5766e9-b0aa-4a9a-af7a-11e062881795,9,4,"{""d0f66ba3-ab2b-4ef8-98f6-6323cd6fe570"": ""296"", ""003ece8b-e574-42d5-ba47-37d9ed8fcf59"": ""274"", ""25a01f53-1d61-4fe6-9de1-e0b5bd5e27c4"": ""261"", ""b1bde08a-2338-407a-9591-b496d289506d"": {""distance"": ""217"", ""handicap"": ""18""}}"
6353a861-d96a-4252-99ec-7508f17e7e46,4d5766e9-b0aa-4a9a-af7a-11e062881795,10,4,"{""d0f66ba3-ab2b-4ef8-98f6-6323cd6fe570"": ""436"", ""003ece8b-e574-42d5-ba47-37d9ed8fcf59"": ""396"", ""25a01f53-1d61-4fe6-9de1-e0b5bd5e27c4"": ""363"", ""b1bde08a-2338-407a-9591-b496d289506d"": {""distance"": ""345"", ""handicap"": ""1""}}"
6353a861-d96a-4252-99ec-7508f17e7e46,4d5766e9-b0aa-4a9a-af7a-11e062881795,11,4,"{""d0f66ba3-ab2b-4ef8-98f6-6323cd6fe570"": ""343"", ""003ece8b-e574-42d5-ba47-37d9ed8fcf59"": ""338"", ""25a01f53-1d61-4fe6-9de1-e0b5bd5e27c4"": ""302"", ""b1bde08a-2338-407a-9591-b496d289506d"": {""distance"": ""281"", ""handicap"": ""5""}}"
6353a861-d96a-4252-99ec-7508f17e7e46,4d5766e9-b0aa-4a9a-af7a-11e062881795,12,4,"{""d0f66ba3-ab2b-4ef8-98f6-6323cd6fe570"": ""289"", ""003ece8b-e574-42d5-ba47-37d9ed8fcf59"": ""280"", ""25a01f53-1d61-4fe6-9de1-e0b5bd5e27c4"": ""271"", ""b1bde08a-2338-407a-9591-b496d289506d"": {""distance"": ""259"", ""handicap"": ""17""}}"
6353a861-d96a-4252-99ec-7508f17e7e46,4d5766e9-b0aa-4a9a-af7a-11e062881795,13,4,"{""d0f66ba3-ab2b-4ef8-98f6-6323cd6fe570"": ""391"", ""003ece8b-e574-42d5-ba47-37d9ed8fcf59"": ""379"", ""25a01f53-1d61-4fe6-9de1-e0b5bd5e27c4"": ""310"", ""b1bde08a-2338-407a-9591-b496d289506d"": {""distance"": ""305"", ""handicap"": ""3""}}"
6353a861-d96a-4252-99ec-7508f17e7e46,4d5766e9-b0aa-4a9a-af7a-11e062881795,14,5,"{""d0f66ba3-ab2b-4ef8-98f6-6323cd6fe570"": ""573"", ""003ece8b-e574-42d5-ba47-37d9ed8fcf59"": ""548"", ""25a01f53-1d61-4fe6-9de1-e0b5bd5e27c4"": ""526"", ""b1bde08a-2338-407a-9591-b496d289506d"": {""distance"": ""396"", ""handicap"": ""9""}}"
6353a861-d96a-4252-99ec-7508f17e7e46,4d5766e9-b0aa-4a9a-af7a-11e062881795,15,5,"{""d0f66ba3-ab2b-4ef8-98f6-6323cd6fe570"": ""458"", ""003ece8b-e574-42d5-ba47-37d9ed8fcf59"": ""434"", ""25a01f53-1d61-4fe6-9de1-e0b5bd5e27c4"": ""416"", ""b1bde08a-2338-407a-9591-b496d289506d"": {""distance"": ""390"", ""handicap"": ""11""}}"
6353a861-d96a-4252-99ec-7508f17e7e46,4d5766e9-b0aa-4a9a-af7a-11e062881795,16,3,"{""d0f66ba3-ab2b-4ef8-98f6-6323cd6fe570"": ""188"", ""003ece8b-e574-42d5-ba47-37d9ed8fcf59"": ""163"", ""25a01f53-1d61-4fe6-9de1-e0b5bd5e27c4"": ""150"", ""b1bde08a-2338-407a-9591-b496d289506d"": {""distance"": ""110"", ""handicap"": ""7""}}"
6353a861-d96a-4252-99ec-7508f17e7e46,4d5766e9-b0aa-4a9a-af7a-11e062881795,17,4,"{""d0f66ba3-ab2b-4ef8-98f6-6323cd6fe570"": ""305"", ""003ece8b-e574-42d5-ba47-37d9ed8fcf59"": ""294"", ""25a01f53-1d61-4fe6-9de1-e0b5bd5e27c4"": ""287"", ""b1bde08a-2338-407a-9591-b496d289506d"": {""distance"": ""246"", ""handicap"": ""13""}}"
6353a861-d96a-4252-99ec-7508f17e7e46,4d5766e9-b0aa-4a9a-af7a-11e062881795,18,3,"{""d0f66ba3-ab2b-4ef8-98f6-6323cd6fe570"": ""156"", ""003ece8b-e574-42d5-ba47-37d9ed8fcf59"": ""140"", ""25a01f53-1d61-4fe6-9de1-e0b5bd5e27c4"": ""133"", ""b1bde08a-2338-407a-9591-b496d289506d"": {""distance"": ""116"", ""handicap"": ""15""}}"
a50610cc-794c-44d0-ae8e-87c7f79558b4,649c65b6-1345-49da-be07-b7deb533e88a,1,4,"{""bb8aa217-ec6d-400a-a01d-5ed03dd67516"": ""274"", ""9001b344-7020-4102-b770-f5409f343dff"": {""distance"": ""238"", ""par"": ""4""}}"
a50610cc-794c-44d0-ae8e-87c7f79558b4,649c65b6-1345-49da-be07-b7deb533e88a,2,4,"{""bb8aa217-ec6d-400a-a01d-5ed03dd67516"": ""285"", ""9001b344-7020-4102-b770-f5409f343dff"": {""distance"": ""248"", ""par"": ""4""}}"
a50610cc-794c-44d0-ae8e-87c7f79558b4,649c65b6-1345-49da-be07-b7deb533e88a,3,3,"{""bb8aa217-ec6d-400a-a01d-5ed03dd67516"": ""137"", ""9001b344-7020-4102-b770-f5409f343dff"": {""distance"": ""129"", ""par"": ""3""}}"
a50610cc-794c-44d0-ae8e-87c7f79558b4,649c65b6-1345-49da-be07-b7deb533e88a,4,4,"{""bb8aa217-ec6d-400a-a01d-5ed03dd67516"": ""286"", ""9001b344-7020-4102-b770-f5409f343dff"": {""distance"": ""265"", ""par"": ""4""}}"
a50610cc-794c-44d0-ae8e-87c7f79558b4,649c65b6-1345-49da-be07-b7deb533e88a,5,4,"{""bb8aa217-ec6d-400a-a01d-5ed03dd67516"": ""289"", ""9001b344-7020-4102-b770-f5409f343dff"": {""distance"": ""234"", ""par"": ""4""}}"
a50610cc-794c-44d0-ae8e-87c7f79558b4,649c65b6-1345-49da-be07-b7deb533e88a,6,3,"{""bb8aa217-ec6d-400a-a01d-5ed03dd67516"": ""139"", ""9001b344-7020-4102-b770-f5409f343dff"": {""distance"": ""114"", ""par"": ""3""}}"
a50610cc-794c-44d0-ae8e-87c7f79558b4,649c65b6-1345-49da-be07-b7deb533e88a,7,4,"{""bb8aa217-ec6d-400a-a01d-5ed03dd67516"": ""300"", ""9001b344-7020-4102-b770-f5409f343dff"": {""distance"": ""258"", ""par"": ""4""}}"
a50610cc-794c-44d0-ae8e-87c7f79558b4,649c65b6-1345-49da-be07-b7deb533e88a,8,5,"{""bb8aa217-ec6d-400a-a01d-5ed03dd67516"": ""468"", ""9001b344-7020-4102-b770-f5409f343dff"": {""distance"": ""436"", ""par"": ""5""}}"
a50610cc-794c-44d0-ae8e-87c7f79558b4,649c65b6-1345-49da-be07-b7deb533e88a,9,4,"{""809912f8-ee12-4c57-8f36-48e4832bdece"": ""298"", ""bb8aa217-ec6d-400a-a01d-5ed03dd67516"": ""298"", ""9001b344-7020-4102-b770-f5409f343dff"": {""distance"": ""256"", ""par"": ""4""}}"
a50610cc-794c-44d0-ae8e-87c7f79558b4,649c65b6-1345-49da-be07-b7deb533e88a,10,4,"{""bb8aa217-ec6d-400a-a01d-5ed03dd67516"": ""287"", ""9001b344-7020-4102-b770-f5409f343dff"": {""distance"": ""257"", ""par"": ""4""}}"
a50610cc-794c-44d0-ae8e-87c7f79558b4,649c65b6-1345-49da-be07-b7deb533e88a,11,4,"{""bb8aa217-ec6d-400a-a01d-5ed03dd67516"": ""255"", ""9001b344-7020-4102-b770-f5409f343dff"": {""distance"": ""192"", ""par"": ""4""}}"
a50610cc-794c-44d0-ae8e-87c7f79558b4,649c65b6-1345-49da-be07-b7deb533e88a,12,3,"{""bb8aa217-ec6d-400a-a01d-5ed03dd67516"": ""181"", ""9001b344-7020-4102-b770-f5409f343dff"": {""distance"": ""166"", ""par"": ""3""}}"
a50610cc-794c-44d0-ae8e-87c7f79558b4,649c65b6-1345-49da-be07-b7deb533e88a,13,4,"{""bb8aa217-ec6d-400a-a01d-5ed03dd67516"": ""273"", ""9001b344-7020-4102-b770-f5409f343dff"": {""distance"": ""223"", ""par"": ""4""}}"
a50610cc-794c-44d0-ae8e-87c7f79558b4,649c65b6-1345-49da-be07-b7deb533e88a,14,4,"{""bb8aa217-ec6d-400a-a01d-5ed03dd67516"": ""285"", ""9001b344-7020-4102-b770-f5409f343dff"": {""distance"": ""266"", ""par"": ""4""}}"
a50610cc-794c-44d0-ae8e-87c7f79558b4,649c65b6-1345-49da-be07-b7deb533e88a,15,3,"{""bb8aa217-ec6d-400a-a01d-5ed03dd67516"": ""121"", ""9001b344-7020-4102-b770-f5409f343dff"": {""distance"": ""94"", ""par"": ""3""}}"
a50610cc-794c-44d0-ae8e-87c7f79558b4,649c65b6-1345-49da-be07-b7deb533e88a,16,4,"{""bb8aa217-ec6d-400a-a01d-5ed03dd67516"": ""327"", ""9001b344-7020-4102-b770-f5409f343dff"": {""distance"": ""256"", ""par"": ""4""}}"
a50610cc-794c-44d0-ae8e-87c7f79558b4,649c65b6-1345-49da-be07-b7deb533e88a,17,5,"{""bb8aa217-ec6d-400a-a01d-5ed03dd67516"": ""449"", ""9001b344-7020-4102-b770-f5409f343dff"": {""distance"": ""416"", ""par"": ""5""}}"
a50610cc-794c-44d0-ae8e-87c7f79558b4,649c65b6-1345-49da-be07-b7deb533e88a,18,4,"{""809912f8-ee12-4c57-8f36-48e4832bdece"": ""359"", ""bb8aa217-ec6d-400a-a01d-5ed03dd67516"": ""367"", ""9001b344-7020-4102-b770-f5409f343dff"": {""distance"": ""320"", ""par"": ""4""}}"
57b19b9c-d1f4-471f-a995-af2dd63c46da,56b573bf-93de-4e16-b643-a3f50b307f4e,1,3,"{""8ea6a176-2247-4425-82a8-7daf060b9485"": ""32767"", ""4ddc2921-d5e3-4f40-81eb-cb030dd249a4"": ""130"", ""bd919749-1984-4797-8499-d9aa4a0f31ef"": ""136"", ""6fa49b0c-e395-417a-b001-1ebff0292496"": {""distance"": ""102"", ""par"": ""3""}}"
57b19b9c-d1f4-471f-a995-af2dd63c46da,56b573bf-93de-4e16-b643-a3f50b307f4e,2,4,"{""4ddc2921-d5e3-4f40-81eb-cb030dd249a4"": ""266"", ""bd919749-1984-4797-8499-d9aa4a0f31ef"": ""287"", ""6fa49b0c-e395-417a-b001-1ebff0292496"": {""distance"": ""241"", ""par"": ""4""}}"
57b19b9c-d1f4-471f-a995-af2dd63c46da,56b573bf-93de-4e16-b643-a3f50b307f4e,3,4,"{""4ddc2921-d5e3-4f40-81eb-cb030dd249a4"": ""320"", ""bd919749-1984-4797-8499-d9aa4a0f31ef"": ""326"", ""6fa49b0c-e395-417a-b001-1ebff0292496"": {""distance"": ""299"", ""par"": ""4""}}"
57b19b9c-d1f4-471f-a995-af2dd63c46da,56b573bf-93de-4e16-b643-a3f50b307f4e,4,4,"{""4ddc2921-d5e3-4f40-81eb-cb030dd249a4"": ""270"", ""bd919749-1984-4797-8499-d9aa4a0f31ef"": ""283"", ""6fa49b0c-e395-417a-b001-1ebff0292496"": {""distance"": ""240"", ""par"": ""4""}}"
57b19b9c-d1f4-471f-a995-af2dd63c46da,56b573bf-93de-4e16-b643-a3f50b307f4e,5,3,"{""4ddc2921-d5e3-4f40-81eb-cb030dd249a4"": ""110"", ""bd919749-1984-4797-8499-d9aa4a0f31ef"": ""132"", ""6fa49b0c-e395-417a-b001-1ebff0292496"": {""distance"": ""87"", ""par"": ""3""}}"
57b19b9c-d1f4-471f-a995-af2dd63c46da,56b573bf-93de-4e16-b643-a3f50b307f4e,6,5,"{""4ddc2921-d5e3-4f40-81eb-cb030dd249a4"": ""457"", ""bd919749-1984-4797-8499-d9aa4a0f31ef"": ""464"", ""6fa49b0c-e395-417a-b001-1ebff0292496"": {""distance"": ""400"", ""par"": ""5""}}"
57b19b9c-d1f4-471f-a995-af2dd63c46da,56b573bf-93de-4e16-b643-a3f50b307f4e,7,3,"{""4ddc2921-d5e3-4f40-81eb-cb030dd249a4"": ""117"", ""bd919749-1984-4797-8499-d9aa4a0f31ef"": ""179"", ""6fa49b0c-e395-417a-b001-1ebff0292496"": {""distance"": ""132"", ""par"": ""3""}}"
57b19b9c-d1f4-471f-a995-af2dd63c46da,56b573bf-93de-4e16-b643-a3f50b307f4e,8,3,"{""4ddc2921-d5e3-4f40-81eb-cb030dd249a4"": ""160"", ""bd919749-1984-4797-8499-d9aa4a0f31ef"": ""175"", ""6fa49b0c-e395-417a-b001-1ebff0292496"": {""distance"": ""132"", ""par"": ""3""}}"
57b19b9c-d1f4-471f-a995-af2dd63c46da,56b573bf-93de-4e16-b643-a3f50b307f4e,9,3,"{""4ddc2921-d5e3-4f40-81eb-cb030dd249a4"": ""80"", ""bd919749-1984-4797-8499-d9aa4a0f31ef"": ""81"", ""6fa49b0c-e395-417a-b001-1ebff0292496"": {""distance"": ""55"", ""par"": ""3""}}"
57b19b9c-d1f4-471f-a995-af2dd63c46da,56b573bf-93de-4e16-b643-a3f50b307f4e,10,3,"{""4ddc2921-d5e3-4f40-81eb-cb030dd249a4"": ""130"", ""bd919749-1984-4797-8499-d9aa4a0f31ef"": ""148"", ""6fa49b0c-e395-417a-b001-1ebff0292496"": {""distance"": ""121"", ""par"": ""3""}}"
57b19b9c-d1f4-471f-a995-af2dd63c46da,56b573bf-93de-4e16-b643-a3f50b307f4e,11,4,"{""4ddc2921-d5e3-4f40-81eb-cb030dd249a4"": ""266"", ""bd919749-1984-4797-8499-d9aa4a0f31ef"": ""275"", ""6fa49b0c-e395-417a-b001-1ebff0292496"": {""distance"": ""234"", ""par"": ""4""}}"
57b19b9c-d1f4-471f-a995-af2dd63c46da,56b573bf-93de-4e16-b643-a3f50b307f4e,12,4,"{""4ddc2921-d5e3-4f40-81eb-cb030dd249a4"": ""320"", ""bd919749-1984-4797-8499-d9aa4a0f31ef"": ""338"", ""6fa49b0c-e395-417a-b001-1ebff0292496"": {""distance"": ""311"", ""par"": ""4""}}"
57b19b9c-d1f4-471f-a995-af2dd63c46da,56b573bf-93de-4e16-b643-a3f50b307f4e,13,4,"{""4ddc2921-d5e3-4f40-81eb-cb030dd249a4"": ""270"", ""bd919749-1984-4797-8499-d9aa4a0f31ef"": ""267"", ""6fa49b0c-e395-417a-b001-1ebff0292496"": {""distance"": ""224"", ""par"": ""4""}}"
57b19b9c-d1f4-471f-a995-af2dd63c46da,56b573bf-93de-4e16-b643-a3f50b307f4e,14,3,"{""4ddc2921-d5e3-4f40-81eb-cb030dd249a4"": ""110"", ""bd919749-1984-4797-8499-d9aa4a0f31ef"": ""123"", ""6fa49b0c-e395-417a-b001-1ebff0292496"": {""distance"": ""93"", ""par"": ""3""}}"
57b19b9c-d1f4-471f-a995-af2dd63c46da,56b573bf-93de-4e16-b643-a3f50b307f4e,15,5,"{""4ddc2921-d5e3-4f40-81eb-cb030dd249a4"": ""457"", ""bd919749-1984-4797-8499-d9aa4a0f31ef"": ""469"", ""6fa49b0c-e395-417a-b001-1ebff0292496"": {""distance"": ""414"", ""par"": ""5""}}"
57b19b9c-d1f4-471f-a995-af2dd63c46da,56b573bf-93de-4e16-b643-a3f50b307f4e,16,3,"{""4ddc2921-d5e3-4f40-81eb-cb030dd249a4"": ""117"", ""bd919749-1984-4797-8499-d9aa4a0f31ef"": ""133"", ""6fa49b0c-e395-417a-b001-1ebff0292496"": {""distance"": ""93"", ""par"": ""3""}}"
57b19b9c-d1f4-471f-a995-af2dd63c46da,56b573bf-93de-4e16-b643-a3f50b307f4e,17,3,"{""4ddc2921-d5e3-4f40-81eb-cb030dd249a4"": ""160"", ""bd919749-1984-4797-8499-d9aa4a0f31ef"": ""191"", ""6fa49b0c-e395-417a-b001-1ebff0292496"": {""distance"": ""142"", ""par"": ""3""}}"
57b19b9c-d1f4-471f-a995-af2dd63c46da,56b573bf-93de-4e16-b643-a3f50b307f4e,18,3,"{""4ddc2921-d5e3-4f40-81eb-cb030dd249a4"": ""80"", ""bd919749-1984-4797-8499-d9aa4a0f31ef"": ""92"", ""6fa49b0c-e395-417a-b001-1ebff0292496"": {""distance"": ""64"", ""par"": ""3""}}"
095f2c54-1266-4a72-9add-d9e6ab6fe01d,5d47cf97-de34-401c-aaa0-0c0804590f52,1,4,"{""74960591-c8d9-4675-8575-8214821acc6a"": ""277"", ""26a47444-c7c4-49b2-b082-f7de66de1ed1"": {""distance"": ""248"", ""par"": ""4""}}"
095f2c54-1266-4a72-9add-d9e6ab6fe01d,5d47cf97-de34-401c-aaa0-0c0804590f52,2,3,"{""74960591-c8d9-4675-8575-8214821acc6a"": ""144"", ""26a47444-c7c4-49b2-b082-f7de66de1ed1"": {""distance"": ""114"", ""par"": ""3""}}"
095f2c54-1266-4a72-9add-d9e6ab6fe01d,5d47cf97-de34-401c-aaa0-0c0804590f52,3,3,"{""74960591-c8d9-4675-8575-8214821acc6a"": ""117"", ""26a47444-c7c4-49b2-b082-f7de66de1ed1"": {""distance"": ""107"", ""par"": ""3""}}"
095f2c54-1266-4a72-9add-d9e6ab6fe01d,5d47cf97-de34-401c-aaa0-0c0804590f52,4,3,"{""74960591-c8d9-4675-8575-8214821acc6a"": ""101"", ""26a47444-c7c4-49b2-b082-f7de66de1ed1"": {""distance"": ""85"", ""par"": ""3""}}"
095f2c54-1266-4a72-9add-d9e6ab6fe01d,5d47cf97-de34-401c-aaa0-0c0804590f52,5,3,"{""74960591-c8d9-4675-8575-8214821acc6a"": ""126"", ""26a47444-c7c4-49b2-b082-f7de66de1ed1"": {""distance"": ""93"", ""par"": ""3""}}"
095f2c54-1266-4a72-9add-d9e6ab6fe01d,5d47cf97-de34-401c-aaa0-0c0804590f52,6,3,"{""74960591-c8d9-4675-8575-8214821acc6a"": ""93"", ""26a47444-c7c4-49b2-b082-f7de66de1ed1"": {""distance"": ""92"", ""par"": ""3""}}"
095f2c54-1266-4a72-9add-d9e6ab6fe01d,5d47cf97-de34-401c-aaa0-0c0804590f52,7,4,"{""74960591-c8d9-4675-8575-8214821acc6a"": ""270"", ""26a47444-c7c4-49b2-b082-f7de66de1ed1"": {""distance"": ""249"", ""par"": ""4""}}"
095f2c54-1266-4a72-9add-d9e6ab6fe01d,5d47cf97-de34-401c-aaa0-0c0804590f52,8,3,"{""74960591-c8d9-4675-8575-8214821acc6a"": ""76"", ""26a47444-c7c4-49b2-b082-f7de66de1ed1"": {""distance"": ""75"", ""par"": ""3""}}"
095f2c54-1266-4a72-9add-d9e6ab6fe01d,5d47cf97-de34-401c-aaa0-0c0804590f52,9,3,"{""74960591-c8d9-4675-8575-8214821acc6a"": ""124"", ""26a47444-c7c4-49b2-b082-f7de66de1ed1"": {""distance"": ""106"", ""par"": ""3""}}"
79c2bfdb-af98-4b23-a82b-2f4e59b46d0c,4c558689-cb23-478d-b3e9-cacf4d8f52f3,1,3,"{""ba9d683f-110b-49a9-bd69-a5c50a30f94e"": ""98""}"
79c2bfdb-af98-4b23-a82b-2f4e59b46d0c,4c558689-cb23-478d-b3e9-cacf4d8f52f3,2,3,"{""ba9d683f-110b-49a9-bd69-a5c50a30f94e"": ""71""}"
79c2bfdb-af98-4b23-a82b-2f4e59b46d0c,4c558689-cb23-478d-b3e9-cacf4d8f52f3,3,3,"{""ba9d683f-110b-49a9-bd69-a5c50a30f94e"": ""123""}"
79c2bfdb-af98-4b23-a82b-2f4e59b46d0c,4c558689-cb23-478d-b3e9-cacf4d8f52f3,4,3,"{""ba9d683f-110b-49a9-bd69-a5c50a30f94e"": ""136""}"
79c2bfdb-af98-4b23-a82b-2f4e59b46d0c,4c558689-cb23-478d-b3e9-cacf4d8f52f3,5,3,"{""ba9d683f-110b-49a9-bd69-a5c50a30f94e"": ""110""}"
79c2bfdb-af98-4b23-a82b-2f4e59b46d0c,4c558689-cb23-478d-b3e9-cacf4d8f52f3,6,3,"{""ba9d683f-110b-49a9-bd69-a5c50a30f94e"": ""108""}"
79c2bfdb-af98-4b23-a82b-2f4e59b46d0c,4c558689-cb23-478d-b3e9-cacf4d8f52f3,7,3,"{""ba9d683f-110b-49a9-bd69-a5c50a30f94e"": ""104""}"
79c2bfdb-af98-4b23-a82b-2f4e59b46d0c,4c558689-cb23-478d-b3e9-cacf4d8f52f3,8,3,"{""ba9d683f-110b-49a9-bd69-a5c50a30f94e"": ""90""}"
79c2bfdb-af98-4b23-a82b-2f4e59b46d0c,4c558689-cb23-478d-b3e9-cacf4d8f52f3,9,3,"{""ba9d683f-110b-49a9-bd69-a5c50a30f94e"": ""98""}"
79c2bfdb-af98-4b23-a82b-2f4e59b46d0c,4c558689-cb23-478d-b3e9-cacf4d8f52f3,10,3,"{""ba9d683f-110b-49a9-bd69-a5c50a30f94e"": ""93""}"
79c2bfdb-af98-4b23-a82b-2f4e59b46d0c,4c558689-cb23-478d-b3e9-cacf4d8f52f3,11,3,"{""ba9d683f-110b-49a9-bd69-a5c50a30f94e"": ""79""}"
79c2bfdb-af98-4b23-a82b-2f4e59b46d0c,4c558689-cb23-478d-b3e9-cacf4d8f52f3,12,3,"{""ba9d683f-110b-49a9-bd69-a5c50a30f94e"": ""118""}"
79c2bfdb-af98-4b23-a82b-2f4e59b46d0c,4c558689-cb23-478d-b3e9-cacf4d8f52f3,13,3,"{""ba9d683f-110b-49a9-bd69-a5c50a30f94e"": ""147""}"
79c2bfdb-af98-4b23-a82b-2f4e59b46d0c,4c558689-cb23-478d-b3e9-cacf4d8f52f3,14,3,"{""ba9d683f-110b-49a9-bd69-a5c50a30f94e"": ""98""}"
79c2bfdb-af98-4b23-a82b-2f4e59b46d0c,4c558689-cb23-478d-b3e9-cacf4d8f52f3,15,3,"{""ba9d683f-110b-49a9-bd69-a5c50a30f94e"": ""119""}"
79c2bfdb-af98-4b23-a82b-2f4e59b46d0c,4c558689-cb23-478d-b3e9-cacf4d8f52f3,16,3,"{""ba9d683f-110b-49a9-bd69-a5c50a30f94e"": ""95""}"
79c2bfdb-af98-4b23-a82b-2f4e59b46d0c,4c558689-cb23-478d-b3e9-cacf4d8f52f3,17,3,"{""ba9d683f-110b-49a9-bd69-a5c50a30f94e"": ""101""}"
79c2bfdb-af98-4b23-a82b-2f4e59b46d0c,4c558689-cb23-478d-b3e9-cacf4d8f52f3,18,3,"{""ba9d683f-110b-49a9-bd69-a5c50a30f94e"": ""90""}"
933f31e4-4033-4235-9e05-1ca8ca63c6e1,1cd6413b-ead5-4cfb-9ae1-b5ff8d3f7cb4,1,4,"{""589a249f-8d98-452e-955f-f0e1b91926f9"": ""262"", ""08c00eb8-e550-4dde-be4d-136d33f1fa8f"": ""254""}"
933f31e4-4033-4235-9e05-1ca8ca63c6e1,1cd6413b-ead5-4cfb-9ae1-b5ff8d3f7cb4,2,4,"{""589a249f-8d98-452e-955f-f0e1b91926f9"": ""323"", ""08c00eb8-e550-4dde-be4d-136d33f1fa8f"": ""319""}"
933f31e4-4033-4235-9e05-1ca8ca63c6e1,1cd6413b-ead5-4cfb-9ae1-b5ff8d3f7cb4,3,3,"{""589a249f-8d98-452e-955f-f0e1b91926f9"": ""162"", ""08c00eb8-e550-4dde-be4d-136d33f1fa8f"": ""152""}"
933f31e4-4033-4235-9e05-1ca8ca63c6e1,1cd6413b-ead5-4cfb-9ae1-b5ff8d3f7cb4,4,5,"{""589a249f-8d98-452e-955f-f0e1b91926f9"": ""517"", ""08c00eb8-e550-4dde-be4d-136d33f1fa8f"": ""517""}"
933f31e4-4033-4235-9e05-1ca8ca63c6e1,1cd6413b-ead5-4cfb-9ae1-b5ff8d3f7cb4,5,3,"{""589a249f-8d98-452e-955f-f0e1b91926f9"": ""126"", ""08c00eb8-e550-4dde-be4d-136d33f1fa8f"": ""126""}"
933f31e4-4033-4235-9e05-1ca8ca63c6e1,1cd6413b-ead5-4cfb-9ae1-b5ff8d3f7cb4,6,5,"{""589a249f-8d98-452e-955f-f0e1b91926f9"": ""511"", ""08c00eb8-e550-4dde-be4d-136d33f1fa8f"": ""506""}"
933f31e4-4033-4235-9e05-1ca8ca63c6e1,1cd6413b-ead5-4cfb-9ae1-b5ff8d3f7cb4,7,4,"{""589a249f-8d98-452e-955f-f0e1b91926f9"": ""392"", ""08c00eb8-e550-4dde-be4d-136d33f1fa8f"": ""406""}"
933f31e4-4033-4235-9e05-1ca8ca63c6e1,1cd6413b-ead5-4cfb-9ae1-b5ff8d3f7cb4,8,4,"{""589a249f-8d98-452e-955f-f0e1b91926f9"": ""294"", ""08c00eb8-e550-4dde-be4d-136d33f1fa8f"": ""228""}"
933f31e4-4033-4235-9e05-1ca8ca63c6e1,1cd6413b-ead5-4cfb-9ae1-b5ff8d3f7cb4,9,4,"{""589a249f-8d98-452e-955f-f0e1b91926f9"": ""339"", ""08c00eb8-e550-4dde-be4d-136d33f1fa8f"": ""328""}"
933f31e4-4033-4235-9e05-1ca8ca63c6e1,1cd6413b-ead5-4cfb-9ae1-b5ff8d3f7cb4,10,4,"{""589a249f-8d98-452e-955f-f0e1b91926f9"": ""262"", ""08c00eb8-e550-4dde-be4d-136d33f1fa8f"": ""254""}"
933f31e4-4033-4235-9e05-1ca8ca63c6e1,1cd6413b-ead5-4cfb-9ae1-b5ff8d3f7cb4,11,4,"{""589a249f-8d98-452e-955f-f0e1b91926f9"": ""323"", ""08c00eb8-e550-4dde-be4d-136d33f1fa8f"": ""319""}"
933f31e4-4033-4235-9e05-1ca8ca63c6e1,1cd6413b-ead5-4cfb-9ae1-b5ff8d3f7cb4,12,3,"{""589a249f-8d98-452e-955f-f0e1b91926f9"": ""162"", ""08c00eb8-e550-4dde-be4d-136d33f1fa8f"": ""152""}"
933f31e4-4033-4235-9e05-1ca8ca63c6e1,1cd6413b-ead5-4cfb-9ae1-b5ff8d3f7cb4,13,5,"{""589a249f-8d98-452e-955f-f0e1b91926f9"": ""517"", ""08c00eb8-e550-4dde-be4d-136d33f1fa8f"": ""517""}"
933f31e4-4033-4235-9e05-1ca8ca63c6e1,1cd6413b-ead5-4cfb-9ae1-b5ff8d3f7cb4,14,3,"{""589a249f-8d98-452e-955f-f0e1b91926f9"": ""126"", ""08c00eb8-e550-4dde-be4d-136d33f1fa8f"": ""126""}"
933f31e4-4033-4235-9e05-1ca8ca63c6e1,1cd6413b-ead5-4cfb-9ae1-b5ff8d3f7cb4,15,5,"{""589a249f-8d98-452e-955f-f0e1b91926f9"": ""511"", ""08c00eb8-e550-4dde-be4d-136d33f1fa8f"": ""506""}"
933f31e4-4033-4235-9e05-1ca8ca63c6e1,1cd6413b-ead5-4cfb-9ae1-b5ff8d3f7cb4,16,4,"{""589a249f-8d98-452e-955f-f0e1b91926f9"": ""392"", ""08c00eb8-e550-4dde-be4d-136d33f1fa8f"": ""406""}"
933f31e4-4033-4235-9e05-1ca8ca63c6e1,1cd6413b-ead5-4cfb-9ae1-b5ff8d3f7cb4,17,4,"{""589a249f-8d98-452e-955f-f0e1b91926f9"": ""294"", ""08c00eb8-e550-4dde-be4d-136d33f1fa8f"": ""228""}"
933f31e4-4033-4235-9e05-1ca8ca63c6e1,1cd6413b-ead5-4cfb-9ae1-b5ff8d3f7cb4,18,4,"{""589a249f-8d98-452e-955f-f0e1b91926f9"": ""339"", ""08c00eb8-e550-4dde-be4d-136d33f1fa8f"": ""328""}"
a322dd9c-348e-4a11-b1e3-1da147462c2d,a7ef9a22-d2cf-4e82-a538-9d381cdf8605,1,4,"{""cf9ff450-7b3f-4d14-b9cd-14e8f9a09084"": ""373""}"
a322dd9c-348e-4a11-b1e3-1da147462c2d,a7ef9a22-d2cf-4e82-a538-9d381cdf8605,2,4,"{""cf9ff450-7b3f-4d14-b9cd-14e8f9a09084"": ""331""}"
a322dd9c-348e-4a11-b1e3-1da147462c2d,a7ef9a22-d2cf-4e82-a538-9d381cdf8605,3,5,"{""cf9ff450-7b3f-4d14-b9cd-14e8f9a09084"": ""482""}"
a322dd9c-348e-4a11-b1e3-1da147462c2d,a7ef9a22-d2cf-4e82-a538-9d381cdf8605,4,3,"{""cf9ff450-7b3f-4d14-b9cd-14e8f9a09084"": ""147""}"
a322dd9c-348e-4a11-b1e3-1da147462c2d,a7ef9a22-d2cf-4e82-a538-9d381cdf8605,5,4,"{""cf9ff450-7b3f-4d14-b9cd-14e8f9a09084"": ""361""}"
a322dd9c-348e-4a11-b1e3-1da147462c2d,a7ef9a22-d2cf-4e82-a538-9d381cdf8605,6,5,"{""cf9ff450-7b3f-4d14-b9cd-14e8f9a09084"": ""473""}"
a322dd9c-348e-4a11-b1e3-1da147462c2d,a7ef9a22-d2cf-4e82-a538-9d381cdf8605,7,4,"{""cf9ff450-7b3f-4d14-b9cd-14e8f9a09084"": ""383""}"
a322dd9c-348e-4a11-b1e3-1da147462c2d,a7ef9a22-d2cf-4e82-a538-9d381cdf8605,8,3,"{""cf9ff450-7b3f-4d14-b9cd-14e8f9a09084"": ""161""}"
a322dd9c-348e-4a11-b1e3-1da147462c2d,a7ef9a22-d2cf-4e82-a538-9d381cdf8605,9,4,"{""cf9ff450-7b3f-4d14-b9cd-14e8f9a09084"": ""378""}"
f53dbdd8-091f-4755-9bfd-5c92316bb265,da2496e1-1c11-4d8e-8f99-05138ef43b1c,1,3,"{""82f3729d-5628-4669-9a6c-70905227cc8f"": {""distance"": ""62"", ""par"": ""3""}}"
f53dbdd8-091f-4755-9bfd-5c92316bb265,da2496e1-1c11-4d8e-8f99-05138ef43b1c,2,3,"{""82f3729d-5628-4669-9a6c-70905227cc8f"": {""distance"": ""76"", ""par"": ""3""}}"
f53dbdd8-091f-4755-9bfd-5c92316bb265,da2496e1-1c11-4d8e-8f99-05138ef43b1c,3,3,"{""82f3729d-5628-4669-9a6c-70905227cc8f"": {""distance"": ""110"", ""par"": ""3""}}"
f53dbdd8-091f-4755-9bfd-5c92316bb265,da2496e1-1c11-4d8e-8f99-05138ef43b1c,4,3,"{""82f3729d-5628-4669-9a6c-70905227cc8f"": {""distance"": ""58"", ""par"": ""3""}}"
f53dbdd8-091f-4755-9bfd-5c92316bb265,da2496e1-1c11-4d8e-8f99-05138ef43b1c,5,3,"{""82f3729d-5628-4669-9a6c-70905227cc8f"": {""distance"": ""85"", ""par"": ""3""}}"
f53dbdd8-091f-4755-9bfd-5c92316bb265,da2496e1-1c11-4d8e-8f99-05138ef43b1c,6,3,"{""82f3729d-5628-4669-9a6c-70905227cc8f"": {""distance"": ""114"", ""par"": ""3""}}"
f53dbdd8-091f-4755-9bfd-5c92316bb265,da2496e1-1c11-4d8e-8f99-05138ef43b1c,7,3,"{""82f3729d-5628-4669-9a6c-70905227cc8f"": {""distance"": ""103"", ""par"": ""3""}}"
f53dbdd8-091f-4755-9bfd-5c92316bb265,da2496e1-1c11-4d8e-8f99-05138ef43b1c,8,3,"{""82f3729d-5628-4669-9a6c-70905227cc8f"": {""distance"": ""96"", ""par"": ""3""}}"
f53dbdd8-091f-4755-9bfd-5c92316bb265,da2496e1-1c11-4d8e-8f99-05138ef43b1c,9,3,"{""82f3729d-5628-4669-9a6c-70905227cc8f"": {""distance"": ""68"", ""par"": ""3""}}"
8e04fc74-5e82-45f7-9b3b-f0f59b4a3dc8,c62f57cd-4714-4687-ac75-4a1bcb1daba4,1,4,"{""fa853973-2e29-4a93-a148-8c86c27d8721"": ""420"", ""23346f43-5427-4884-b22f-d09f19b5669f"": ""403"", ""a0ae77e6-53d2-4eb9-9a4f-07796b539453"": ""368"", ""e67be0ef-5181-4221-9dfa-6fd7c22a2d3e"": {""distance"": ""366"", ""par"": ""4""}}"
8e04fc74-5e82-45f7-9b3b-f0f59b4a3dc8,c62f57cd-4714-4687-ac75-4a1bcb1daba4,2,5,"{""fa853973-2e29-4a93-a148-8c86c27d8721"": ""463"", ""23346f43-5427-4884-b22f-d09f19b5669f"": ""435"", ""a0ae77e6-53d2-4eb9-9a4f-07796b539453"": ""418"", ""e67be0ef-5181-4221-9dfa-6fd7c22a2d3e"": {""distance"": ""430"", ""par"": ""5""}}"
8e04fc74-5e82-45f7-9b3b-f0f59b4a3dc8,c62f57cd-4714-4687-ac75-4a1bcb1daba4,3,3,"{""fa853973-2e29-4a93-a148-8c86c27d8721"": ""158"", ""23346f43-5427-4884-b22f-d09f19b5669f"": ""140"", ""a0ae77e6-53d2-4eb9-9a4f-07796b539453"": ""130"", ""e67be0ef-5181-4221-9dfa-6fd7c22a2d3e"": {""distance"": ""136"", ""par"": ""3""}}"
8e04fc74-5e82-45f7-9b3b-f0f59b4a3dc8,c62f57cd-4714-4687-ac75-4a1bcb1daba4,4,4,"{""fa853973-2e29-4a93-a148-8c86c27d8721"": ""334"", ""23346f43-5427-4884-b22f-d09f19b5669f"": ""324"", ""a0ae77e6-53d2-4eb9-9a4f-07796b539453"": ""315"", ""e67be0ef-5181-4221-9dfa-6fd7c22a2d3e"": {""distance"": ""320"", ""par"": ""4""}}"
8e04fc74-5e82-45f7-9b3b-f0f59b4a3dc8,c62f57cd-4714-4687-ac75-4a1bcb1daba4,5,3,"{""fa853973-2e29-4a93-a148-8c86c27d8721"": ""139"", ""23346f43-5427-4884-b22f-d09f19b5669f"": ""131"", ""a0ae77e6-53d2-4eb9-9a4f-07796b539453"": ""121"", ""e67be0ef-5181-4221-9dfa-6fd7c22a2d3e"": {""distance"": ""125"", ""par"": ""3""}}"
8e04fc74-5e82-45f7-9b3b-f0f59b4a3dc8,c62f57cd-4714-4687-ac75-4a1bcb1daba4,6,5,"{""fa853973-2e29-4a93-a148-8c86c27d8721"": ""490"", ""23346f43-5427-4884-b22f-d09f19b5669f"": ""485"", ""a0ae77e6-53d2-4eb9-9a4f-07796b539453"": ""457"", ""e67be0ef-5181-4221-9dfa-6fd7c22a2d3e"": {""distance"": ""465"", ""par"": ""5""}}"
8e04fc74-5e82-45f7-9b3b-f0f59b4a3dc8,c62f57cd-4714-4687-ac75-4a1bcb1daba4,7,4,"{""fa853973-2e29-4a93-a148-8c86c27d8721"": ""403"", ""23346f43-5427-4884-b22f-d09f19b5669f"": ""398"", ""a0ae77e6-53d2-4eb9-9a4f-07796b539453"": ""367"", ""e67be0ef-5181-4221-9dfa-6fd7c22a2d3e"": {""distance"": ""395"", ""par"": ""4""}}"
8e04fc74-5e82-45f7-9b3b-f0f59b4a3dc8,c62f57cd-4714-4687-ac75-4a1bcb1daba4,8,4,"{""fa853973-2e29-4a93-a148-8c86c27d8721"": ""241"", ""23346f43-5427-4884-b22f-d09f19b5669f"": ""233"", ""a0ae77e6-53d2-4eb9-9a4f-07796b539453"": ""221"", ""e67be0ef-5181-4221-9dfa-6fd7c22a2d3e"": {""distance"": ""231"", ""par"": ""4""}}"
8e04fc74-5e82-45f7-9b3b-f0f59b4a3dc8,c62f57cd-4714-4687-ac75-4a1bcb1daba4,9,4,"{""fa853973-2e29-4a93-a148-8c86c27d8721"": ""266"", ""23346f43-5427-4884-b22f-d09f19b5669f"": ""257"", ""a0ae77e6-53d2-4eb9-9a4f-07796b539453"": ""237"", ""e67be0ef-5181-4221-9dfa-6fd7c22a2d3e"": {""distance"": ""252"", ""par"": ""4""}}"
8e04fc74-5e82-45f7-9b3b-f0f59b4a3dc8,c62f57cd-4714-4687-ac75-4a1bcb1daba4,10,4,"{""fa853973-2e29-4a93-a148-8c86c27d8721"": ""351"", ""23346f43-5427-4884-b22f-d09f19b5669f"": ""340"", ""a0ae77e6-53d2-4eb9-9a4f-07796b539453"": ""317"", ""e67be0ef-5181-4221-9dfa-6fd7c22a2d3e"": {""distance"": ""330"", ""par"": ""4""}}"
8e04fc74-5e82-45f7-9b3b-f0f59b4a3dc8,c62f57cd-4714-4687-ac75-4a1bcb1daba4,11,3,"{""fa853973-2e29-4a93-a148-8c86c27d8721"": ""130"", ""23346f43-5427-4884-b22f-d09f19b5669f"": ""125"", ""a0ae77e6-53d2-4eb9-9a4f-07796b539453"": ""112"", ""e67be0ef-5181-4221-9dfa-6fd7c22a2d3e"": {""distance"": ""119"", ""par"": ""3""}}"
8e04fc74-5e82-45f7-9b3b-f0f59b4a3dc8,c62f57cd-4714-4687-ac75-4a1bcb1daba4,12,5,"{""fa853973-2e29-4a93-a148-8c86c27d8721"": ""455"", ""23346f43-5427-4884-b22f-d09f19b5669f"": ""447"", ""a0ae77e6-53d2-4eb9-9a4f-07796b539453"": ""429"", ""e67be0ef-5181-4221-9dfa-6fd7c22a2d3e"": {""distance"": ""439"", ""par"": ""5""}}"
8e04fc74-5e82-45f7-9b3b-f0f59b4a3dc8,c62f57cd-4714-4687-ac75-4a1bcb1daba4,13,3,"{""fa853973-2e29-4a93-a148-8c86c27d8721"": ""114"", ""23346f43-5427-4884-b22f-d09f19b5669f"": ""100"", ""a0ae77e6-53d2-4eb9-9a4f-07796b539453"": ""84"", ""e67be0ef-5181-4221-9dfa-6fd7c22a2d3e"": {""distance"": ""93"", ""par"": ""3""}}"
8e04fc74-5e82-45f7-9b3b-f0f59b4a3dc8,c62f57cd-4714-4687-ac75-4a1bcb1daba4,14,5,"{""fa853973-2e29-4a93-a148-8c86c27d8721"": ""469"", ""23346f43-5427-4884-b22f-d09f19b5669f"": ""456"", ""a0ae77e6-53d2-4eb9-9a4f-07796b539453"": ""385"", ""e67be0ef-5181-4221-9dfa-6fd7c22a2d3e"": {""distance"": ""446"", ""par"": ""5""}}"
8e04fc74-5e82-45f7-9b3b-f0f59b4a3dc8,c62f57cd-4714-4687-ac75-4a1bcb1daba4,15,4,"{""fa853973-2e29-4a93-a148-8c86c27d8721"": ""401"", ""23346f43-5427-4884-b22f-d09f19b5669f"": ""380"", ""a0ae77e6-53d2-4eb9-9a4f-07796b539453"": ""341"", ""e67be0ef-5181-4221-9dfa-6fd7c22a2d3e"": {""distance"": ""348"", ""par"": ""4""}}"
8e04fc74-5e82-45f7-9b3b-f0f59b4a3dc8,c62f57cd-4714-4687-ac75-4a1bcb1daba4,16,4,"{""fa853973-2e29-4a93-a148-8c86c27d8721"": ""367"", ""23346f43-5427-4884-b22f-d09f19b5669f"": ""354"", ""a0ae77e6-53d2-4eb9-9a4f-07796b539453"": ""337"", ""e67be0ef-5181-4221-9dfa-6fd7c22a2d3e"": {""distance"": ""347"", ""par"": ""4""}}"
8e04fc74-5e82-45f7-9b3b-f0f59b4a3dc8,c62f57cd-4714-4687-ac75-4a1bcb1daba4,17,4,"{""fa853973-2e29-4a93-a148-8c86c27d8721"": ""326"", ""23346f43-5427-4884-b22f-d09f19b5669f"": ""319"", ""a0ae77e6-53d2-4eb9-9a4f-07796b539453"": ""303"", ""e67be0ef-5181-4221-9dfa-6fd7c22a2d3e"": {""distance"": ""312"", ""par"": ""4""}}"
8e04fc74-5e82-45f7-9b3b-f0f59b4a3dc8,c62f57cd-4714-4687-ac75-4a1bcb1daba4,18,4,"{""fa853973-2e29-4a93-a148-8c86c27d8721"": ""366"", ""23346f43-5427-4884-b22f-d09f19b5669f"": ""352"", ""a0ae77e6-53d2-4eb9-9a4f-07796b539453"": ""308"", ""e67be0ef-5181-4221-9dfa-6fd7c22a2d3e"": {""distance"": ""316"", ""par"": ""4""}}"
eb0c0840-508f-4000-a698-bfc6143d28d6,25c77cc2-5315-46f0-8cf3-633b10f38375,1,4,"{""841b4077-b6b2-4403-ab38-9c79301f8eff"": ""368"", ""f01f811f-0fa7-40ed-958d-d1f60b48d34c"": ""420"", ""b1c649c2-d7cc-4ac2-a0d9-c6594e4969d2"": ""403"", ""3a9a48a7-7e9e-4bd4-9b77-2c34a10a4ce0"": {""distance"": ""368"", ""par"": ""4""}}"
eb0c0840-508f-4000-a698-bfc6143d28d6,25c77cc2-5315-46f0-8cf3-633b10f38375,2,5,"{""841b4077-b6b2-4403-ab38-9c79301f8eff"": ""418"", ""f01f811f-0fa7-40ed-958d-d1f60b48d34c"": ""463"", ""b1c649c2-d7cc-4ac2-a0d9-c6594e4969d2"": ""435"", ""3a9a48a7-7e9e-4bd4-9b77-2c34a10a4ce0"": {""distance"": ""418"", ""par"": ""5""}}"
eb0c0840-508f-4000-a698-bfc6143d28d6,25c77cc2-5315-46f0-8cf3-633b10f38375,3,3,"{""841b4077-b6b2-4403-ab38-9c79301f8eff"": ""130"", ""f01f811f-0fa7-40ed-958d-d1f60b48d34c"": ""158"", ""b1c649c2-d7cc-4ac2-a0d9-c6594e4969d2"": ""140"", ""3a9a48a7-7e9e-4bd4-9b77-2c34a10a4ce0"": {""distance"": ""130"", ""par"": ""3""}}"
eb0c0840-508f-4000-a698-bfc6143d28d6,25c77cc2-5315-46f0-8cf3-633b10f38375,4,4,"{""841b4077-b6b2-4403-ab38-9c79301f8eff"": ""315"", ""f01f811f-0fa7-40ed-958d-d1f60b48d34c"": ""334"", ""b1c649c2-d7cc-4ac2-a0d9-c6594e4969d2"": ""324"", ""3a9a48a7-7e9e-4bd4-9b77-2c34a10a4ce0"": {""distance"": ""315"", ""par"": ""4""}}"
eb0c0840-508f-4000-a698-bfc6143d28d6,25c77cc2-5315-46f0-8cf3-633b10f38375,5,3,"{""841b4077-b6b2-4403-ab38-9c79301f8eff"": ""121"", ""f01f811f-0fa7-40ed-958d-d1f60b48d34c"": ""139"", ""b1c649c2-d7cc-4ac2-a0d9-c6594e4969d2"": ""131"", ""3a9a48a7-7e9e-4bd4-9b77-2c34a10a4ce0"": {""distance"": ""121"", ""par"": ""3""}}"
eb0c0840-508f-4000-a698-bfc6143d28d6,25c77cc2-5315-46f0-8cf3-633b10f38375,6,5,"{""841b4077-b6b2-4403-ab38-9c79301f8eff"": ""457"", ""f01f811f-0fa7-40ed-958d-d1f60b48d34c"": ""490"", ""b1c649c2-d7cc-4ac2-a0d9-c6594e4969d2"": ""485"", ""3a9a48a7-7e9e-4bd4-9b77-2c34a10a4ce0"": {""distance"": ""457"", ""par"": ""5""}}"
eb0c0840-508f-4000-a698-bfc6143d28d6,25c77cc2-5315-46f0-8cf3-633b10f38375,7,4,"{""841b4077-b6b2-4403-ab38-9c79301f8eff"": ""387"", ""f01f811f-0fa7-40ed-958d-d1f60b48d34c"": ""403"", ""b1c649c2-d7cc-4ac2-a0d9-c6594e4969d2"": ""395"", ""3a9a48a7-7e9e-4bd4-9b77-2c34a10a4ce0"": {""distance"": ""387"", ""par"": ""5""}}"
eb0c0840-508f-4000-a698-bfc6143d28d6,25c77cc2-5315-46f0-8cf3-633b10f38375,8,4,"{""841b4077-b6b2-4403-ab38-9c79301f8eff"": ""221"", ""f01f811f-0fa7-40ed-958d-d1f60b48d34c"": ""241"", ""b1c649c2-d7cc-4ac2-a0d9-c6594e4969d2"": ""231"", ""3a9a48a7-7e9e-4bd4-9b77-2c34a10a4ce0"": {""distance"": ""221"", ""par"": ""4""}}"
eb0c0840-508f-4000-a698-bfc6143d28d6,25c77cc2-5315-46f0-8cf3-633b10f38375,9,4,"{""841b4077-b6b2-4403-ab38-9c79301f8eff"": ""237"", ""f01f811f-0fa7-40ed-958d-d1f60b48d34c"": ""266"", ""b1c649c2-d7cc-4ac2-a0d9-c6594e4969d2"": ""257"", ""3a9a48a7-7e9e-4bd4-9b77-2c34a10a4ce0"": {""distance"": ""237"", ""par"": ""4""}}"
eb0c0840-508f-4000-a698-bfc6143d28d6,25c77cc2-5315-46f0-8cf3-633b10f38375,10,4,"{""841b4077-b6b2-4403-ab38-9c79301f8eff"": ""317"", ""f01f811f-0fa7-40ed-958d-d1f60b48d34c"": ""351"", ""b1c649c2-d7cc-4ac2-a0d9-c6594e4969d2"": ""340"", ""3a9a48a7-7e9e-4bd4-9b77-2c34a10a4ce0"": {""distance"": ""317"", ""par"": ""4""}}"
eb0c0840-508f-4000-a698-bfc6143d28d6,25c77cc2-5315-46f0-8cf3-633b10f38375,11,3,"{""841b4077-b6b2-4403-ab38-9c79301f8eff"": ""112"", ""f01f811f-0fa7-40ed-958d-d1f60b48d34c"": ""130"", ""b1c649c2-d7cc-4ac2-a0d9-c6594e4969d2"": ""125"", ""3a9a48a7-7e9e-4bd4-9b77-2c34a10a4ce0"": {""distance"": ""112"", ""par"": ""3""}}"
eb0c0840-508f-4000-a698-bfc6143d28d6,25c77cc2-5315-46f0-8cf3-633b10f38375,12,5,"{""841b4077-b6b2-4403-ab38-9c79301f8eff"": ""429"", ""f01f811f-0fa7-40ed-958d-d1f60b48d34c"": ""455"", ""b1c649c2-d7cc-4ac2-a0d9-c6594e4969d2"": ""447"", ""3a9a48a7-7e9e-4bd4-9b77-2c34a10a4ce0"": {""distance"": ""429"", ""par"": ""5""}}"
eb0c0840-508f-4000-a698-bfc6143d28d6,25c77cc2-5315-46f0-8cf3-633b10f38375,13,3,"{""841b4077-b6b2-4403-ab38-9c79301f8eff"": ""84"", ""f01f811f-0fa7-40ed-958d-d1f60b48d34c"": ""114"", ""b1c649c2-d7cc-4ac2-a0d9-c6594e4969d2"": ""100"", ""3a9a48a7-7e9e-4bd4-9b77-2c34a10a4ce0"": {""distance"": ""84"", ""par"": ""3""}}"
eb0c0840-508f-4000-a698-bfc6143d28d6,25c77cc2-5315-46f0-8cf3-633b10f38375,14,5,"{""841b4077-b6b2-4403-ab38-9c79301f8eff"": ""385"", ""f01f811f-0fa7-40ed-958d-d1f60b48d34c"": ""469"", ""b1c649c2-d7cc-4ac2-a0d9-c6594e4969d2"": ""456"", ""3a9a48a7-7e9e-4bd4-9b77-2c34a10a4ce0"": {""distance"": ""385"", ""par"": ""5""}}"
eb0c0840-508f-4000-a698-bfc6143d28d6,25c77cc2-5315-46f0-8cf3-633b10f38375,15,4,"{""841b4077-b6b2-4403-ab38-9c79301f8eff"": ""341"", ""f01f811f-0fa7-40ed-958d-d1f60b48d34c"": ""401"", ""b1c649c2-d7cc-4ac2-a0d9-c6594e4969d2"": ""380"", ""3a9a48a7-7e9e-4bd4-9b77-2c34a10a4ce0"": {""distance"": ""341"", ""par"": ""4""}}"
eb0c0840-508f-4000-a698-bfc6143d28d6,25c77cc2-5315-46f0-8cf3-633b10f38375,16,4,"{""841b4077-b6b2-4403-ab38-9c79301f8eff"": ""337"", ""f01f811f-0fa7-40ed-958d-d1f60b48d34c"": ""367"", ""b1c649c2-d7cc-4ac2-a0d9-c6594e4969d2"": ""354"", ""3a9a48a7-7e9e-4bd4-9b77-2c34a10a4ce0"": {""distance"": ""337"", ""par"": ""4""}}"
eb0c0840-508f-4000-a698-bfc6143d28d6,25c77cc2-5315-46f0-8cf3-633b10f38375,17,4,"{""841b4077-b6b2-4403-ab38-9c79301f8eff"": ""303"", ""f01f811f-0fa7-40ed-958d-d1f60b48d34c"": ""328"", ""b1c649c2-d7cc-4ac2-a0d9-c6594e4969d2"": ""319"", ""3a9a48a7-7e9e-4bd4-9b77-2c34a10a4ce0"": {""distance"": ""303"", ""par"": ""4""}}"
eb0c0840-508f-4000-a698-bfc6143d28d6,25c77cc2-5315-46f0-8cf3-633b10f38375,18,4,"{""841b4077-b6b2-4403-ab38-9c79301f8eff"": ""308"", ""f01f811f-0fa7-40ed-958d-d1f60b48d34c"": ""366"", ""b1c649c2-d7cc-4ac2-a0d9-c6594e4969d2"": ""352"", ""3a9a48a7-7e9e-4bd4-9b77-2c34a10a4ce0"": {""distance"": ""308"", ""par"": ""4""}}"
011fe82b-0c62-40b4-bd7b-d2b4b855fc34,4df465ec-d926-475d-a9f0-f9888223c32b,1,3,"{""f2a08315-ec06-4913-b3f4-1fb35989e731"": ""145"", ""c4d4f050-020c-4322-9ea0-bf9b2ab77d3a"": ""110"", ""c2e659ad-d9c5-45ff-b051-3ad9b825d4ed"": {""distance"": ""122"", ""par"": ""3""}}"
011fe82b-0c62-40b4-bd7b-d2b4b855fc34,4df465ec-d926-475d-a9f0-f9888223c32b,2,3,"{""f2a08315-ec06-4913-b3f4-1fb35989e731"": ""135"", ""c4d4f050-020c-4322-9ea0-bf9b2ab77d3a"": ""88"", ""c2e659ad-d9c5-45ff-b051-3ad9b825d4ed"": {""distance"": ""125"", ""par"": ""3""}}"
011fe82b-0c62-40b4-bd7b-d2b4b855fc34,4df465ec-d926-475d-a9f0-f9888223c32b,3,3,"{""f2a08315-ec06-4913-b3f4-1fb35989e731"": ""96"", ""c4d4f050-020c-4322-9ea0-bf9b2ab77d3a"": ""79"", ""c2e659ad-d9c5-45ff-b051-3ad9b825d4ed"": {""distance"": ""91"", ""par"": ""3""}}"
011fe82b-0c62-40b4-bd7b-d2b4b855fc34,4df465ec-d926-475d-a9f0-f9888223c32b,4,3,"{""f2a08315-ec06-4913-b3f4-1fb35989e731"": ""82"", ""c4d4f050-020c-4322-9ea0-bf9b2ab77d3a"": ""52"", ""c2e659ad-d9c5-45ff-b051-3ad9b825d4ed"": {""distance"": ""69"", ""par"": ""3""}}"
011fe82b-0c62-40b4-bd7b-d2b4b855fc34,4df465ec-d926-475d-a9f0-f9888223c32b,5,3,"{""f2a08315-ec06-4913-b3f4-1fb35989e731"": ""131"", ""c4d4f050-020c-4322-9ea0-bf9b2ab77d3a"": ""107"", ""c2e659ad-d9c5-45ff-b051-3ad9b825d4ed"": {""distance"": ""100"", ""par"": ""3""}}"
011fe82b-0c62-40b4-bd7b-d2b4b855fc34,4df465ec-d926-475d-a9f0-f9888223c32b,6,3,"{""f2a08315-ec06-4913-b3f4-1fb35989e731"": ""108"", ""c4d4f050-020c-4322-9ea0-bf9b2ab77d3a"": ""99"", ""c2e659ad-d9c5-45ff-b051-3ad9b825d4ed"": {""distance"": ""99"", ""par"": ""3""}}"
011fe82b-0c62-40b4-bd7b-d2b4b855fc34,4df465ec-d926-475d-a9f0-f9888223c32b,7,3,"{""f2a08315-ec06-4913-b3f4-1fb35989e731"": ""112"", ""c4d4f050-020c-4322-9ea0-bf9b2ab77d3a"": ""77"", ""c2e659ad-d9c5-45ff-b051-3ad9b825d4ed"": {""distance"": ""102"", ""par"": ""3""}}"
011fe82b-0c62-40b4-bd7b-d2b4b855fc34,4df465ec-d926-475d-a9f0-f9888223c32b,8,3,"{""f2a08315-ec06-4913-b3f4-1fb35989e731"": ""136"", ""c4d4f050-020c-4322-9ea0-bf9b2ab77d3a"": ""104"", ""c2e659ad-d9c5-45ff-b051-3ad9b825d4ed"": {""distance"": ""119"", ""par"": ""3""}}"
011fe82b-0c62-40b4-bd7b-d2b4b855fc34,4df465ec-d926-475d-a9f0-f9888223c32b,9,3,"{""f2a08315-ec06-4913-b3f4-1fb35989e731"": ""133"", ""c4d4f050-020c-4322-9ea0-bf9b2ab77d3a"": ""100"", ""c2e659ad-d9c5-45ff-b051-3ad9b825d4ed"": {""distance"": ""114"", ""par"": ""3""}}"
011fe82b-0c62-40b4-bd7b-d2b4b855fc34,4df465ec-d926-475d-a9f0-f9888223c32b,10,3,"{""f2a08315-ec06-4913-b3f4-1fb35989e731"": ""145"", ""c4d4f050-020c-4322-9ea0-bf9b2ab77d3a"": ""104"", ""c2e659ad-d9c5-45ff-b051-3ad9b825d4ed"": {""distance"": ""122"", ""par"": ""3""}}"
011fe82b-0c62-40b4-bd7b-d2b4b855fc34,4df465ec-d926-475d-a9f0-f9888223c32b,11,3,"{""f2a08315-ec06-4913-b3f4-1fb35989e731"": ""135"", ""c4d4f050-020c-4322-9ea0-bf9b2ab77d3a"": ""106"", ""c2e659ad-d9c5-45ff-b051-3ad9b825d4ed"": {""distance"": ""125"", ""par"": ""3""}}"
011fe82b-0c62-40b4-bd7b-d2b4b855fc34,4df465ec-d926-475d-a9f0-f9888223c32b,12,3,"{""f2a08315-ec06-4913-b3f4-1fb35989e731"": ""96"", ""c4d4f050-020c-4322-9ea0-bf9b2ab77d3a"": ""83"", ""c2e659ad-d9c5-45ff-b051-3ad9b825d4ed"": {""distance"": ""91"", ""par"": ""3""}}"
011fe82b-0c62-40b4-bd7b-d2b4b855fc34,4df465ec-d926-475d-a9f0-f9888223c32b,13,3,"{""f2a08315-ec06-4913-b3f4-1fb35989e731"": ""82"", ""c4d4f050-020c-4322-9ea0-bf9b2ab77d3a"": ""64"", ""c2e659ad-d9c5-45ff-b051-3ad9b825d4ed"": {""distance"": ""69"", ""par"": ""3""}}"
011fe82b-0c62-40b4-bd7b-d2b4b855fc34,4df465ec-d926-475d-a9f0-f9888223c32b,14,3,"{""f2a08315-ec06-4913-b3f4-1fb35989e731"": ""131"", ""c4d4f050-020c-4322-9ea0-bf9b2ab77d3a"": ""83"", ""c2e659ad-d9c5-45ff-b051-3ad9b825d4ed"": {""distance"": ""100"", ""par"": ""3""}}"
011fe82b-0c62-40b4-bd7b-d2b4b855fc34,4df465ec-d926-475d-a9f0-f9888223c32b,15,3,"{""f2a08315-ec06-4913-b3f4-1fb35989e731"": ""108"", ""c4d4f050-020c-4322-9ea0-bf9b2ab77d3a"": ""76"", ""c2e659ad-d9c5-45ff-b051-3ad9b825d4ed"": {""distance"": ""99"", ""par"": ""3""}}"
011fe82b-0c62-40b4-bd7b-d2b4b855fc34,4df465ec-d926-475d-a9f0-f9888223c32b,16,3,"{""f2a08315-ec06-4913-b3f4-1fb35989e731"": ""112"", ""c4d4f050-020c-4322-9ea0-bf9b2ab77d3a"": ""81"", ""c2e659ad-d9c5-45ff-b051-3ad9b825d4ed"": {""distance"": ""102"", ""par"": ""3""}}"
011fe82b-0c62-40b4-bd7b-d2b4b855fc34,4df465ec-d926-475d-a9f0-f9888223c32b,17,3,"{""f2a08315-ec06-4913-b3f4-1fb35989e731"": ""136"", ""c4d4f050-020c-4322-9ea0-bf9b2ab77d3a"": ""89"", ""c2e659ad-d9c5-45ff-b051-3ad9b825d4ed"": {""distance"": ""119"", ""par"": ""3""}}"
011fe82b-0c62-40b4-bd7b-d2b4b855fc34,4df465ec-d926-475d-a9f0-f9888223c32b,18,3,"{""f2a08315-ec06-4913-b3f4-1fb35989e731"": ""133"", ""c4d4f050-020c-4322-9ea0-bf9b2ab77d3a"": ""88"", ""c2e659ad-d9c5-45ff-b051-3ad9b825d4ed"": {""distance"": ""114"", ""par"": ""3""}}"
91db04bf-fa5e-4c24-a058-9535d775586a,86c5dfb4-ff80-455a-93bf-dcf5beb339d9,1,3,"{""2baec4c4-b27c-4166-8628-500dc9ea7443"": {""distance"": ""59"", ""par"": ""3""}}"
91db04bf-fa5e-4c24-a058-9535d775586a,86c5dfb4-ff80-455a-93bf-dcf5beb339d9,2,3,"{""2baec4c4-b27c-4166-8628-500dc9ea7443"": {""distance"": ""82"", ""par"": ""3""}}"
91db04bf-fa5e-4c24-a058-9535d775586a,86c5dfb4-ff80-455a-93bf-dcf5beb339d9,3,3,"{""2baec4c4-b27c-4166-8628-500dc9ea7443"": {""distance"": ""88"", ""par"": ""3""}}"
91db04bf-fa5e-4c24-a058-9535d775586a,86c5dfb4-ff80-455a-93bf-dcf5beb339d9,4,3,"{""2baec4c4-b27c-4166-8628-500dc9ea7443"": {""distance"": ""69"", ""par"": ""3""}}"
91db04bf-fa5e-4c24-a058-9535d775586a,86c5dfb4-ff80-455a-93bf-dcf5beb339d9,5,3,"{""2baec4c4-b27c-4166-8628-500dc9ea7443"": {""distance"": ""111"", ""par"": ""3""}}"
91db04bf-fa5e-4c24-a058-9535d775586a,86c5dfb4-ff80-455a-93bf-dcf5beb339d9,6,3,"{""2baec4c4-b27c-4166-8628-500dc9ea7443"": {""distance"": ""75"", ""par"": ""3""}}"
91db04bf-fa5e-4c24-a058-9535d775586a,86c5dfb4-ff80-455a-93bf-dcf5beb339d9,7,3,"{""2baec4c4-b27c-4166-8628-500dc9ea7443"": {""distance"": ""84"", ""par"": ""3""}}"
91db04bf-fa5e-4c24-a058-9535d775586a,86c5dfb4-ff80-455a-93bf-dcf5beb339d9,8,3,"{""2baec4c4-b27c-4166-8628-500dc9ea7443"": {""distance"": ""73"", ""par"": ""3""}}"
91db04bf-fa5e-4c24-a058-9535d775586a,86c5dfb4-ff80-455a-93bf-dcf5beb339d9,9,3,"{""2baec4c4-b27c-4166-8628-500dc9ea7443"": {""distance"": ""63"", ""par"": ""3""}}"
91db04bf-fa5e-4c24-a058-9535d775586a,86c5dfb4-ff80-455a-93bf-dcf5beb339d9,10,3,"{""2baec4c4-b27c-4166-8628-500dc9ea7443"": {""distance"": ""70"", ""par"": ""3""}}"
91db04bf-fa5e-4c24-a058-9535d775586a,86c5dfb4-ff80-455a-93bf-dcf5beb339d9,11,3,"{""2baec4c4-b27c-4166-8628-500dc9ea7443"": {""distance"": ""75"", ""par"": ""3""}}"
91db04bf-fa5e-4c24-a058-9535d775586a,86c5dfb4-ff80-455a-93bf-dcf5beb339d9,12,3,"{""2baec4c4-b27c-4166-8628-500dc9ea7443"": {""distance"": ""97"", ""par"": ""3""}}"
91db04bf-fa5e-4c24-a058-9535d775586a,86c5dfb4-ff80-455a-93bf-dcf5beb339d9,13,3,"{""2baec4c4-b27c-4166-8628-500dc9ea7443"": {""distance"": ""67"", ""par"": ""3""}}"
91db04bf-fa5e-4c24-a058-9535d775586a,86c5dfb4-ff80-455a-93bf-dcf5beb339d9,14,3,"{""2baec4c4-b27c-4166-8628-500dc9ea7443"": {""distance"": ""120"", ""par"": ""3""}}"
91db04bf-fa5e-4c24-a058-9535d775586a,86c5dfb4-ff80-455a-93bf-dcf5beb339d9,15,3,"{""2baec4c4-b27c-4166-8628-500dc9ea7443"": {""distance"": ""61"", ""par"": ""3""}}"
91db04bf-fa5e-4c24-a058-9535d775586a,86c5dfb4-ff80-455a-93bf-dcf5beb339d9,16,3,"{""2baec4c4-b27c-4166-8628-500dc9ea7443"": {""distance"": ""105"", ""par"": ""3""}}"
91db04bf-fa5e-4c24-a058-9535d775586a,86c5dfb4-ff80-455a-93bf-dcf5beb339d9,17,3,"{""2baec4c4-b27c-4166-8628-500dc9ea7443"": {""distance"": ""50"", ""par"": ""3""}}"
91db04bf-fa5e-4c24-a058-9535d775586a,86c5dfb4-ff80-455a-93bf-dcf5beb339d9,18,3,"{""2baec4c4-b27c-4166-8628-500dc9ea7443"": {""distance"": ""57"", ""par"": ""3""}}"
95e4b55e-e39d-4a25-8976-8639d85bc078,be5abf62-ac62-47e1-b3fb-3f28d3426312,1,4,"{""a59ab5f1-9ea4-419d-b3f0-56d5f4319f1f"": ""339"", ""4bc2fd79-c50c-4ce9-85ef-ac5d81b78bd1"": ""325"", ""5161661e-f2be-4669-82fb-d71ec418c9d1"": {""distance"": ""280"", ""par"": ""4""}}"
95e4b55e-e39d-4a25-8976-8639d85bc078,be5abf62-ac62-47e1-b3fb-3f28d3426312,2,4,"{""a59ab5f1-9ea4-419d-b3f0-56d5f4319f1f"": ""362"", ""4bc2fd79-c50c-4ce9-85ef-ac5d81b78bd1"": ""350"", ""5161661e-f2be-4669-82fb-d71ec418c9d1"": {""distance"": ""327"", ""par"": ""4""}}"
95e4b55e-e39d-4a25-8976-8639d85bc078,be5abf62-ac62-47e1-b3fb-3f28d3426312,3,4,"{""a59ab5f1-9ea4-419d-b3f0-56d5f4319f1f"": ""321"", ""4bc2fd79-c50c-4ce9-85ef-ac5d81b78bd1"": ""313"", ""5161661e-f2be-4669-82fb-d71ec418c9d1"": {""distance"": ""287"", ""par"": ""4""}}"
95e4b55e-e39d-4a25-8976-8639d85bc078,be5abf62-ac62-47e1-b3fb-3f28d3426312,4,5,"{""a59ab5f1-9ea4-419d-b3f0-56d5f4319f1f"": ""450"", ""4bc2fd79-c50c-4ce9-85ef-ac5d81b78bd1"": ""448"", ""5161661e-f2be-4669-82fb-d71ec418c9d1"": {""distance"": ""414"", ""par"": ""5""}}"
95e4b55e-e39d-4a25-8976-8639d85bc078,be5abf62-ac62-47e1-b3fb-3f28d3426312,5,3,"{""a59ab5f1-9ea4-419d-b3f0-56d5f4319f1f"": ""103"", ""4bc2fd79-c50c-4ce9-85ef-ac5d81b78bd1"": ""93"", ""5161661e-f2be-4669-82fb-d71ec418c9d1"": {""distance"": ""75"", ""par"": ""3""}}"
95e4b55e-e39d-4a25-8976-8639d85bc078,be5abf62-ac62-47e1-b3fb-3f28d3426312,6,4,"{""a59ab5f1-9ea4-419d-b3f0-56d5f4319f1f"": ""328"", ""4bc2fd79-c50c-4ce9-85ef-ac5d81b78bd1"": ""319"", ""5161661e-f2be-4669-82fb-d71ec418c9d1"": {""distance"": ""272"", ""par"": ""4""}}"
95e4b55e-e39d-4a25-8976-8639d85bc078,be5abf62-ac62-47e1-b3fb-3f28d3426312,7,5,"{""a59ab5f1-9ea4-419d-b3f0-56d5f4319f1f"": ""486"", ""4bc2fd79-c50c-4ce9-85ef-ac5d81b78bd1"": ""477"", ""5161661e-f2be-4669-82fb-d71ec418c9d1"": {""distance"": ""449"", ""par"": ""5""}}"
95e4b55e-e39d-4a25-8976-8639d85bc078,be5abf62-ac62-47e1-b3fb-3f28d3426312,8,3,"{""a59ab5f1-9ea4-419d-b3f0-56d5f4319f1f"": ""201"", ""4bc2fd79-c50c-4ce9-85ef-ac5d81b78bd1"": ""189"", ""5161661e-f2be-4669-82fb-d71ec418c9d1"": {""distance"": ""145"", ""par"": ""3""}}"
95e4b55e-e39d-4a25-8976-8639d85bc078,be5abf62-ac62-47e1-b3fb-3f28d3426312,9,4,"{""a59ab5f1-9ea4-419d-b3f0-56d5f4319f1f"": ""394"", ""4bc2fd79-c50c-4ce9-85ef-ac5d81b78bd1"": ""384"", ""5161661e-f2be-4669-82fb-d71ec418c9d1"": {""distance"": ""367"", ""par"": ""4""}}"
95e4b55e-e39d-4a25-8976-8639d85bc078,be5abf62-ac62-47e1-b3fb-3f28d3426312,10,4,"{""a59ab5f1-9ea4-419d-b3f0-56d5f4319f1f"": ""368"", ""4bc2fd79-c50c-4ce9-85ef-ac5d81b78bd1"": ""348"", ""5161661e-f2be-4669-82fb-d71ec418c9d1"": {""distance"": ""287"", ""par"": ""4""}}"
95e4b55e-e39d-4a25-8976-8639d85bc078,be5abf62-ac62-47e1-b3fb-3f28d3426312,11,4,"{""a59ab5f1-9ea4-419d-b3f0-56d5f4319f1f"": ""332"", ""4bc2fd79-c50c-4ce9-85ef-ac5d81b78bd1"": ""314"", ""5161661e-f2be-4669-82fb-d71ec418c9d1"": {""distance"": ""268"", ""par"": ""4""}}"
95e4b55e-e39d-4a25-8976-8639d85bc078,be5abf62-ac62-47e1-b3fb-3f28d3426312,12,4,"{""a59ab5f1-9ea4-419d-b3f0-56d5f4319f1f"": ""374"", ""4bc2fd79-c50c-4ce9-85ef-ac5d81b78bd1"": ""355"", ""5161661e-f2be-4669-82fb-d71ec418c9d1"": {""distance"": ""321"", ""par"": ""4""}}"
95e4b55e-e39d-4a25-8976-8639d85bc078,be5abf62-ac62-47e1-b3fb-3f28d3426312,13,5,"{""a59ab5f1-9ea4-419d-b3f0-56d5f4319f1f"": ""475"", ""4bc2fd79-c50c-4ce9-85ef-ac5d81b78bd1"": ""450"", ""5161661e-f2be-4669-82fb-d71ec418c9d1"": {""distance"": ""422"", ""par"": ""5""}}"
95e4b55e-e39d-4a25-8976-8639d85bc078,be5abf62-ac62-47e1-b3fb-3f28d3426312,14,3,"{""a59ab5f1-9ea4-419d-b3f0-56d5f4319f1f"": ""138"", ""4bc2fd79-c50c-4ce9-85ef-ac5d81b78bd1"": ""128"", ""5161661e-f2be-4669-82fb-d71ec418c9d1"": {""distance"": ""104"", ""par"": ""3""}}"
95e4b55e-e39d-4a25-8976-8639d85bc078,be5abf62-ac62-47e1-b3fb-3f28d3426312,15,5,"{""a59ab5f1-9ea4-419d-b3f0-56d5f4319f1f"": ""501"", ""4bc2fd79-c50c-4ce9-85ef-ac5d81b78bd1"": ""483"", ""5161661e-f2be-4669-82fb-d71ec418c9d1"": {""distance"": ""433"", ""par"": ""5""}}"
95e4b55e-e39d-4a25-8976-8639d85bc078,be5abf62-ac62-47e1-b3fb-3f28d3426312,16,4,"{""a59ab5f1-9ea4-419d-b3f0-56d5f4319f1f"": ""384"", ""4bc2fd79-c50c-4ce9-85ef-ac5d81b78bd1"": ""366"", ""5161661e-f2be-4669-82fb-d71ec418c9d1"": {""distance"": ""306"", ""par"": ""4""}}"
95e4b55e-e39d-4a25-8976-8639d85bc078,be5abf62-ac62-47e1-b3fb-3f28d3426312,17,5,"{""a59ab5f1-9ea4-419d-b3f0-56d5f4319f1f"": ""467"", ""4bc2fd79-c50c-4ce9-85ef-ac5d81b78bd1"": ""451"", ""5161661e-f2be-4669-82fb-d71ec418c9d1"": {""distance"": ""409"", ""par"": ""5""}}"
95e4b55e-e39d-4a25-8976-8639d85bc078,be5abf62-ac62-47e1-b3fb-3f28d3426312,18,3,"{""a59ab5f1-9ea4-419d-b3f0-56d5f4319f1f"": ""173"", ""4bc2fd79-c50c-4ce9-85ef-ac5d81b78bd1"": ""160"", ""5161661e-f2be-4669-82fb-d71ec418c9d1"": {""distance"": ""137"", ""par"": ""3""}}"
7bdc5eb4-f50a-464f-b215-336eeb53b2d0,8bfe7ab9-285a-45a1-8e23-115570d8fc4d,1,5,"{""ce104c87-f377-4e84-81b7-e5669d37142e"": ""470"", ""41f08474-289f-4529-a821-3c8d31e11c7b"": ""452"", ""aa0c0de2-bced-4ced-8242-843b0c5a292a"": ""395"", ""21d5ac74-df0a-4ecf-a0e5-4805c21a6e2e"": {""distance"": ""384"", ""par"": ""5""}}"
7bdc5eb4-f50a-464f-b215-336eeb53b2d0,8bfe7ab9-285a-45a1-8e23-115570d8fc4d,2,3,"{""ce104c87-f377-4e84-81b7-e5669d37142e"": ""182"", ""41f08474-289f-4529-a821-3c8d31e11c7b"": ""173"", ""aa0c0de2-bced-4ced-8242-843b0c5a292a"": ""150"", ""21d5ac74-df0a-4ecf-a0e5-4805c21a6e2e"": {""distance"": ""136"", ""par"": ""3""}}"
7bdc5eb4-f50a-464f-b215-336eeb53b2d0,8bfe7ab9-285a-45a1-8e23-115570d8fc4d,3,5,"{""ce104c87-f377-4e84-81b7-e5669d37142e"": ""512"", ""41f08474-289f-4529-a821-3c8d31e11c7b"": ""504"", ""aa0c0de2-bced-4ced-8242-843b0c5a292a"": ""483"", ""21d5ac74-df0a-4ecf-a0e5-4805c21a6e2e"": {""distance"": ""470"", ""par"": ""5""}}"
7bdc5eb4-f50a-464f-b215-336eeb53b2d0,8bfe7ab9-285a-45a1-8e23-115570d8fc4d,4,3,"{""ce104c87-f377-4e84-81b7-e5669d37142e"": ""115"", ""41f08474-289f-4529-a821-3c8d31e11c7b"": ""108"", ""aa0c0de2-bced-4ced-8242-843b0c5a292a"": ""101"", ""21d5ac74-df0a-4ecf-a0e5-4805c21a6e2e"": {""distance"": ""93"", ""par"": ""3""}}"
7bdc5eb4-f50a-464f-b215-336eeb53b2d0,8bfe7ab9-285a-45a1-8e23-115570d8fc4d,5,4,"{""ce104c87-f377-4e84-81b7-e5669d37142e"": ""346"", ""41f08474-289f-4529-a821-3c8d31e11c7b"": ""337"", ""aa0c0de2-bced-4ced-8242-843b0c5a292a"": ""329"", ""21d5ac74-df0a-4ecf-a0e5-4805c21a6e2e"": {""distance"": ""318"", ""par"": ""4""}}"
7bdc5eb4-f50a-464f-b215-336eeb53b2d0,8bfe7ab9-285a-45a1-8e23-115570d8fc4d,6,4,"{""ce104c87-f377-4e84-81b7-e5669d37142e"": ""307"", ""41f08474-289f-4529-a821-3c8d31e11c7b"": ""298"", ""aa0c0de2-bced-4ced-8242-843b0c5a292a"": ""279"", ""21d5ac74-df0a-4ecf-a0e5-4805c21a6e2e"": {""distance"": ""259"", ""par"": ""4""}}"
7bdc5eb4-f50a-464f-b215-336eeb53b2d0,8bfe7ab9-285a-45a1-8e23-115570d8fc4d,7,3,"{""ce104c87-f377-4e84-81b7-e5669d37142e"": ""212"", ""41f08474-289f-4529-a821-3c8d31e11c7b"": ""205"", ""aa0c0de2-bced-4ced-8242-843b0c5a292a"": ""183"", ""21d5ac74-df0a-4ecf-a0e5-4805c21a6e2e"": {""distance"": ""171"", ""par"": ""3""}}"
7bdc5eb4-f50a-464f-b215-336eeb53b2d0,8bfe7ab9-285a-45a1-8e23-115570d8fc4d,8,5,"{""ce104c87-f377-4e84-81b7-e5669d37142e"": ""417"", ""41f08474-289f-4529-a821-3c8d31e11c7b"": ""387"", ""aa0c0de2-bced-4ced-8242-843b0c5a292a"": ""361"", ""21d5ac74-df0a-4ecf-a0e5-4805c21a6e2e"": {""distance"": ""342"", ""par"": ""5""}}"
7bdc5eb4-f50a-464f-b215-336eeb53b2d0,8bfe7ab9-285a-45a1-8e23-115570d8fc4d,9,4,"{""ce104c87-f377-4e84-81b7-e5669d37142e"": ""346"", ""41f08474-289f-4529-a821-3c8d31e11c7b"": ""336"", ""aa0c0de2-bced-4ced-8242-843b0c5a292a"": ""328"", ""21d5ac74-df0a-4ecf-a0e5-4805c21a6e2e"": {""distance"": ""319"", ""par"": ""4""}}"
7bdc5eb4-f50a-464f-b215-336eeb53b2d0,8bfe7ab9-285a-45a1-8e23-115570d8fc4d,10,4,"{""ce104c87-f377-4e84-81b7-e5669d37142e"": ""256"", ""41f08474-289f-4529-a821-3c8d31e11c7b"": ""237"", ""aa0c0de2-bced-4ced-8242-843b0c5a292a"": ""227"", ""21d5ac74-df0a-4ecf-a0e5-4805c21a6e2e"": {""distance"": ""227"", ""par"": ""4""}}"
7bdc5eb4-f50a-464f-b215-336eeb53b2d0,8bfe7ab9-285a-45a1-8e23-115570d8fc4d,11,3,"{""ce104c87-f377-4e84-81b7-e5669d37142e"": ""208"", ""41f08474-289f-4529-a821-3c8d31e11c7b"": ""191"", ""aa0c0de2-bced-4ced-8242-843b0c5a292a"": ""170"", ""21d5ac74-df0a-4ecf-a0e5-4805c21a6e2e"": {""distance"": ""115"", ""par"": ""3""}}"
7bdc5eb4-f50a-464f-b215-336eeb53b2d0,8bfe7ab9-285a-45a1-8e23-115570d8fc4d,12,5,"{""ce104c87-f377-4e84-81b7-e5669d37142e"": ""543"", ""41f08474-289f-4529-a821-3c8d31e11c7b"": ""532"", ""aa0c0de2-bced-4ced-8242-843b0c5a292a"": ""461"", ""21d5ac74-df0a-4ecf-a0e5-4805c21a6e2e"": {""distance"": ""452"", ""par"": ""5""}}"
7bdc5eb4-f50a-464f-b215-336eeb53b2d0,8bfe7ab9-285a-45a1-8e23-115570d8fc4d,13,4,"{""ce104c87-f377-4e84-81b7-e5669d37142e"": ""311"", ""41f08474-289f-4529-a821-3c8d31e11c7b"": ""291"", ""aa0c0de2-bced-4ced-8242-843b0c5a292a"": ""264"", ""21d5ac74-df0a-4ecf-a0e5-4805c21a6e2e"": {""distance"": ""247"", ""par"": ""4""}}"
7bdc5eb4-f50a-464f-b215-336eeb53b2d0,8bfe7ab9-285a-45a1-8e23-115570d8fc4d,14,4,"{""ce104c87-f377-4e84-81b7-e5669d37142e"": ""331"", ""41f08474-289f-4529-a821-3c8d31e11c7b"": ""318"", ""aa0c0de2-bced-4ced-8242-843b0c5a292a"": ""293"", ""21d5ac74-df0a-4ecf-a0e5-4805c21a6e2e"": {""distance"": ""255"", ""par"": ""4""}}"
7bdc5eb4-f50a-464f-b215-336eeb53b2d0,8bfe7ab9-285a-45a1-8e23-115570d8fc4d,15,3,"{""ce104c87-f377-4e84-81b7-e5669d37142e"": ""181"", ""41f08474-289f-4529-a821-3c8d31e11c7b"": ""147"", ""aa0c0de2-bced-4ced-8242-843b0c5a292a"": ""108"", ""21d5ac74-df0a-4ecf-a0e5-4805c21a6e2e"": {""distance"": ""102"", ""par"": ""3""}}"
7bdc5eb4-f50a-464f-b215-336eeb53b2d0,8bfe7ab9-285a-45a1-8e23-115570d8fc4d,16,4,"{""ce104c87-f377-4e84-81b7-e5669d37142e"": ""360"", ""41f08474-289f-4529-a821-3c8d31e11c7b"": ""348"", ""aa0c0de2-bced-4ced-8242-843b0c5a292a"": ""307"", ""21d5ac74-df0a-4ecf-a0e5-4805c21a6e2e"": {""distance"": ""297"", ""par"": ""4""}}"
7bdc5eb4-f50a-464f-b215-336eeb53b2d0,8bfe7ab9-285a-45a1-8e23-115570d8fc4d,17,4,"{""ce104c87-f377-4e84-81b7-e5669d37142e"": ""310"", ""41f08474-289f-4529-a821-3c8d31e11c7b"": ""297"", ""aa0c0de2-bced-4ced-8242-843b0c5a292a"": ""250"", ""21d5ac74-df0a-4ecf-a0e5-4805c21a6e2e"": {""distance"": ""239"", ""par"": ""4""}}"
7bdc5eb4-f50a-464f-b215-336eeb53b2d0,8bfe7ab9-285a-45a1-8e23-115570d8fc4d,18,5,"{""ce104c87-f377-4e84-81b7-e5669d37142e"": ""440"", ""41f08474-289f-4529-a821-3c8d31e11c7b"": ""428"", ""aa0c0de2-bced-4ced-8242-843b0c5a292a"": ""377"", ""21d5ac74-df0a-4ecf-a0e5-4805c21a6e2e"": {""distance"": ""347"", ""par"": ""5""}}"
78a94b50-de00-4eab-bc35-f50154a28860,595eca59-47d5-41a0-8891-77c9949511b1,1,3,"{""b71bf4af-d341-4c54-a640-a72807ad7d6d"": ""121"", ""7eba6dee-0248-49e0-81d4-048473d6ff12"": {""distance"": ""100"", ""par"": ""3""}}"
78a94b50-de00-4eab-bc35-f50154a28860,595eca59-47d5-41a0-8891-77c9949511b1,2,4,"{""b71bf4af-d341-4c54-a640-a72807ad7d6d"": ""290"", ""7eba6dee-0248-49e0-81d4-048473d6ff12"": {""distance"": ""270"", ""par"": ""4""}}"
78a94b50-de00-4eab-bc35-f50154a28860,595eca59-47d5-41a0-8891-77c9949511b1,3,4,"{""b71bf4af-d341-4c54-a640-a72807ad7d6d"": ""314"", ""7eba6dee-0248-49e0-81d4-048473d6ff12"": {""distance"": ""297"", ""par"": ""4""}}"
78a94b50-de00-4eab-bc35-f50154a28860,595eca59-47d5-41a0-8891-77c9949511b1,4,3,"{""b71bf4af-d341-4c54-a640-a72807ad7d6d"": ""110"", ""7eba6dee-0248-49e0-81d4-048473d6ff12"": {""distance"": ""92"", ""par"": ""3""}}"
78a94b50-de00-4eab-bc35-f50154a28860,595eca59-47d5-41a0-8891-77c9949511b1,5,4,"{""b71bf4af-d341-4c54-a640-a72807ad7d6d"": ""285"", ""7eba6dee-0248-49e0-81d4-048473d6ff12"": {""distance"": ""236"", ""par"": ""4""}}"
78a94b50-de00-4eab-bc35-f50154a28860,595eca59-47d5-41a0-8891-77c9949511b1,6,3,"{""b71bf4af-d341-4c54-a640-a72807ad7d6d"": ""150"", ""7eba6dee-0248-49e0-81d4-048473d6ff12"": {""distance"": ""92"", ""par"": ""3""}}"
78a94b50-de00-4eab-bc35-f50154a28860,595eca59-47d5-41a0-8891-77c9949511b1,7,5,"{""b71bf4af-d341-4c54-a640-a72807ad7d6d"": ""472"", ""7eba6dee-0248-49e0-81d4-048473d6ff12"": {""distance"": ""454"", ""par"": ""5""}}"
78a94b50-de00-4eab-bc35-f50154a28860,595eca59-47d5-41a0-8891-77c9949511b1,8,4,"{""b71bf4af-d341-4c54-a640-a72807ad7d6d"": ""298"", ""7eba6dee-0248-49e0-81d4-048473d6ff12"": {""distance"": ""284"", ""par"": ""4""}}"
78a94b50-de00-4eab-bc35-f50154a28860,595eca59-47d5-41a0-8891-77c9949511b1,9,4,"{""b71bf4af-d341-4c54-a640-a72807ad7d6d"": ""240"", ""7eba6dee-0248-49e0-81d4-048473d6ff12"": {""distance"": ""219"", ""par"": ""4""}}"
651f3534-e141-4f03-aa11-ff3a5ed51c76,b3578ff6-a886-4744-83e8-e5a2a308559f,1,3,"{""69bbe688-ae72-4cb8-bb22-aebe55ad675b"": ""163"", ""3176f3f4-75b8-424c-abfd-768894fff0a9"": {""distance"": ""132"", ""par"": ""3""}}"
651f3534-e141-4f03-aa11-ff3a5ed51c76,b3578ff6-a886-4744-83e8-e5a2a308559f,2,4,"{""69bbe688-ae72-4cb8-bb22-aebe55ad675b"": ""254"", ""3176f3f4-75b8-424c-abfd-768894fff0a9"": {""distance"": ""244"", ""par"": ""4""}}"
651f3534-e141-4f03-aa11-ff3a5ed51c76,b3578ff6-a886-4744-83e8-e5a2a308559f,3,4,"{""69bbe688-ae72-4cb8-bb22-aebe55ad675b"": ""290"", ""3176f3f4-75b8-424c-abfd-768894fff0a9"": {""distance"": ""233"", ""par"": ""4""}}"
651f3534-e141-4f03-aa11-ff3a5ed51c76,b3578ff6-a886-4744-83e8-e5a2a308559f,4,4,"{""69bbe688-ae72-4cb8-bb22-aebe55ad675b"": ""314"", ""3176f3f4-75b8-424c-abfd-768894fff0a9"": {""distance"": ""251"", ""par"": ""4""}}"
651f3534-e141-4f03-aa11-ff3a5ed51c76,b3578ff6-a886-4744-83e8-e5a2a308559f,5,4,"{""69bbe688-ae72-4cb8-bb22-aebe55ad675b"": ""355"", ""3176f3f4-75b8-424c-abfd-768894fff0a9"": {""distance"": ""295"", ""par"": ""4""}}"
651f3534-e141-4f03-aa11-ff3a5ed51c76,b3578ff6-a886-4744-83e8-e5a2a308559f,6,5,"{""69bbe688-ae72-4cb8-bb22-aebe55ad675b"": ""430"", ""3176f3f4-75b8-424c-abfd-768894fff0a9"": {""distance"": ""377"", ""par"": ""5""}}"
651f3534-e141-4f03-aa11-ff3a5ed51c76,b3578ff6-a886-4744-83e8-e5a2a308559f,7,5,"{""69bbe688-ae72-4cb8-bb22-aebe55ad675b"": ""542"", ""3176f3f4-75b8-424c-abfd-768894fff0a9"": {""distance"": ""413"", ""par"": ""5""}}"
651f3534-e141-4f03-aa11-ff3a5ed51c76,b3578ff6-a886-4744-83e8-e5a2a308559f,8,4,"{""69bbe688-ae72-4cb8-bb22-aebe55ad675b"": ""321"", ""3176f3f4-75b8-424c-abfd-768894fff0a9"": {""distance"": ""263"", ""par"": ""4""}}"
651f3534-e141-4f03-aa11-ff3a5ed51c76,b3578ff6-a886-4744-83e8-e5a2a308559f,9,3,"{""69bbe688-ae72-4cb8-bb22-aebe55ad675b"": ""215"", ""3176f3f4-75b8-424c-abfd-768894fff0a9"": {""distance"": ""164"", ""par"": ""3""}}"
651f3534-e141-4f03-aa11-ff3a5ed51c76,b3578ff6-a886-4744-83e8-e5a2a308559f,10,3,"{""69bbe688-ae72-4cb8-bb22-aebe55ad675b"": ""163"", ""3176f3f4-75b8-424c-abfd-768894fff0a9"": {""distance"": ""132"", ""par"": ""3""}}"
651f3534-e141-4f03-aa11-ff3a5ed51c76,b3578ff6-a886-4744-83e8-e5a2a308559f,11,4,"{""69bbe688-ae72-4cb8-bb22-aebe55ad675b"": ""254"", ""3176f3f4-75b8-424c-abfd-768894fff0a9"": {""distance"": ""244"", ""par"": ""4""}}"
651f3534-e141-4f03-aa11-ff3a5ed51c76,b3578ff6-a886-4744-83e8-e5a2a308559f,12,4,"{""69bbe688-ae72-4cb8-bb22-aebe55ad675b"": ""290"", ""3176f3f4-75b8-424c-abfd-768894fff0a9"": {""distance"": ""233"", ""par"": ""4""}}"
651f3534-e141-4f03-aa11-ff3a5ed51c76,b3578ff6-a886-4744-83e8-e5a2a308559f,13,4,"{""69bbe688-ae72-4cb8-bb22-aebe55ad675b"": ""314"", ""3176f3f4-75b8-424c-abfd-768894fff0a9"": {""distance"": ""251"", ""par"": ""4""}}"
651f3534-e141-4f03-aa11-ff3a5ed51c76,b3578ff6-a886-4744-83e8-e5a2a308559f,14,4,"{""69bbe688-ae72-4cb8-bb22-aebe55ad675b"": ""355"", ""3176f3f4-75b8-424c-abfd-768894fff0a9"": {""distance"": ""295"", ""par"": ""4""}}"
651f3534-e141-4f03-aa11-ff3a5ed51c76,b3578ff6-a886-4744-83e8-e5a2a308559f,15,5,"{""69bbe688-ae72-4cb8-bb22-aebe55ad675b"": ""430"", ""3176f3f4-75b8-424c-abfd-768894fff0a9"": {""distance"": ""377"", ""par"": ""5""}}"
651f3534-e141-4f03-aa11-ff3a5ed51c76,b3578ff6-a886-4744-83e8-e5a2a308559f,16,5,"{""69bbe688-ae72-4cb8-bb22-aebe55ad675b"": ""542"", ""3176f3f4-75b8-424c-abfd-768894fff0a9"": {""distance"": ""413"", ""par"": ""5""}}"
651f3534-e141-4f03-aa11-ff3a5ed51c76,b3578ff6-a886-4744-83e8-e5a2a308559f,17,4,"{""69bbe688-ae72-4cb8-bb22-aebe55ad675b"": ""321"", ""3176f3f4-75b8-424c-abfd-768894fff0a9"": {""distance"": ""263"", ""par"": ""4""}}"
651f3534-e141-4f03-aa11-ff3a5ed51c76,b3578ff6-a886-4744-83e8-e5a2a308559f,18,3,"{""69bbe688-ae72-4cb8-bb22-aebe55ad675b"": ""215"", ""3176f3f4-75b8-424c-abfd-768894fff0a9"": {""distance"": ""164"", ""par"": ""3""}}"
009bcee6-cb76-4c34-86e4-7638c69ba612,9eb3b9b2-5834-400b-8047-104722479874,1,3,"{""424e202a-41d1-4625-83cb-142fc6e6ff8d"": ""103""}"
009bcee6-cb76-4c34-86e4-7638c69ba612,9eb3b9b2-5834-400b-8047-104722479874,2,3,"{""424e202a-41d1-4625-83cb-142fc6e6ff8d"": ""71""}"
009bcee6-cb76-4c34-86e4-7638c69ba612,9eb3b9b2-5834-400b-8047-104722479874,3,3,"{""424e202a-41d1-4625-83cb-142fc6e6ff8d"": ""96""}"
009bcee6-cb76-4c34-86e4-7638c69ba612,9eb3b9b2-5834-400b-8047-104722479874,4,3,"{""424e202a-41d1-4625-83cb-142fc6e6ff8d"": ""68""}"
009bcee6-cb76-4c34-86e4-7638c69ba612,9eb3b9b2-5834-400b-8047-104722479874,5,3,"{""424e202a-41d1-4625-83cb-142fc6e6ff8d"": ""62""}"
009bcee6-cb76-4c34-86e4-7638c69ba612,9eb3b9b2-5834-400b-8047-104722479874,6,3,"{""424e202a-41d1-4625-83cb-142fc6e6ff8d"": ""83""}"
009bcee6-cb76-4c34-86e4-7638c69ba612,9eb3b9b2-5834-400b-8047-104722479874,7,3,"{""424e202a-41d1-4625-83cb-142fc6e6ff8d"": ""113""}"
009bcee6-cb76-4c34-86e4-7638c69ba612,9eb3b9b2-5834-400b-8047-104722479874,8,3,"{""424e202a-41d1-4625-83cb-142fc6e6ff8d"": ""95""}"
009bcee6-cb76-4c34-86e4-7638c69ba612,9eb3b9b2-5834-400b-8047-104722479874,9,3,"{""424e202a-41d1-4625-83cb-142fc6e6ff8d"": ""120""}"
009bcee6-cb76-4c34-86e4-7638c69ba612,9eb3b9b2-5834-400b-8047-104722479874,10,3,"{""424e202a-41d1-4625-83cb-142fc6e6ff8d"": ""89""}"
009bcee6-cb76-4c34-86e4-7638c69ba612,9eb3b9b2-5834-400b-8047-104722479874,11,3,"{""424e202a-41d1-4625-83cb-142fc6e6ff8d"": ""78""}"
009bcee6-cb76-4c34-86e4-7638c69ba612,9eb3b9b2-5834-400b-8047-104722479874,12,3,"{""424e202a-41d1-4625-83cb-142fc6e6ff8d"": ""82""}"
009bcee6-cb76-4c34-86e4-7638c69ba612,9eb3b9b2-5834-400b-8047-104722479874,13,3,"{""424e202a-41d1-4625-83cb-142fc6e6ff8d"": ""82""}"
009bcee6-cb76-4c34-86e4-7638c69ba612,9eb3b9b2-5834-400b-8047-104722479874,14,3,"{""424e202a-41d1-4625-83cb-142fc6e6ff8d"": ""53""}"
009bcee6-cb76-4c34-86e4-7638c69ba612,9eb3b9b2-5834-400b-8047-104722479874,15,3,"{""424e202a-41d1-4625-83cb-142fc6e6ff8d"": ""95""}"
009bcee6-cb76-4c34-86e4-7638c69ba612,9eb3b9b2-5834-400b-8047-104722479874,16,3,"{""424e202a-41d1-4625-83cb-142fc6e6ff8d"": ""101""}"
009bcee6-cb76-4c34-86e4-7638c69ba612,9eb3b9b2-5834-400b-8047-104722479874,17,3,"{""424e202a-41d1-4625-83cb-142fc6e6ff8d"": ""115""}"
009bcee6-cb76-4c34-86e4-7638c69ba612,9eb3b9b2-5834-400b-8047-104722479874,18,3,"{""424e202a-41d1-4625-83cb-142fc6e6ff8d"": ""89""}"
e4d8b64c-7c1d-4397-9775-84e36a028d18,a935a050-3dc8-45d0-b5b0-d02e24e4e7d4,1,4,"{""97082358-f731-41d6-8ada-eee9f30496cf"": ""340"", ""927e7b56-7641-48a1-9569-acb774681a01"": {""distance"": ""264"", ""par"": ""4""}}"
e4d8b64c-7c1d-4397-9775-84e36a028d18,a935a050-3dc8-45d0-b5b0-d02e24e4e7d4,2,3,"{""97082358-f731-41d6-8ada-eee9f30496cf"": ""135"", ""927e7b56-7641-48a1-9569-acb774681a01"": {""distance"": ""102"", ""par"": ""3""}}"
e4d8b64c-7c1d-4397-9775-84e36a028d18,a935a050-3dc8-45d0-b5b0-d02e24e4e7d4,3,5,"{""97082358-f731-41d6-8ada-eee9f30496cf"": ""468"", ""927e7b56-7641-48a1-9569-acb774681a01"": {""distance"": ""385"", ""par"": ""5""}}"
e4d8b64c-7c1d-4397-9775-84e36a028d18,a935a050-3dc8-45d0-b5b0-d02e24e4e7d4,4,4,"{""97082358-f731-41d6-8ada-eee9f30496cf"": ""419"", ""927e7b56-7641-48a1-9569-acb774681a01"": {""distance"": ""356"", ""par"": ""4""}}"
e4d8b64c-7c1d-4397-9775-84e36a028d18,a935a050-3dc8-45d0-b5b0-d02e24e4e7d4,5,4,"{""97082358-f731-41d6-8ada-eee9f30496cf"": ""392"", ""927e7b56-7641-48a1-9569-acb774681a01"": {""distance"": ""338"", ""par"": ""4""}}"
e4d8b64c-7c1d-4397-9775-84e36a028d18,a935a050-3dc8-45d0-b5b0-d02e24e4e7d4,6,4,"{""97082358-f731-41d6-8ada-eee9f30496cf"": ""376"", ""927e7b56-7641-48a1-9569-acb774681a01"": {""distance"": ""320"", ""par"": ""4""}}"
e4d8b64c-7c1d-4397-9775-84e36a028d18,a935a050-3dc8-45d0-b5b0-d02e24e4e7d4,7,4,"{""97082358-f731-41d6-8ada-eee9f30496cf"": ""378"", ""927e7b56-7641-48a1-9569-acb774681a01"": {""distance"": ""327"", ""par"": ""4""}}"
e4d8b64c-7c1d-4397-9775-84e36a028d18,a935a050-3dc8-45d0-b5b0-d02e24e4e7d4,8,3,"{""97082358-f731-41d6-8ada-eee9f30496cf"": ""169"", ""927e7b56-7641-48a1-9569-acb774681a01"": {""distance"": ""146"", ""par"": ""3""}}"
e4d8b64c-7c1d-4397-9775-84e36a028d18,a935a050-3dc8-45d0-b5b0-d02e24e4e7d4,9,5,"{""97082358-f731-41d6-8ada-eee9f30496cf"": ""506"", ""927e7b56-7641-48a1-9569-acb774681a01"": {""distance"": ""414"", ""par"": ""5""}}"
e4d8b64c-7c1d-4397-9775-84e36a028d18,a935a050-3dc8-45d0-b5b0-d02e24e4e7d4,10,3,"{""97082358-f731-41d6-8ada-eee9f30496cf"": ""141"", ""927e7b56-7641-48a1-9569-acb774681a01"": {""distance"": ""130"", ""par"": ""3""}}"
e4d8b64c-7c1d-4397-9775-84e36a028d18,a935a050-3dc8-45d0-b5b0-d02e24e4e7d4,11,3,"{""97082358-f731-41d6-8ada-eee9f30496cf"": ""135"", ""927e7b56-7641-48a1-9569-acb774681a01"": {""distance"": ""102"", ""par"": ""3""}}"
e4d8b64c-7c1d-4397-9775-84e36a028d18,a935a050-3dc8-45d0-b5b0-d02e24e4e7d4,12,5,"{""97082358-f731-41d6-8ada-eee9f30496cf"": ""468"", ""927e7b56-7641-48a1-9569-acb774681a01"": {""distance"": ""375"", ""par"": ""5""}}"
e4d8b64c-7c1d-4397-9775-84e36a028d18,a935a050-3dc8-45d0-b5b0-d02e24e4e7d4,13,5,"{""97082358-f731-41d6-8ada-eee9f30496cf"": ""434"", ""927e7b56-7641-48a1-9569-acb774681a01"": {""distance"": ""385"", ""par"": ""5""}}"
e4d8b64c-7c1d-4397-9775-84e36a028d18,a935a050-3dc8-45d0-b5b0-d02e24e4e7d4,14,4,"{""97082358-f731-41d6-8ada-eee9f30496cf"": ""392"", ""927e7b56-7641-48a1-9569-acb774681a01"": {""distance"": ""338"", ""par"": ""4""}}"
e4d8b64c-7c1d-4397-9775-84e36a028d18,a935a050-3dc8-45d0-b5b0-d02e24e4e7d4,15,4,"{""97082358-f731-41d6-8ada-eee9f30496cf"": ""339"", ""927e7b56-7641-48a1-9569-acb774681a01"": {""distance"": ""332"", ""par"": ""4""}}"
e4d8b64c-7c1d-4397-9775-84e36a028d18,a935a050-3dc8-45d0-b5b0-d02e24e4e7d4,16,4,"{""97082358-f731-41d6-8ada-eee9f30496cf"": ""378"", ""927e7b56-7641-48a1-9569-acb774681a01"": {""distance"": ""327"", ""par"": ""4""}}"
e4d8b64c-7c1d-4397-9775-84e36a028d18,a935a050-3dc8-45d0-b5b0-d02e24e4e7d4,17,3,"{""97082358-f731-41d6-8ada-eee9f30496cf"": ""169"", ""927e7b56-7641-48a1-9569-acb774681a01"": {""distance"": ""146"", ""par"": ""3""}}"
e4d8b64c-7c1d-4397-9775-84e36a028d18,a935a050-3dc8-45d0-b5b0-d02e24e4e7d4,18,5,"{""97082358-f731-41d6-8ada-eee9f30496cf"": ""502"", ""927e7b56-7641-48a1-9569-acb774681a01"": {""distance"": ""424"", ""par"": ""5""}}"
58980d5e-144c-4df3-b213-b4bd1153fd93,71217d53-ccb2-407e-a4b3-2d32c0a3e483,1,3,"{""e6857639-a7e1-48ec-b868-f4d2ae46ae7e"": ""32767""}"
58980d5e-144c-4df3-b213-b4bd1153fd93,71217d53-ccb2-407e-a4b3-2d32c0a3e483,2,3,"{""e6857639-a7e1-48ec-b868-f4d2ae46ae7e"": ""113""}"
58980d5e-144c-4df3-b213-b4bd1153fd93,71217d53-ccb2-407e-a4b3-2d32c0a3e483,3,3,"{""e6857639-a7e1-48ec-b868-f4d2ae46ae7e"": ""78""}"
58980d5e-144c-4df3-b213-b4bd1153fd93,71217d53-ccb2-407e-a4b3-2d32c0a3e483,4,3,"{""e6857639-a7e1-48ec-b868-f4d2ae46ae7e"": ""80""}"
58980d5e-144c-4df3-b213-b4bd1153fd93,71217d53-ccb2-407e-a4b3-2d32c0a3e483,5,3,"{""e6857639-a7e1-48ec-b868-f4d2ae46ae7e"": ""79""}"
58980d5e-144c-4df3-b213-b4bd1153fd93,71217d53-ccb2-407e-a4b3-2d32c0a3e483,6,3,"{""e6857639-a7e1-48ec-b868-f4d2ae46ae7e"": ""67""}"
58980d5e-144c-4df3-b213-b4bd1153fd93,71217d53-ccb2-407e-a4b3-2d32c0a3e483,7,3,"{""e6857639-a7e1-48ec-b868-f4d2ae46ae7e"": ""65""}"
58980d5e-144c-4df3-b213-b4bd1153fd93,71217d53-ccb2-407e-a4b3-2d32c0a3e483,8,3,"{""e6857639-a7e1-48ec-b868-f4d2ae46ae7e"": ""79""}"
58980d5e-144c-4df3-b213-b4bd1153fd93,71217d53-ccb2-407e-a4b3-2d32c0a3e483,9,3,"{""e6857639-a7e1-48ec-b868-f4d2ae46ae7e"": ""85""}"
58980d5e-144c-4df3-b213-b4bd1153fd93,71217d53-ccb2-407e-a4b3-2d32c0a3e483,10,3,"{""e6857639-a7e1-48ec-b868-f4d2ae46ae7e"": ""110""}"
58980d5e-144c-4df3-b213-b4bd1153fd93,71217d53-ccb2-407e-a4b3-2d32c0a3e483,11,3,"{""e6857639-a7e1-48ec-b868-f4d2ae46ae7e"": ""113""}"
58980d5e-144c-4df3-b213-b4bd1153fd93,71217d53-ccb2-407e-a4b3-2d32c0a3e483,12,3,"{""e6857639-a7e1-48ec-b868-f4d2ae46ae7e"": ""78""}"
58980d5e-144c-4df3-b213-b4bd1153fd93,71217d53-ccb2-407e-a4b3-2d32c0a3e483,13,3,"{""e6857639-a7e1-48ec-b868-f4d2ae46ae7e"": ""88""}"
58980d5e-144c-4df3-b213-b4bd1153fd93,71217d53-ccb2-407e-a4b3-2d32c0a3e483,14,3,"{""e6857639-a7e1-48ec-b868-f4d2ae46ae7e"": ""85""}"
58980d5e-144c-4df3-b213-b4bd1153fd93,71217d53-ccb2-407e-a4b3-2d32c0a3e483,15,3,"{""e6857639-a7e1-48ec-b868-f4d2ae46ae7e"": ""68""}"
58980d5e-144c-4df3-b213-b4bd1153fd93,71217d53-ccb2-407e-a4b3-2d32c0a3e483,16,3,"{""e6857639-a7e1-48ec-b868-f4d2ae46ae7e"": ""79""}"
58980d5e-144c-4df3-b213-b4bd1153fd93,71217d53-ccb2-407e-a4b3-2d32c0a3e483,17,3,"{""e6857639-a7e1-48ec-b868-f4d2ae46ae7e"": ""83""}"
58980d5e-144c-4df3-b213-b4bd1153fd93,71217d53-ccb2-407e-a4b3-2d32c0a3e483,18,3,"{""e6857639-a7e1-48ec-b868-f4d2ae46ae7e"": ""96""}"
7c4b2466-fe35-439d-bc08-3e661c71ff23,71217d53-ccb2-407e-a4b3-2d32c0a3e483,1,4,{}
7c4b2466-fe35-439d-bc08-3e661c71ff23,71217d53-ccb2-407e-a4b3-2d32c0a3e483,2,4,{}
7c4b2466-fe35-439d-bc08-3e661c71ff23,71217d53-ccb2-407e-a4b3-2d32c0a3e483,3,4,{}
7c4b2466-fe35-439d-bc08-3e661c71ff23,71217d53-ccb2-407e-a4b3-2d32c0a3e483,4,4,{}
7c4b2466-fe35-439d-bc08-3e661c71ff23,71217d53-ccb2-407e-a4b3-2d32c0a3e483,5,4,{}
7c4b2466-fe35-439d-bc08-3e661c71ff23,71217d53-ccb2-407e-a4b3-2d32c0a3e483,6,4,{}
7c4b2466-fe35-439d-bc08-3e661c71ff23,71217d53-ccb2-407e-a4b3-2d32c0a3e483,7,4,{}
7c4b2466-fe35-439d-bc08-3e661c71ff23,71217d53-ccb2-407e-a4b3-2d32c0a3e483,8,4,{}
7c4b2466-fe35-439d-bc08-3e661c71ff23,71217d53-ccb2-407e-a4b3-2d32c0a3e483,9,4,{}
7c4b2466-fe35-439d-bc08-3e661c71ff23,71217d53-ccb2-407e-a4b3-2d32c0a3e483,10,4,{}
7c4b2466-fe35-439d-bc08-3e661c71ff23,71217d53-ccb2-407e-a4b3-2d32c0a3e483,11,4,{}
7c4b2466-fe35-439d-bc08-3e661c71ff23,71217d53-ccb2-407e-a4b3-2d32c0a3e483,12,4,{}
7c4b2466-fe35-439d-bc08-3e661c71ff23,71217d53-ccb2-407e-a4b3-2d32c0a3e483,13,4,{}
7c4b2466-fe35-439d-bc08-3e661c71ff23,71217d53-ccb2-407e-a4b3-2d32c0a3e483,14,4,{}
7c4b2466-fe35-439d-bc08-3e661c71ff23,71217d53-ccb2-407e-a4b3-2d32c0a3e483,15,4,{}
7c4b2466-fe35-439d-bc08-3e661c71ff23,71217d53-ccb2-407e-a4b3-2d32c0a3e483,16,4,{}
7c4b2466-fe35-439d-bc08-3e661c71ff23,71217d53-ccb2-407e-a4b3-2d32c0a3e483,17,4,{}
7c4b2466-fe35-439d-bc08-3e661c71ff23,71217d53-ccb2-407e-a4b3-2d32c0a3e483,18,4,{}
77418f2c-32ab-41ed-94a5-757cb676171d,02fef473-d6e1-4a09-81a7-0840454f6969,1,5,"{""a002e595-5830-4365-ba9d-e002fda8d594"": ""476"", ""95cbbb2d-ef57-45bf-838f-4d5237ab14b5"": ""390""}"
77418f2c-32ab-41ed-94a5-757cb676171d,02fef473-d6e1-4a09-81a7-0840454f6969,2,4,"{""a002e595-5830-4365-ba9d-e002fda8d594"": ""351"", ""95cbbb2d-ef57-45bf-838f-4d5237ab14b5"": ""286""}"
77418f2c-32ab-41ed-94a5-757cb676171d,02fef473-d6e1-4a09-81a7-0840454f6969,3,3,"{""a002e595-5830-4365-ba9d-e002fda8d594"": ""159"", ""95cbbb2d-ef57-45bf-838f-4d5237ab14b5"": ""123""}"
77418f2c-32ab-41ed-94a5-757cb676171d,02fef473-d6e1-4a09-81a7-0840454f6969,4,4,"{""a002e595-5830-4365-ba9d-e002fda8d594"": ""363"", ""95cbbb2d-ef57-45bf-838f-4d5237ab14b5"": ""295""}"
77418f2c-32ab-41ed-94a5-757cb676171d,02fef473-d6e1-4a09-81a7-0840454f6969,5,5,"{""a002e595-5830-4365-ba9d-e002fda8d594"": ""448"", ""95cbbb2d-ef57-45bf-838f-4d5237ab14b5"": ""391""}"
77418f2c-32ab-41ed-94a5-757cb676171d,02fef473-d6e1-4a09-81a7-0840454f6969,6,4,"{""a002e595-5830-4365-ba9d-e002fda8d594"": ""319"", ""95cbbb2d-ef57-45bf-838f-4d5237ab14b5"": ""274""}"
77418f2c-32ab-41ed-94a5-757cb676171d,02fef473-d6e1-4a09-81a7-0840454f6969,7,4,"{""a002e595-5830-4365-ba9d-e002fda8d594"": ""326"", ""95cbbb2d-ef57-45bf-838f-4d5237ab14b5"": ""276""}"
77418f2c-32ab-41ed-94a5-757cb676171d,02fef473-d6e1-4a09-81a7-0840454f6969,8,4,"{""a002e595-5830-4365-ba9d-e002fda8d594"": ""358"", ""95cbbb2d-ef57-45bf-838f-4d5237ab14b5"": ""306""}"
77418f2c-32ab-41ed-94a5-757cb676171d,02fef473-d6e1-4a09-81a7-0840454f6969,9,3,"{""a002e595-5830-4365-ba9d-e002fda8d594"": ""154"", ""95cbbb2d-ef57-45bf-838f-4d5237ab14b5"": ""120""}"
77418f2c-32ab-41ed-94a5-757cb676171d,02fef473-d6e1-4a09-81a7-0840454f6969,10,5,"{""a002e595-5830-4365-ba9d-e002fda8d594"": ""451"", ""95cbbb2d-ef57-45bf-838f-4d5237ab14b5"": ""380""}"
77418f2c-32ab-41ed-94a5-757cb676171d,02fef473-d6e1-4a09-81a7-0840454f6969,11,4,"{""a002e595-5830-4365-ba9d-e002fda8d594"": ""356"", ""95cbbb2d-ef57-45bf-838f-4d5237ab14b5"": ""309""}"
77418f2c-32ab-41ed-94a5-757cb676171d,02fef473-d6e1-4a09-81a7-0840454f6969,12,4,"{""a002e595-5830-4365-ba9d-e002fda8d594"": ""362"", ""95cbbb2d-ef57-45bf-838f-4d5237ab14b5"": ""294""}"
77418f2c-32ab-41ed-94a5-757cb676171d,02fef473-d6e1-4a09-81a7-0840454f6969,13,4,"{""a002e595-5830-4365-ba9d-e002fda8d594"": ""302"", ""95cbbb2d-ef57-45bf-838f-4d5237ab14b5"": ""256""}"
77418f2c-32ab-41ed-94a5-757cb676171d,02fef473-d6e1-4a09-81a7-0840454f6969,14,3,"{""a002e595-5830-4365-ba9d-e002fda8d594"": ""170"", ""95cbbb2d-ef57-45bf-838f-4d5237ab14b5"": ""127""}"
77418f2c-32ab-41ed-94a5-757cb676171d,02fef473-d6e1-4a09-81a7-0840454f6969,15,4,"{""a002e595-5830-4365-ba9d-e002fda8d594"": ""362"", ""95cbbb2d-ef57-45bf-838f-4d5237ab14b5"": ""305""}"
77418f2c-32ab-41ed-94a5-757cb676171d,02fef473-d6e1-4a09-81a7-0840454f6969,16,5,"{""a002e595-5830-4365-ba9d-e002fda8d594"": ""454"", ""95cbbb2d-ef57-45bf-838f-4d5237ab14b5"": ""378""}"
77418f2c-32ab-41ed-94a5-757cb676171d,02fef473-d6e1-4a09-81a7-0840454f6969,17,3,"{""a002e595-5830-4365-ba9d-e002fda8d594"": ""155"", ""95cbbb2d-ef57-45bf-838f-4d5237ab14b5"": ""110""}"
77418f2c-32ab-41ed-94a5-757cb676171d,02fef473-d6e1-4a09-81a7-0840454f6969,18,4,"{""a002e595-5830-4365-ba9d-e002fda8d594"": ""358"", ""95cbbb2d-ef57-45bf-838f-4d5237ab14b5"": ""295""}"
28b3c4c7-b647-4faf-9b5c-fecfb34ec9d8,0ccf7261-9d16-4543-8fd4-f7c05eebc7c9,1,4,"{""7e038f04-84c7-48f5-8e6d-19ecb28698e1"": ""325"", ""254aecda-c01f-4ccb-bd80-b9daf5033a0a"": ""274"", ""f030fe59-1977-4be6-ad1e-1022a3ef0ac5"": {""distance"": ""293"", ""par"": ""4""}}"
28b3c4c7-b647-4faf-9b5c-fecfb34ec9d8,0ccf7261-9d16-4543-8fd4-f7c05eebc7c9,2,5,"{""7e038f04-84c7-48f5-8e6d-19ecb28698e1"": ""524"", ""254aecda-c01f-4ccb-bd80-b9daf5033a0a"": ""447"", ""f030fe59-1977-4be6-ad1e-1022a3ef0ac5"": {""distance"": ""502"", ""par"": ""5""}}"
28b3c4c7-b647-4faf-9b5c-fecfb34ec9d8,0ccf7261-9d16-4543-8fd4-f7c05eebc7c9,3,4,"{""7e038f04-84c7-48f5-8e6d-19ecb28698e1"": ""388"", ""254aecda-c01f-4ccb-bd80-b9daf5033a0a"": ""351"", ""f030fe59-1977-4be6-ad1e-1022a3ef0ac5"": {""distance"": ""375"", ""par"": ""4""}}"
28b3c4c7-b647-4faf-9b5c-fecfb34ec9d8,0ccf7261-9d16-4543-8fd4-f7c05eebc7c9,4,3,"{""7e038f04-84c7-48f5-8e6d-19ecb28698e1"": ""140"", ""254aecda-c01f-4ccb-bd80-b9daf5033a0a"": ""123"", ""f030fe59-1977-4be6-ad1e-1022a3ef0ac5"": {""distance"": ""133"", ""par"": ""3""}}"
28b3c4c7-b647-4faf-9b5c-fecfb34ec9d8,0ccf7261-9d16-4543-8fd4-f7c05eebc7c9,5,4,"{""7e038f04-84c7-48f5-8e6d-19ecb28698e1"": ""318"", ""254aecda-c01f-4ccb-bd80-b9daf5033a0a"": ""296"", ""f030fe59-1977-4be6-ad1e-1022a3ef0ac5"": {""distance"": ""313"", ""par"": ""4""}}"
28b3c4c7-b647-4faf-9b5c-fecfb34ec9d8,0ccf7261-9d16-4543-8fd4-f7c05eebc7c9,6,3,"{""7e038f04-84c7-48f5-8e6d-19ecb28698e1"": ""174"", ""254aecda-c01f-4ccb-bd80-b9daf5033a0a"": ""143"", ""f030fe59-1977-4be6-ad1e-1022a3ef0ac5"": {""distance"": ""166"", ""par"": ""3""}}"
28b3c4c7-b647-4faf-9b5c-fecfb34ec9d8,0ccf7261-9d16-4543-8fd4-f7c05eebc7c9,7,4,"{""7e038f04-84c7-48f5-8e6d-19ecb28698e1"": ""301"", ""254aecda-c01f-4ccb-bd80-b9daf5033a0a"": ""274"", ""f030fe59-1977-4be6-ad1e-1022a3ef0ac5"": {""distance"": ""291"", ""par"": ""4""}}"
28b3c4c7-b647-4faf-9b5c-fecfb34ec9d8,0ccf7261-9d16-4543-8fd4-f7c05eebc7c9,8,3,"{""7e038f04-84c7-48f5-8e6d-19ecb28698e1"": ""130"", ""254aecda-c01f-4ccb-bd80-b9daf5033a0a"": ""112"", ""f030fe59-1977-4be6-ad1e-1022a3ef0ac5"": {""distance"": ""124"", ""par"": ""3""}}"
28b3c4c7-b647-4faf-9b5c-fecfb34ec9d8,0ccf7261-9d16-4543-8fd4-f7c05eebc7c9,9,5,"{""7e038f04-84c7-48f5-8e6d-19ecb28698e1"": ""567"", ""254aecda-c01f-4ccb-bd80-b9daf5033a0a"": ""532"", ""f030fe59-1977-4be6-ad1e-1022a3ef0ac5"": {""distance"": ""555"", ""par"": ""5""}}"
73722f06-f983-49fc-b38a-c0df99347671,f515b5a3-c2fe-4400-bf45-5d667bc41340,1,4,"{""1b6336b5-45d8-4338-8dc9-88d5c575e8b1"": ""337"", ""02000069-3f7b-414a-9834-57d78fd0304c"": ""319"", ""e73a2f6d-3d2f-4484-b900-95c03e219747"": ""304"", ""8268177e-e295-4141-a247-e903738f0259"": {""distance"": ""276"", ""par"": ""4""}}"
73722f06-f983-49fc-b38a-c0df99347671,f515b5a3-c2fe-4400-bf45-5d667bc41340,2,3,"{""1b6336b5-45d8-4338-8dc9-88d5c575e8b1"": ""174"", ""02000069-3f7b-414a-9834-57d78fd0304c"": ""160"", ""e73a2f6d-3d2f-4484-b900-95c03e219747"": ""143"", ""8268177e-e295-4141-a247-e903738f0259"": {""distance"": ""92"", ""par"": ""3""}}"
73722f06-f983-49fc-b38a-c0df99347671,f515b5a3-c2fe-4400-bf45-5d667bc41340,3,5,"{""1b6336b5-45d8-4338-8dc9-88d5c575e8b1"": ""477"", ""02000069-3f7b-414a-9834-57d78fd0304c"": ""464"", ""e73a2f6d-3d2f-4484-b900-95c03e219747"": ""457"", ""8268177e-e295-4141-a247-e903738f0259"": {""distance"": ""445"", ""par"": ""5""}}"
73722f06-f983-49fc-b38a-c0df99347671,f515b5a3-c2fe-4400-bf45-5d667bc41340,4,3,"{""1b6336b5-45d8-4338-8dc9-88d5c575e8b1"": ""198"", ""02000069-3f7b-414a-9834-57d78fd0304c"": ""185"", ""e73a2f6d-3d2f-4484-b900-95c03e219747"": ""168"", ""8268177e-e295-4141-a247-e903738f0259"": {""distance"": ""157"", ""par"": ""3""}}"
73722f06-f983-49fc-b38a-c0df99347671,f515b5a3-c2fe-4400-bf45-5d667bc41340,5,4,"{""1b6336b5-45d8-4338-8dc9-88d5c575e8b1"": ""322"", ""02000069-3f7b-414a-9834-57d78fd0304c"": ""314"", ""e73a2f6d-3d2f-4484-b900-95c03e219747"": ""255"", ""8268177e-e295-4141-a247-e903738f0259"": {""distance"": ""240"", ""par"": ""4""}}"
73722f06-f983-49fc-b38a-c0df99347671,f515b5a3-c2fe-4400-bf45-5d667bc41340,6,5,"{""1b6336b5-45d8-4338-8dc9-88d5c575e8b1"": ""493"", ""02000069-3f7b-414a-9834-57d78fd0304c"": ""446"", ""e73a2f6d-3d2f-4484-b900-95c03e219747"": ""426"", ""8268177e-e295-4141-a247-e903738f0259"": {""distance"": ""416"", ""par"": ""5""}}"
73722f06-f983-49fc-b38a-c0df99347671,f515b5a3-c2fe-4400-bf45-5d667bc41340,7,5,"{""1b6336b5-45d8-4338-8dc9-88d5c575e8b1"": ""459"", ""02000069-3f7b-414a-9834-57d78fd0304c"": ""451"", ""e73a2f6d-3d2f-4484-b900-95c03e219747"": ""443"", ""8268177e-e295-4141-a247-e903738f0259"": {""distance"": ""374"", ""par"": ""5""}}"
73722f06-f983-49fc-b38a-c0df99347671,f515b5a3-c2fe-4400-bf45-5d667bc41340,8,4,"{""1b6336b5-45d8-4338-8dc9-88d5c575e8b1"": ""320"", ""02000069-3f7b-414a-9834-57d78fd0304c"": ""307"", ""e73a2f6d-3d2f-4484-b900-95c03e219747"": ""295"", ""8268177e-e295-4141-a247-e903738f0259"": {""distance"": ""234"", ""par"": ""4""}}"
73722f06-f983-49fc-b38a-c0df99347671,f515b5a3-c2fe-4400-bf45-5d667bc41340,9,4,"{""1b6336b5-45d8-4338-8dc9-88d5c575e8b1"": ""321"", ""02000069-3f7b-414a-9834-57d78fd0304c"": ""315"", ""e73a2f6d-3d2f-4484-b900-95c03e219747"": ""300"", ""8268177e-e295-4141-a247-e903738f0259"": {""distance"": ""293"", ""par"": ""4""}}"
73722f06-f983-49fc-b38a-c0df99347671,f515b5a3-c2fe-4400-bf45-5d667bc41340,10,3,"{""1b6336b5-45d8-4338-8dc9-88d5c575e8b1"": ""162"", ""02000069-3f7b-414a-9834-57d78fd0304c"": ""149"", ""e73a2f6d-3d2f-4484-b900-95c03e219747"": ""132"", ""8268177e-e295-4141-a247-e903738f0259"": {""distance"": ""119"", ""par"": ""3""}}"
73722f06-f983-49fc-b38a-c0df99347671,f515b5a3-c2fe-4400-bf45-5d667bc41340,11,5,"{""1b6336b5-45d8-4338-8dc9-88d5c575e8b1"": ""443"", ""02000069-3f7b-414a-9834-57d78fd0304c"": ""435"", ""e73a2f6d-3d2f-4484-b900-95c03e219747"": ""419"", ""8268177e-e295-4141-a247-e903738f0259"": {""distance"": ""407"", ""par"": ""5""}}"
73722f06-f983-49fc-b38a-c0df99347671,f515b5a3-c2fe-4400-bf45-5d667bc41340,12,4,"{""1b6336b5-45d8-4338-8dc9-88d5c575e8b1"": ""302"", ""02000069-3f7b-414a-9834-57d78fd0304c"": ""288"", ""e73a2f6d-3d2f-4484-b900-95c03e219747"": ""262"", ""8268177e-e295-4141-a247-e903738f0259"": {""distance"": ""242"", ""par"": ""4""}}"
73722f06-f983-49fc-b38a-c0df99347671,f515b5a3-c2fe-4400-bf45-5d667bc41340,13,5,"{""1b6336b5-45d8-4338-8dc9-88d5c575e8b1"": ""450"", ""02000069-3f7b-414a-9834-57d78fd0304c"": ""435"", ""e73a2f6d-3d2f-4484-b900-95c03e219747"": ""406"", ""8268177e-e295-4141-a247-e903738f0259"": {""distance"": ""368"", ""par"": ""5""}}"
73722f06-f983-49fc-b38a-c0df99347671,f515b5a3-c2fe-4400-bf45-5d667bc41340,14,3,"{""1b6336b5-45d8-4338-8dc9-88d5c575e8b1"": ""163"", ""02000069-3f7b-414a-9834-57d78fd0304c"": ""155"", ""e73a2f6d-3d2f-4484-b900-95c03e219747"": ""142"", ""8268177e-e295-4141-a247-e903738f0259"": {""distance"": ""113"", ""par"": ""3""}}"
73722f06-f983-49fc-b38a-c0df99347671,f515b5a3-c2fe-4400-bf45-5d667bc41340,15,4,"{""1b6336b5-45d8-4338-8dc9-88d5c575e8b1"": ""287"", ""02000069-3f7b-414a-9834-57d78fd0304c"": ""275"", ""e73a2f6d-3d2f-4484-b900-95c03e219747"": ""248"", ""8268177e-e295-4141-a247-e903738f0259"": {""distance"": ""230"", ""par"": ""4""}}"
73722f06-f983-49fc-b38a-c0df99347671,f515b5a3-c2fe-4400-bf45-5d667bc41340,16,3,"{""1b6336b5-45d8-4338-8dc9-88d5c575e8b1"": ""105"", ""02000069-3f7b-414a-9834-57d78fd0304c"": ""98"", ""e73a2f6d-3d2f-4484-b900-95c03e219747"": ""85"", ""8268177e-e295-4141-a247-e903738f0259"": {""distance"": ""78"", ""par"": ""3""}}"
73722f06-f983-49fc-b38a-c0df99347671,f515b5a3-c2fe-4400-bf45-5d667bc41340,17,5,"{""1b6336b5-45d8-4338-8dc9-88d5c575e8b1"": ""460"", ""02000069-3f7b-414a-9834-57d78fd0304c"": ""444"", ""e73a2f6d-3d2f-4484-b900-95c03e219747"": ""424"", ""8268177e-e295-4141-a247-e903738f0259"": {""distance"": ""397"", ""par"": ""5""}}"
73722f06-f983-49fc-b38a-c0df99347671,f515b5a3-c2fe-4400-bf45-5d667bc41340,18,3,"{""1b6336b5-45d8-4338-8dc9-88d5c575e8b1"": ""176"", ""02000069-3f7b-414a-9834-57d78fd0304c"": ""162"", ""e73a2f6d-3d2f-4484-b900-95c03e219747"": ""140"", ""8268177e-e295-4141-a247-e903738f0259"": {""distance"": ""113"", ""par"": ""3""}}"
69dcbdde-b91c-4b5f-ac79-c3cbd7fc8301,b96ec758-a67a-4ef0-b2ca-c3e9c8822ce1,1,3,"{""d4bf4f9d-b2d7-4aa3-9f6e-0dba2c443f48"": ""172"", ""81bac1dc-2262-45e7-9a84-786a43234750"": {""distance"": ""153"", ""par"": ""3""}}"
69dcbdde-b91c-4b5f-ac79-c3cbd7fc8301,b96ec758-a67a-4ef0-b2ca-c3e9c8822ce1,2,3,"{""d4bf4f9d-b2d7-4aa3-9f6e-0dba2c443f48"": ""121"", ""81bac1dc-2262-45e7-9a84-786a43234750"": {""distance"": ""100"", ""par"": ""3""}}"
69dcbdde-b91c-4b5f-ac79-c3cbd7fc8301,b96ec758-a67a-4ef0-b2ca-c3e9c8822ce1,3,4,"{""d4bf4f9d-b2d7-4aa3-9f6e-0dba2c443f48"": ""231"", ""81bac1dc-2262-45e7-9a84-786a43234750"": {""distance"": ""202"", ""par"": ""4""}}"
69dcbdde-b91c-4b5f-ac79-c3cbd7fc8301,b96ec758-a67a-4ef0-b2ca-c3e9c8822ce1,4,3,"{""d4bf4f9d-b2d7-4aa3-9f6e-0dba2c443f48"": ""127"", ""81bac1dc-2262-45e7-9a84-786a43234750"": {""distance"": ""110"", ""par"": ""3""}}"
69dcbdde-b91c-4b5f-ac79-c3cbd7fc8301,b96ec758-a67a-4ef0-b2ca-c3e9c8822ce1,5,3,"{""d4bf4f9d-b2d7-4aa3-9f6e-0dba2c443f48"": ""143"", ""81bac1dc-2262-45e7-9a84-786a43234750"": {""distance"": ""128"", ""par"": ""3""}}"
69dcbdde-b91c-4b5f-ac79-c3cbd7fc8301,b96ec758-a67a-4ef0-b2ca-c3e9c8822ce1,6,4,"{""d4bf4f9d-b2d7-4aa3-9f6e-0dba2c443f48"": ""234"", ""81bac1dc-2262-45e7-9a84-786a43234750"": {""distance"": ""196"", ""par"": ""4""}}"
69dcbdde-b91c-4b5f-ac79-c3cbd7fc8301,b96ec758-a67a-4ef0-b2ca-c3e9c8822ce1,7,4,"{""d4bf4f9d-b2d7-4aa3-9f6e-0dba2c443f48"": ""333"", ""81bac1dc-2262-45e7-9a84-786a43234750"": {""distance"": ""306"", ""par"": ""4""}}"
69dcbdde-b91c-4b5f-ac79-c3cbd7fc8301,b96ec758-a67a-4ef0-b2ca-c3e9c8822ce1,8,3,"{""d4bf4f9d-b2d7-4aa3-9f6e-0dba2c443f48"": ""183"", ""81bac1dc-2262-45e7-9a84-786a43234750"": {""distance"": ""172"", ""par"": ""3""}}"
69dcbdde-b91c-4b5f-ac79-c3cbd7fc8301,b96ec758-a67a-4ef0-b2ca-c3e9c8822ce1,9,4,"{""d4bf4f9d-b2d7-4aa3-9f6e-0dba2c443f48"": ""321"", ""81bac1dc-2262-45e7-9a84-786a43234750"": {""distance"": ""277"", ""par"": ""4""}}"
69dcbdde-b91c-4b5f-ac79-c3cbd7fc8301,b96ec758-a67a-4ef0-b2ca-c3e9c8822ce1,10,3,"{""d4bf4f9d-b2d7-4aa3-9f6e-0dba2c443f48"": ""172"", ""81bac1dc-2262-45e7-9a84-786a43234750"": {""distance"": ""153"", ""par"": ""3""}}"
69dcbdde-b91c-4b5f-ac79-c3cbd7fc8301,b96ec758-a67a-4ef0-b2ca-c3e9c8822ce1,11,3,"{""d4bf4f9d-b2d7-4aa3-9f6e-0dba2c443f48"": ""121"", ""81bac1dc-2262-45e7-9a84-786a43234750"": {""distance"": ""100"", ""par"": ""3""}}"
69dcbdde-b91c-4b5f-ac79-c3cbd7fc8301,b96ec758-a67a-4ef0-b2ca-c3e9c8822ce1,12,4,"{""d4bf4f9d-b2d7-4aa3-9f6e-0dba2c443f48"": ""231"", ""81bac1dc-2262-45e7-9a84-786a43234750"": {""distance"": ""202"", ""par"": ""4""}}"
69dcbdde-b91c-4b5f-ac79-c3cbd7fc8301,b96ec758-a67a-4ef0-b2ca-c3e9c8822ce1,13,3,"{""d4bf4f9d-b2d7-4aa3-9f6e-0dba2c443f48"": ""127"", ""81bac1dc-2262-45e7-9a84-786a43234750"": {""distance"": ""110"", ""par"": ""3""}}"
69dcbdde-b91c-4b5f-ac79-c3cbd7fc8301,b96ec758-a67a-4ef0-b2ca-c3e9c8822ce1,14,3,"{""d4bf4f9d-b2d7-4aa3-9f6e-0dba2c443f48"": ""143"", ""81bac1dc-2262-45e7-9a84-786a43234750"": {""distance"": ""128"", ""par"": ""3""}}"
69dcbdde-b91c-4b5f-ac79-c3cbd7fc8301,b96ec758-a67a-4ef0-b2ca-c3e9c8822ce1,15,4,"{""d4bf4f9d-b2d7-4aa3-9f6e-0dba2c443f48"": ""234"", ""81bac1dc-2262-45e7-9a84-786a43234750"": {""distance"": ""196"", ""par"": ""4""}}"
69dcbdde-b91c-4b5f-ac79-c3cbd7fc8301,b96ec758-a67a-4ef0-b2ca-c3e9c8822ce1,16,4,"{""d4bf4f9d-b2d7-4aa3-9f6e-0dba2c443f48"": ""333"", ""81bac1dc-2262-45e7-9a84-786a43234750"": {""distance"": ""306"", ""par"": ""4""}}"
69dcbdde-b91c-4b5f-ac79-c3cbd7fc8301,b96ec758-a67a-4ef0-b2ca-c3e9c8822ce1,17,3,"{""d4bf4f9d-b2d7-4aa3-9f6e-0dba2c443f48"": ""183"", ""81bac1dc-2262-45e7-9a84-786a43234750"": {""distance"": ""172"", ""par"": ""3""}}"
69dcbdde-b91c-4b5f-ac79-c3cbd7fc8301,b96ec758-a67a-4ef0-b2ca-c3e9c8822ce1,18,4,"{""d4bf4f9d-b2d7-4aa3-9f6e-0dba2c443f48"": ""321"", ""81bac1dc-2262-45e7-9a84-786a43234750"": {""distance"": ""277"", ""par"": ""4""}}"
51ca2f1e-515c-4546-8027-edac08b48962,71c0700f-99b1-4486-88a3-8169888e74f6,1,5,"{""dc0226fe-d2e3-4057-a24f-ed65bf5ea9f5"": ""461"", ""15174b86-aa73-401e-95c5-f4726f4fa890"": {""distance"": ""409"", ""par"": ""5""}}"
51ca2f1e-515c-4546-8027-edac08b48962,71c0700f-99b1-4486-88a3-8169888e74f6,2,4,"{""dc0226fe-d2e3-4057-a24f-ed65bf5ea9f5"": ""310"", ""15174b86-aa73-401e-95c5-f4726f4fa890"": {""distance"": ""265"", ""par"": ""4""}}"
51ca2f1e-515c-4546-8027-edac08b48962,71c0700f-99b1-4486-88a3-8169888e74f6,3,4,"{""dc0226fe-d2e3-4057-a24f-ed65bf5ea9f5"": ""357"", ""15174b86-aa73-401e-95c5-f4726f4fa890"": {""distance"": ""316"", ""par"": ""4""}}"
51ca2f1e-515c-4546-8027-edac08b48962,71c0700f-99b1-4486-88a3-8169888e74f6,4,4,"{""dc0226fe-d2e3-4057-a24f-ed65bf5ea9f5"": ""327"", ""15174b86-aa73-401e-95c5-f4726f4fa890"": {""distance"": ""276"", ""par"": ""4""}}"
51ca2f1e-515c-4546-8027-edac08b48962,71c0700f-99b1-4486-88a3-8169888e74f6,5,5,"{""dc0226fe-d2e3-4057-a24f-ed65bf5ea9f5"": ""512"", ""15174b86-aa73-401e-95c5-f4726f4fa890"": {""distance"": ""457"", ""par"": ""5""}}"
51ca2f1e-515c-4546-8027-edac08b48962,71c0700f-99b1-4486-88a3-8169888e74f6,6,4,"{""dc0226fe-d2e3-4057-a24f-ed65bf5ea9f5"": ""324"", ""15174b86-aa73-401e-95c5-f4726f4fa890"": {""distance"": ""276"", ""par"": ""4""}}"
51ca2f1e-515c-4546-8027-edac08b48962,71c0700f-99b1-4486-88a3-8169888e74f6,7,3,"{""dc0226fe-d2e3-4057-a24f-ed65bf5ea9f5"": ""127"", ""15174b86-aa73-401e-95c5-f4726f4fa890"": {""distance"": ""95"", ""par"": ""3""}}"
51ca2f1e-515c-4546-8027-edac08b48962,71c0700f-99b1-4486-88a3-8169888e74f6,8,4,"{""dc0226fe-d2e3-4057-a24f-ed65bf5ea9f5"": ""380"", ""15174b86-aa73-401e-95c5-f4726f4fa890"": {""distance"": ""338"", ""par"": ""4""}}"
51ca2f1e-515c-4546-8027-edac08b48962,71c0700f-99b1-4486-88a3-8169888e74f6,9,3,"{""dc0226fe-d2e3-4057-a24f-ed65bf5ea9f5"": ""154"", ""15174b86-aa73-401e-95c5-f4726f4fa890"": {""distance"": ""122"", ""par"": ""3""}}"
51ca2f1e-515c-4546-8027-edac08b48962,71c0700f-99b1-4486-88a3-8169888e74f6,10,5,"{""dc0226fe-d2e3-4057-a24f-ed65bf5ea9f5"": ""434"", ""15174b86-aa73-401e-95c5-f4726f4fa890"": {""distance"": ""403"", ""par"": ""5""}}"
51ca2f1e-515c-4546-8027-edac08b48962,71c0700f-99b1-4486-88a3-8169888e74f6,11,4,"{""dc0226fe-d2e3-4057-a24f-ed65bf5ea9f5"": ""325"", ""15174b86-aa73-401e-95c5-f4726f4fa890"": {""distance"": ""279"", ""par"": ""4""}}"
51ca2f1e-515c-4546-8027-edac08b48962,71c0700f-99b1-4486-88a3-8169888e74f6,12,4,"{""dc0226fe-d2e3-4057-a24f-ed65bf5ea9f5"": ""335"", ""15174b86-aa73-401e-95c5-f4726f4fa890"": {""distance"": ""297"", ""par"": ""4""}}"
51ca2f1e-515c-4546-8027-edac08b48962,71c0700f-99b1-4486-88a3-8169888e74f6,13,4,"{""dc0226fe-d2e3-4057-a24f-ed65bf5ea9f5"": ""344"", ""15174b86-aa73-401e-95c5-f4726f4fa890"": {""distance"": ""288"", ""par"": ""4""}}"
51ca2f1e-515c-4546-8027-edac08b48962,71c0700f-99b1-4486-88a3-8169888e74f6,14,5,"{""dc0226fe-d2e3-4057-a24f-ed65bf5ea9f5"": ""481"", ""15174b86-aa73-401e-95c5-f4726f4fa890"": {""distance"": ""440"", ""par"": ""5""}}"
51ca2f1e-515c-4546-8027-edac08b48962,71c0700f-99b1-4486-88a3-8169888e74f6,15,4,"{""dc0226fe-d2e3-4057-a24f-ed65bf5ea9f5"": ""345"", ""15174b86-aa73-401e-95c5-f4726f4fa890"": {""distance"": ""298"", ""par"": ""4""}}"
51ca2f1e-515c-4546-8027-edac08b48962,71c0700f-99b1-4486-88a3-8169888e74f6,16,3,"{""dc0226fe-d2e3-4057-a24f-ed65bf5ea9f5"": ""115"", ""15174b86-aa73-401e-95c5-f4726f4fa890"": {""distance"": ""87"", ""par"": ""3""}}"
51ca2f1e-515c-4546-8027-edac08b48962,71c0700f-99b1-4486-88a3-8169888e74f6,17,4,"{""dc0226fe-d2e3-4057-a24f-ed65bf5ea9f5"": ""399"", ""15174b86-aa73-401e-95c5-f4726f4fa890"": {""distance"": ""353"", ""par"": ""4""}}"
51ca2f1e-515c-4546-8027-edac08b48962,71c0700f-99b1-4486-88a3-8169888e74f6,18,3,"{""dc0226fe-d2e3-4057-a24f-ed65bf5ea9f5"": ""142"", ""15174b86-aa73-401e-95c5-f4726f4fa890"": {""distance"": ""93"", ""par"": ""3""}}"
a092bfd7-820b-4751-8a35-baa8693188b9,1f76c12d-e091-4d4a-bab5-9816a2ad6f1a,1,5,"{""6a75e54f-100e-4260-891e-fc7ef7c351c0"": ""498""}"
a092bfd7-820b-4751-8a35-baa8693188b9,1f76c12d-e091-4d4a-bab5-9816a2ad6f1a,2,3,"{""6a75e54f-100e-4260-891e-fc7ef7c351c0"": ""178""}"
a092bfd7-820b-4751-8a35-baa8693188b9,1f76c12d-e091-4d4a-bab5-9816a2ad6f1a,3,4,"{""6a75e54f-100e-4260-891e-fc7ef7c351c0"": ""384""}"
a092bfd7-820b-4751-8a35-baa8693188b9,1f76c12d-e091-4d4a-bab5-9816a2ad6f1a,4,4,"{""6a75e54f-100e-4260-891e-fc7ef7c351c0"": ""362""}"
a092bfd7-820b-4751-8a35-baa8693188b9,1f76c12d-e091-4d4a-bab5-9816a2ad6f1a,5,4,"{""6a75e54f-100e-4260-891e-fc7ef7c351c0"": ""293""}"
a092bfd7-820b-4751-8a35-baa8693188b9,1f76c12d-e091-4d4a-bab5-9816a2ad6f1a,6,3,"{""6a75e54f-100e-4260-891e-fc7ef7c351c0"": ""172""}"
a092bfd7-820b-4751-8a35-baa8693188b9,1f76c12d-e091-4d4a-bab5-9816a2ad6f1a,7,4,"{""6a75e54f-100e-4260-891e-fc7ef7c351c0"": ""301""}"
a092bfd7-820b-4751-8a35-baa8693188b9,1f76c12d-e091-4d4a-bab5-9816a2ad6f1a,8,5,"{""6a75e54f-100e-4260-891e-fc7ef7c351c0"": ""463""}"
a092bfd7-820b-4751-8a35-baa8693188b9,1f76c12d-e091-4d4a-bab5-9816a2ad6f1a,9,4,"{""6a75e54f-100e-4260-891e-fc7ef7c351c0"": ""368""}"
a092bfd7-820b-4751-8a35-baa8693188b9,1f76c12d-e091-4d4a-bab5-9816a2ad6f1a,10,5,"{""6a75e54f-100e-4260-891e-fc7ef7c351c0"": ""498""}"
a092bfd7-820b-4751-8a35-baa8693188b9,1f76c12d-e091-4d4a-bab5-9816a2ad6f1a,11,3,"{""6a75e54f-100e-4260-891e-fc7ef7c351c0"": ""178""}"
a092bfd7-820b-4751-8a35-baa8693188b9,1f76c12d-e091-4d4a-bab5-9816a2ad6f1a,12,4,"{""6a75e54f-100e-4260-891e-fc7ef7c351c0"": ""384""}"
a092bfd7-820b-4751-8a35-baa8693188b9,1f76c12d-e091-4d4a-bab5-9816a2ad6f1a,13,4,"{""6a75e54f-100e-4260-891e-fc7ef7c351c0"": ""362""}"
a092bfd7-820b-4751-8a35-baa8693188b9,1f76c12d-e091-4d4a-bab5-9816a2ad6f1a,14,4,"{""6a75e54f-100e-4260-891e-fc7ef7c351c0"": ""293""}"
a092bfd7-820b-4751-8a35-baa8693188b9,1f76c12d-e091-4d4a-bab5-9816a2ad6f1a,15,3,"{""6a75e54f-100e-4260-891e-fc7ef7c351c0"": ""172""}"
a092bfd7-820b-4751-8a35-baa8693188b9,1f76c12d-e091-4d4a-bab5-9816a2ad6f1a,16,4,"{""6a75e54f-100e-4260-891e-fc7ef7c351c0"": ""301""}"
a092bfd7-820b-4751-8a35-baa8693188b9,1f76c12d-e091-4d4a-bab5-9816a2ad6f1a,17,5,"{""6a75e54f-100e-4260-891e-fc7ef7c351c0"": ""463""}"
a092bfd7-820b-4751-8a35-baa8693188b9,1f76c12d-e091-4d4a-bab5-9816a2ad6f1a,18,4,"{""6a75e54f-100e-4260-891e-fc7ef7c351c0"": ""368""}"
cd387979-d345-48fe-b28f-6f096c2c6237,1f76c12d-e091-4d4a-bab5-9816a2ad6f1a,1,4,"{""1e00a0ff-c57e-404c-b4fa-f5774b87fb8f"": ""355""}"
cd387979-d345-48fe-b28f-6f096c2c6237,1f76c12d-e091-4d4a-bab5-9816a2ad6f1a,2,4,"{""1e00a0ff-c57e-404c-b4fa-f5774b87fb8f"": ""350""}"
cd387979-d345-48fe-b28f-6f096c2c6237,1f76c12d-e091-4d4a-bab5-9816a2ad6f1a,3,3,"{""1e00a0ff-c57e-404c-b4fa-f5774b87fb8f"": ""127""}"
cd387979-d345-48fe-b28f-6f096c2c6237,1f76c12d-e091-4d4a-bab5-9816a2ad6f1a,4,4,"{""1e00a0ff-c57e-404c-b4fa-f5774b87fb8f"": ""325""}"
cd387979-d345-48fe-b28f-6f096c2c6237,1f76c12d-e091-4d4a-bab5-9816a2ad6f1a,5,4,"{""1e00a0ff-c57e-404c-b4fa-f5774b87fb8f"": ""337""}"
cd387979-d345-48fe-b28f-6f096c2c6237,1f76c12d-e091-4d4a-bab5-9816a2ad6f1a,6,5,"{""1e00a0ff-c57e-404c-b4fa-f5774b87fb8f"": ""45""}"
cd387979-d345-48fe-b28f-6f096c2c6237,1f76c12d-e091-4d4a-bab5-9816a2ad6f1a,7,4,"{""1e00a0ff-c57e-404c-b4fa-f5774b87fb8f"": ""281""}"
cd387979-d345-48fe-b28f-6f096c2c6237,1f76c12d-e091-4d4a-bab5-9816a2ad6f1a,8,3,"{""1e00a0ff-c57e-404c-b4fa-f5774b87fb8f"": ""180""}"
cd387979-d345-48fe-b28f-6f096c2c6237,1f76c12d-e091-4d4a-bab5-9816a2ad6f1a,9,5,"{""1e00a0ff-c57e-404c-b4fa-f5774b87fb8f"": ""502""}"
cd387979-d345-48fe-b28f-6f096c2c6237,1f76c12d-e091-4d4a-bab5-9816a2ad6f1a,10,4,"{""1e00a0ff-c57e-404c-b4fa-f5774b87fb8f"": ""355""}"
cd387979-d345-48fe-b28f-6f096c2c6237,1f76c12d-e091-4d4a-bab5-9816a2ad6f1a,11,4,"{""1e00a0ff-c57e-404c-b4fa-f5774b87fb8f"": ""350""}"
cd387979-d345-48fe-b28f-6f096c2c6237,1f76c12d-e091-4d4a-bab5-9816a2ad6f1a,12,3,"{""1e00a0ff-c57e-404c-b4fa-f5774b87fb8f"": ""127""}"
cd387979-d345-48fe-b28f-6f096c2c6237,1f76c12d-e091-4d4a-bab5-9816a2ad6f1a,13,4,"{""1e00a0ff-c57e-404c-b4fa-f5774b87fb8f"": ""325""}"
cd387979-d345-48fe-b28f-6f096c2c6237,1f76c12d-e091-4d4a-bab5-9816a2ad6f1a,14,4,"{""1e00a0ff-c57e-404c-b4fa-f5774b87fb8f"": ""337""}"
cd387979-d345-48fe-b28f-6f096c2c6237,1f76c12d-e091-4d4a-bab5-9816a2ad6f1a,15,5,"{""1e00a0ff-c57e-404c-b4fa-f5774b87fb8f"": ""45""}"
cd387979-d345-48fe-b28f-6f096c2c6237,1f76c12d-e091-4d4a-bab5-9816a2ad6f1a,16,4,"{""1e00a0ff-c57e-404c-b4fa-f5774b87fb8f"": ""281""}"
cd387979-d345-48fe-b28f-6f096c2c6237,1f76c12d-e091-4d4a-bab5-9816a2ad6f1a,17,3,"{""1e00a0ff-c57e-404c-b4fa-f5774b87fb8f"": ""180""}"
cd387979-d345-48fe-b28f-6f096c2c6237,1f76c12d-e091-4d4a-bab5-9816a2ad6f1a,18,5,"{""1e00a0ff-c57e-404c-b4fa-f5774b87fb8f"": ""502""}"
b34db86e-4645-4b13-8729-f5d6472a1ddd,1f76c12d-e091-4d4a-bab5-9816a2ad6f1a,1,5,{}
b34db86e-4645-4b13-8729-f5d6472a1ddd,1f76c12d-e091-4d4a-bab5-9816a2ad6f1a,2,4,{}
b34db86e-4645-4b13-8729-f5d6472a1ddd,1f76c12d-e091-4d4a-bab5-9816a2ad6f1a,3,4,{}
b34db86e-4645-4b13-8729-f5d6472a1ddd,1f76c12d-e091-4d4a-bab5-9816a2ad6f1a,4,4,{}
b34db86e-4645-4b13-8729-f5d6472a1ddd,1f76c12d-e091-4d4a-bab5-9816a2ad6f1a,5,3,{}
b34db86e-4645-4b13-8729-f5d6472a1ddd,1f76c12d-e091-4d4a-bab5-9816a2ad6f1a,6,4,{}
b34db86e-4645-4b13-8729-f5d6472a1ddd,1f76c12d-e091-4d4a-bab5-9816a2ad6f1a,7,4,{}
b34db86e-4645-4b13-8729-f5d6472a1ddd,1f76c12d-e091-4d4a-bab5-9816a2ad6f1a,8,3,{}
b34db86e-4645-4b13-8729-f5d6472a1ddd,1f76c12d-e091-4d4a-bab5-9816a2ad6f1a,9,5,{}
b34db86e-4645-4b13-8729-f5d6472a1ddd,1f76c12d-e091-4d4a-bab5-9816a2ad6f1a,10,5,{}
b34db86e-4645-4b13-8729-f5d6472a1ddd,1f76c12d-e091-4d4a-bab5-9816a2ad6f1a,11,4,{}
b34db86e-4645-4b13-8729-f5d6472a1ddd,1f76c12d-e091-4d4a-bab5-9816a2ad6f1a,12,4,{}
b34db86e-4645-4b13-8729-f5d6472a1ddd,1f76c12d-e091-4d4a-bab5-9816a2ad6f1a,13,4,{}
b34db86e-4645-4b13-8729-f5d6472a1ddd,1f76c12d-e091-4d4a-bab5-9816a2ad6f1a,14,3,{}
b34db86e-4645-4b13-8729-f5d6472a1ddd,1f76c12d-e091-4d4a-bab5-9816a2ad6f1a,15,4,{}
b34db86e-4645-4b13-8729-f5d6472a1ddd,1f76c12d-e091-4d4a-bab5-9816a2ad6f1a,16,4,{}
b34db86e-4645-4b13-8729-f5d6472a1ddd,1f76c12d-e091-4d4a-bab5-9816a2ad6f1a,17,3,{}
b34db86e-4645-4b13-8729-f5d6472a1ddd,1f76c12d-e091-4d4a-bab5-9816a2ad6f1a,18,5,{}
adf678af-edd0-45cc-985a-63c00fae2a3e,1f76c12d-e091-4d4a-bab5-9816a2ad6f1a,1,5,"{""83474c2b-091a-4f83-bc82-8e61bc5940ae"": ""498""}"
adf678af-edd0-45cc-985a-63c00fae2a3e,1f76c12d-e091-4d4a-bab5-9816a2ad6f1a,2,3,"{""83474c2b-091a-4f83-bc82-8e61bc5940ae"": ""178""}"
adf678af-edd0-45cc-985a-63c00fae2a3e,1f76c12d-e091-4d4a-bab5-9816a2ad6f1a,3,4,"{""83474c2b-091a-4f83-bc82-8e61bc5940ae"": ""384""}"
adf678af-edd0-45cc-985a-63c00fae2a3e,1f76c12d-e091-4d4a-bab5-9816a2ad6f1a,4,4,"{""83474c2b-091a-4f83-bc82-8e61bc5940ae"": ""362""}"
adf678af-edd0-45cc-985a-63c00fae2a3e,1f76c12d-e091-4d4a-bab5-9816a2ad6f1a,5,4,"{""83474c2b-091a-4f83-bc82-8e61bc5940ae"": ""293""}"
adf678af-edd0-45cc-985a-63c00fae2a3e,1f76c12d-e091-4d4a-bab5-9816a2ad6f1a,6,3,"{""83474c2b-091a-4f83-bc82-8e61bc5940ae"": ""172""}"
adf678af-edd0-45cc-985a-63c00fae2a3e,1f76c12d-e091-4d4a-bab5-9816a2ad6f1a,7,4,"{""83474c2b-091a-4f83-bc82-8e61bc5940ae"": ""301""}"
adf678af-edd0-45cc-985a-63c00fae2a3e,1f76c12d-e091-4d4a-bab5-9816a2ad6f1a,8,5,"{""83474c2b-091a-4f83-bc82-8e61bc5940ae"": ""463""}"
adf678af-edd0-45cc-985a-63c00fae2a3e,1f76c12d-e091-4d4a-bab5-9816a2ad6f1a,9,4,"{""83474c2b-091a-4f83-bc82-8e61bc5940ae"": ""368""}"
adf678af-edd0-45cc-985a-63c00fae2a3e,1f76c12d-e091-4d4a-bab5-9816a2ad6f1a,10,4,"{""83474c2b-091a-4f83-bc82-8e61bc5940ae"": ""355""}"
adf678af-edd0-45cc-985a-63c00fae2a3e,1f76c12d-e091-4d4a-bab5-9816a2ad6f1a,11,4,"{""83474c2b-091a-4f83-bc82-8e61bc5940ae"": ""350""}"
adf678af-edd0-45cc-985a-63c00fae2a3e,1f76c12d-e091-4d4a-bab5-9816a2ad6f1a,12,3,"{""83474c2b-091a-4f83-bc82-8e61bc5940ae"": ""127""}"
adf678af-edd0-45cc-985a-63c00fae2a3e,1f76c12d-e091-4d4a-bab5-9816a2ad6f1a,13,4,"{""83474c2b-091a-4f83-bc82-8e61bc5940ae"": ""325""}"
adf678af-edd0-45cc-985a-63c00fae2a3e,1f76c12d-e091-4d4a-bab5-9816a2ad6f1a,14,4,"{""83474c2b-091a-4f83-bc82-8e61bc5940ae"": ""337""}"
adf678af-edd0-45cc-985a-63c00fae2a3e,1f76c12d-e091-4d4a-bab5-9816a2ad6f1a,15,5,"{""83474c2b-091a-4f83-bc82-8e61bc5940ae"": ""45""}"
adf678af-edd0-45cc-985a-63c00fae2a3e,1f76c12d-e091-4d4a-bab5-9816a2ad6f1a,16,4,"{""83474c2b-091a-4f83-bc82-8e61bc5940ae"": ""281""}"
adf678af-edd0-45cc-985a-63c00fae2a3e,1f76c12d-e091-4d4a-bab5-9816a2ad6f1a,17,3,"{""83474c2b-091a-4f83-bc82-8e61bc5940ae"": ""180""}"
adf678af-edd0-45cc-985a-63c00fae2a3e,1f76c12d-e091-4d4a-bab5-9816a2ad6f1a,18,5,"{""83474c2b-091a-4f83-bc82-8e61bc5940ae"": ""502""}"
51b98ca3-a72a-47cd-b5ea-8e3ad83400f9,1f76c12d-e091-4d4a-bab5-9816a2ad6f1a,1,5,"{""a9aa1416-7779-4cd5-977d-93a4ac12bcdb"": ""498""}"
51b98ca3-a72a-47cd-b5ea-8e3ad83400f9,1f76c12d-e091-4d4a-bab5-9816a2ad6f1a,2,3,"{""a9aa1416-7779-4cd5-977d-93a4ac12bcdb"": ""178""}"
51b98ca3-a72a-47cd-b5ea-8e3ad83400f9,1f76c12d-e091-4d4a-bab5-9816a2ad6f1a,3,4,"{""a9aa1416-7779-4cd5-977d-93a4ac12bcdb"": ""384""}"
51b98ca3-a72a-47cd-b5ea-8e3ad83400f9,1f76c12d-e091-4d4a-bab5-9816a2ad6f1a,4,4,"{""a9aa1416-7779-4cd5-977d-93a4ac12bcdb"": ""362""}"
51b98ca3-a72a-47cd-b5ea-8e3ad83400f9,1f76c12d-e091-4d4a-bab5-9816a2ad6f1a,5,4,"{""a9aa1416-7779-4cd5-977d-93a4ac12bcdb"": ""293""}"
51b98ca3-a72a-47cd-b5ea-8e3ad83400f9,1f76c12d-e091-4d4a-bab5-9816a2ad6f1a,6,3,"{""a9aa1416-7779-4cd5-977d-93a4ac12bcdb"": ""172""}"
51b98ca3-a72a-47cd-b5ea-8e3ad83400f9,1f76c12d-e091-4d4a-bab5-9816a2ad6f1a,7,4,"{""a9aa1416-7779-4cd5-977d-93a4ac12bcdb"": ""301""}"
51b98ca3-a72a-47cd-b5ea-8e3ad83400f9,1f76c12d-e091-4d4a-bab5-9816a2ad6f1a,8,5,"{""a9aa1416-7779-4cd5-977d-93a4ac12bcdb"": ""463""}"
51b98ca3-a72a-47cd-b5ea-8e3ad83400f9,1f76c12d-e091-4d4a-bab5-9816a2ad6f1a,9,4,"{""a9aa1416-7779-4cd5-977d-93a4ac12bcdb"": ""368""}"
51b98ca3-a72a-47cd-b5ea-8e3ad83400f9,1f76c12d-e091-4d4a-bab5-9816a2ad6f1a,10,5,{}
51b98ca3-a72a-47cd-b5ea-8e3ad83400f9,1f76c12d-e091-4d4a-bab5-9816a2ad6f1a,11,4,{}
51b98ca3-a72a-47cd-b5ea-8e3ad83400f9,1f76c12d-e091-4d4a-bab5-9816a2ad6f1a,12,4,{}
51b98ca3-a72a-47cd-b5ea-8e3ad83400f9,1f76c12d-e091-4d4a-bab5-9816a2ad6f1a,13,4,{}
51b98ca3-a72a-47cd-b5ea-8e3ad83400f9,1f76c12d-e091-4d4a-bab5-9816a2ad6f1a,14,3,{}
51b98ca3-a72a-47cd-b5ea-8e3ad83400f9,1f76c12d-e091-4d4a-bab5-9816a2ad6f1a,15,4,{}
51b98ca3-a72a-47cd-b5ea-8e3ad83400f9,1f76c12d-e091-4d4a-bab5-9816a2ad6f1a,16,4,{}
51b98ca3-a72a-47cd-b5ea-8e3ad83400f9,1f76c12d-e091-4d4a-bab5-9816a2ad6f1a,17,3,{}
51b98ca3-a72a-47cd-b5ea-8e3ad83400f9,1f76c12d-e091-4d4a-bab5-9816a2ad6f1a,18,5,{}
db270a77-b19a-425a-9c79-1b44c4a4c78f,1f76c12d-e091-4d4a-bab5-9816a2ad6f1a,1,4,"{""d413405d-d9e1-418e-ab6a-60ae29756f82"": ""355""}"
db270a77-b19a-425a-9c79-1b44c4a4c78f,1f76c12d-e091-4d4a-bab5-9816a2ad6f1a,2,4,"{""d413405d-d9e1-418e-ab6a-60ae29756f82"": ""350""}"
db270a77-b19a-425a-9c79-1b44c4a4c78f,1f76c12d-e091-4d4a-bab5-9816a2ad6f1a,3,3,"{""d413405d-d9e1-418e-ab6a-60ae29756f82"": ""127""}"
db270a77-b19a-425a-9c79-1b44c4a4c78f,1f76c12d-e091-4d4a-bab5-9816a2ad6f1a,4,4,"{""d413405d-d9e1-418e-ab6a-60ae29756f82"": ""325""}"
db270a77-b19a-425a-9c79-1b44c4a4c78f,1f76c12d-e091-4d4a-bab5-9816a2ad6f1a,5,4,"{""d413405d-d9e1-418e-ab6a-60ae29756f82"": ""337""}"
db270a77-b19a-425a-9c79-1b44c4a4c78f,1f76c12d-e091-4d4a-bab5-9816a2ad6f1a,6,5,"{""d413405d-d9e1-418e-ab6a-60ae29756f82"": ""45""}"
db270a77-b19a-425a-9c79-1b44c4a4c78f,1f76c12d-e091-4d4a-bab5-9816a2ad6f1a,7,4,"{""d413405d-d9e1-418e-ab6a-60ae29756f82"": ""281""}"
db270a77-b19a-425a-9c79-1b44c4a4c78f,1f76c12d-e091-4d4a-bab5-9816a2ad6f1a,8,3,"{""d413405d-d9e1-418e-ab6a-60ae29756f82"": ""180""}"
db270a77-b19a-425a-9c79-1b44c4a4c78f,1f76c12d-e091-4d4a-bab5-9816a2ad6f1a,9,5,"{""d413405d-d9e1-418e-ab6a-60ae29756f82"": ""502""}"
db270a77-b19a-425a-9c79-1b44c4a4c78f,1f76c12d-e091-4d4a-bab5-9816a2ad6f1a,10,5,{}
db270a77-b19a-425a-9c79-1b44c4a4c78f,1f76c12d-e091-4d4a-bab5-9816a2ad6f1a,11,4,{}
db270a77-b19a-425a-9c79-1b44c4a4c78f,1f76c12d-e091-4d4a-bab5-9816a2ad6f1a,12,4,{}
db270a77-b19a-425a-9c79-1b44c4a4c78f,1f76c12d-e091-4d4a-bab5-9816a2ad6f1a,13,4,{}
db270a77-b19a-425a-9c79-1b44c4a4c78f,1f76c12d-e091-4d4a-bab5-9816a2ad6f1a,14,3,{}
db270a77-b19a-425a-9c79-1b44c4a4c78f,1f76c12d-e091-4d4a-bab5-9816a2ad6f1a,15,4,{}
db270a77-b19a-425a-9c79-1b44c4a4c78f,1f76c12d-e091-4d4a-bab5-9816a2ad6f1a,16,4,{}
db270a77-b19a-425a-9c79-1b44c4a4c78f,1f76c12d-e091-4d4a-bab5-9816a2ad6f1a,17,3,{}
db270a77-b19a-425a-9c79-1b44c4a4c78f,1f76c12d-e091-4d4a-bab5-9816a2ad6f1a,18,5,{}
9253d961-caf1-4563-9a32-e689a9665db1,d166e905-bbe3-46d1-bfe9-4904c72ec15c,1,4,"{""628cbed0-1d05-4c0e-9540-d50db90750e7"": ""417""}"
9253d961-caf1-4563-9a32-e689a9665db1,d166e905-bbe3-46d1-bfe9-4904c72ec15c,2,4,"{""628cbed0-1d05-4c0e-9540-d50db90750e7"": ""387""}"
9253d961-caf1-4563-9a32-e689a9665db1,d166e905-bbe3-46d1-bfe9-4904c72ec15c,3,3,"{""628cbed0-1d05-4c0e-9540-d50db90750e7"": ""181""}"
9253d961-caf1-4563-9a32-e689a9665db1,d166e905-bbe3-46d1-bfe9-4904c72ec15c,4,5,"{""628cbed0-1d05-4c0e-9540-d50db90750e7"": ""446""}"
9253d961-caf1-4563-9a32-e689a9665db1,d166e905-bbe3-46d1-bfe9-4904c72ec15c,5,4,"{""628cbed0-1d05-4c0e-9540-d50db90750e7"": ""366""}"
9253d961-caf1-4563-9a32-e689a9665db1,d166e905-bbe3-46d1-bfe9-4904c72ec15c,6,4,"{""628cbed0-1d05-4c0e-9540-d50db90750e7"": ""388""}"
9253d961-caf1-4563-9a32-e689a9665db1,d166e905-bbe3-46d1-bfe9-4904c72ec15c,7,5,"{""628cbed0-1d05-4c0e-9540-d50db90750e7"": ""486""}"
9253d961-caf1-4563-9a32-e689a9665db1,d166e905-bbe3-46d1-bfe9-4904c72ec15c,8,4,"{""628cbed0-1d05-4c0e-9540-d50db90750e7"": ""323""}"
9253d961-caf1-4563-9a32-e689a9665db1,d166e905-bbe3-46d1-bfe9-4904c72ec15c,9,3,"{""628cbed0-1d05-4c0e-9540-d50db90750e7"": ""152""}"
9253d961-caf1-4563-9a32-e689a9665db1,d166e905-bbe3-46d1-bfe9-4904c72ec15c,10,4,"{""628cbed0-1d05-4c0e-9540-d50db90750e7"": ""360""}"
9253d961-caf1-4563-9a32-e689a9665db1,d166e905-bbe3-46d1-bfe9-4904c72ec15c,11,3,"{""628cbed0-1d05-4c0e-9540-d50db90750e7"": ""181""}"
9253d961-caf1-4563-9a32-e689a9665db1,d166e905-bbe3-46d1-bfe9-4904c72ec15c,12,4,"{""628cbed0-1d05-4c0e-9540-d50db90750e7"": ""390""}"
9253d961-caf1-4563-9a32-e689a9665db1,d166e905-bbe3-46d1-bfe9-4904c72ec15c,13,4,"{""628cbed0-1d05-4c0e-9540-d50db90750e7"": ""398""}"
9253d961-caf1-4563-9a32-e689a9665db1,d166e905-bbe3-46d1-bfe9-4904c72ec15c,14,5,"{""628cbed0-1d05-4c0e-9540-d50db90750e7"": ""471""}"
9253d961-caf1-4563-9a32-e689a9665db1,d166e905-bbe3-46d1-bfe9-4904c72ec15c,15,4,"{""628cbed0-1d05-4c0e-9540-d50db90750e7"": ""321""}"
9253d961-caf1-4563-9a32-e689a9665db1,d166e905-bbe3-46d1-bfe9-4904c72ec15c,16,4,"{""628cbed0-1d05-4c0e-9540-d50db90750e7"": ""326""}"
9253d961-caf1-4563-9a32-e689a9665db1,d166e905-bbe3-46d1-bfe9-4904c72ec15c,17,3,"{""628cbed0-1d05-4c0e-9540-d50db90750e7"": ""140""}"
9253d961-caf1-4563-9a32-e689a9665db1,d166e905-bbe3-46d1-bfe9-4904c72ec15c,18,4,"{""628cbed0-1d05-4c0e-9540-d50db90750e7"": ""312""}"
c7157168-f936-4239-9697-a6db1746a37e,d166e905-bbe3-46d1-bfe9-4904c72ec15c,1,3,"{""69a39911-d2af-4e24-8c42-0ecd874bbc3c"": ""108"", ""3bfbe189-4bfe-4191-84a3-a4916a5e2fd2"": {""distance"": ""99"", ""par"": ""3""}}"
c7157168-f936-4239-9697-a6db1746a37e,d166e905-bbe3-46d1-bfe9-4904c72ec15c,2,3,"{""69a39911-d2af-4e24-8c42-0ecd874bbc3c"": ""71"", ""3bfbe189-4bfe-4191-84a3-a4916a5e2fd2"": {""distance"": ""64"", ""par"": ""3""}}"
c7157168-f936-4239-9697-a6db1746a37e,d166e905-bbe3-46d1-bfe9-4904c72ec15c,3,3,"{""69a39911-d2af-4e24-8c42-0ecd874bbc3c"": ""99"", ""3bfbe189-4bfe-4191-84a3-a4916a5e2fd2"": {""distance"": ""63"", ""par"": ""3""}}"
c7157168-f936-4239-9697-a6db1746a37e,d166e905-bbe3-46d1-bfe9-4904c72ec15c,4,3,"{""69a39911-d2af-4e24-8c42-0ecd874bbc3c"": ""130"", ""3bfbe189-4bfe-4191-84a3-a4916a5e2fd2"": {""distance"": ""100"", ""par"": ""3""}}"
c7157168-f936-4239-9697-a6db1746a37e,d166e905-bbe3-46d1-bfe9-4904c72ec15c,5,3,"{""69a39911-d2af-4e24-8c42-0ecd874bbc3c"": ""85"", ""3bfbe189-4bfe-4191-84a3-a4916a5e2fd2"": {""distance"": ""52"", ""par"": ""3""}}"
c7157168-f936-4239-9697-a6db1746a37e,d166e905-bbe3-46d1-bfe9-4904c72ec15c,6,3,"{""69a39911-d2af-4e24-8c42-0ecd874bbc3c"": ""83"", ""3bfbe189-4bfe-4191-84a3-a4916a5e2fd2"": {""distance"": ""69"", ""par"": ""3""}}"
c7157168-f936-4239-9697-a6db1746a37e,d166e905-bbe3-46d1-bfe9-4904c72ec15c,7,3,"{""69a39911-d2af-4e24-8c42-0ecd874bbc3c"": ""73"", ""3bfbe189-4bfe-4191-84a3-a4916a5e2fd2"": {""distance"": ""58"", ""par"": ""3""}}"
c7157168-f936-4239-9697-a6db1746a37e,d166e905-bbe3-46d1-bfe9-4904c72ec15c,8,3,"{""69a39911-d2af-4e24-8c42-0ecd874bbc3c"": ""123"", ""3bfbe189-4bfe-4191-84a3-a4916a5e2fd2"": {""distance"": ""103"", ""par"": ""3""}}"
c7157168-f936-4239-9697-a6db1746a37e,d166e905-bbe3-46d1-bfe9-4904c72ec15c,9,3,"{""69a39911-d2af-4e24-8c42-0ecd874bbc3c"": ""84"", ""3bfbe189-4bfe-4191-84a3-a4916a5e2fd2"": {""distance"": ""71"", ""par"": ""3""}}"
15ceb38e-e7cd-4ea7-910e-333f54527be9,d166e905-bbe3-46d1-bfe9-4904c72ec15c,1,4,"{""9c5f809e-5360-422d-a6c7-eb535ae99bef"": ""433"", ""651567c3-0cb1-4e18-b839-924b0b829761"": ""340"", ""6e6d80dd-861e-4c8f-a1f6-7b05c36127eb"": ""387"", ""09e29c72-b664-4f72-891d-e9169abeb6fd"": {""distance"": ""319"", ""par"": ""4""}}"
15ceb38e-e7cd-4ea7-910e-333f54527be9,d166e905-bbe3-46d1-bfe9-4904c72ec15c,2,3,"{""9c5f809e-5360-422d-a6c7-eb535ae99bef"": ""182"", ""651567c3-0cb1-4e18-b839-924b0b829761"": ""157"", ""6e6d80dd-861e-4c8f-a1f6-7b05c36127eb"": ""165"", ""09e29c72-b664-4f72-891d-e9169abeb6fd"": {""distance"": ""142"", ""par"": ""3""}}"
15ceb38e-e7cd-4ea7-910e-333f54527be9,d166e905-bbe3-46d1-bfe9-4904c72ec15c,3,4,"{""9c5f809e-5360-422d-a6c7-eb535ae99bef"": ""407"", ""651567c3-0cb1-4e18-b839-924b0b829761"": ""360"", ""6e6d80dd-861e-4c8f-a1f6-7b05c36127eb"": ""397"", ""09e29c72-b664-4f72-891d-e9169abeb6fd"": {""distance"": ""329"", ""par"": ""4""}}"
15ceb38e-e7cd-4ea7-910e-333f54527be9,d166e905-bbe3-46d1-bfe9-4904c72ec15c,4,5,"{""9c5f809e-5360-422d-a6c7-eb535ae99bef"": ""449"", ""651567c3-0cb1-4e18-b839-924b0b829761"": ""385"", ""6e6d80dd-861e-4c8f-a1f6-7b05c36127eb"": ""445"", ""09e29c72-b664-4f72-891d-e9169abeb6fd"": {""distance"": ""366"", ""par"": ""5""}}"
15ceb38e-e7cd-4ea7-910e-333f54527be9,d166e905-bbe3-46d1-bfe9-4904c72ec15c,5,4,"{""9c5f809e-5360-422d-a6c7-eb535ae99bef"": ""347"", ""651567c3-0cb1-4e18-b839-924b0b829761"": ""294"", ""6e6d80dd-861e-4c8f-a1f6-7b05c36127eb"": ""330"", ""09e29c72-b664-4f72-891d-e9169abeb6fd"": {""distance"": ""276"", ""par"": ""4""}}"
15ceb38e-e7cd-4ea7-910e-333f54527be9,d166e905-bbe3-46d1-bfe9-4904c72ec15c,6,3,"{""9c5f809e-5360-422d-a6c7-eb535ae99bef"": ""151"", ""651567c3-0cb1-4e18-b839-924b0b829761"": ""115"", ""6e6d80dd-861e-4c8f-a1f6-7b05c36127eb"": ""136"", ""09e29c72-b664-4f72-891d-e9169abeb6fd"": {""distance"": ""114"", ""par"": ""3""}}"
15ceb38e-e7cd-4ea7-910e-333f54527be9,d166e905-bbe3-46d1-bfe9-4904c72ec15c,7,4,"{""9c5f809e-5360-422d-a6c7-eb535ae99bef"": ""295"", ""651567c3-0cb1-4e18-b839-924b0b829761"": ""259"", ""6e6d80dd-861e-4c8f-a1f6-7b05c36127eb"": ""284"", ""09e29c72-b664-4f72-891d-e9169abeb6fd"": {""distance"": ""237"", ""par"": ""4""}}"
15ceb38e-e7cd-4ea7-910e-333f54527be9,d166e905-bbe3-46d1-bfe9-4904c72ec15c,8,4,"{""9c5f809e-5360-422d-a6c7-eb535ae99bef"": ""367"", ""651567c3-0cb1-4e18-b839-924b0b829761"": ""316"", ""6e6d80dd-861e-4c8f-a1f6-7b05c36127eb"": ""366"", ""09e29c72-b664-4f72-891d-e9169abeb6fd"": {""distance"": ""315"", ""par"": ""4""}}"
15ceb38e-e7cd-4ea7-910e-333f54527be9,d166e905-bbe3-46d1-bfe9-4904c72ec15c,9,4,"{""9c5f809e-5360-422d-a6c7-eb535ae99bef"": ""321"", ""651567c3-0cb1-4e18-b839-924b0b829761"": ""302"", ""6e6d80dd-861e-4c8f-a1f6-7b05c36127eb"": ""311"", ""09e29c72-b664-4f72-891d-e9169abeb6fd"": {""distance"": ""293"", ""par"": ""4""}}"
15ceb38e-e7cd-4ea7-910e-333f54527be9,d166e905-bbe3-46d1-bfe9-4904c72ec15c,10,3,"{""9c5f809e-5360-422d-a6c7-eb535ae99bef"": ""154"", ""651567c3-0cb1-4e18-b839-924b0b829761"": ""137"", ""6e6d80dd-861e-4c8f-a1f6-7b05c36127eb"": ""153"", ""09e29c72-b664-4f72-891d-e9169abeb6fd"": {""distance"": ""134"", ""par"": ""3""}}"
15ceb38e-e7cd-4ea7-910e-333f54527be9,d166e905-bbe3-46d1-bfe9-4904c72ec15c,11,4,"{""9c5f809e-5360-422d-a6c7-eb535ae99bef"": ""376"", ""651567c3-0cb1-4e18-b839-924b0b829761"": ""337"", ""6e6d80dd-861e-4c8f-a1f6-7b05c36127eb"": ""352"", ""09e29c72-b664-4f72-891d-e9169abeb6fd"": {""distance"": ""309"", ""par"": ""4""}}"
15ceb38e-e7cd-4ea7-910e-333f54527be9,d166e905-bbe3-46d1-bfe9-4904c72ec15c,12,4,"{""9c5f809e-5360-422d-a6c7-eb535ae99bef"": ""308"", ""651567c3-0cb1-4e18-b839-924b0b829761"": ""254"", ""6e6d80dd-861e-4c8f-a1f6-7b05c36127eb"": ""291"", ""09e29c72-b664-4f72-891d-e9169abeb6fd"": {""distance"": ""246"", ""par"": ""4""}}"
15ceb38e-e7cd-4ea7-910e-333f54527be9,d166e905-bbe3-46d1-bfe9-4904c72ec15c,13,4,"{""9c5f809e-5360-422d-a6c7-eb535ae99bef"": ""309"", ""651567c3-0cb1-4e18-b839-924b0b829761"": ""267"", ""6e6d80dd-861e-4c8f-a1f6-7b05c36127eb"": ""298"", ""09e29c72-b664-4f72-891d-e9169abeb6fd"": {""distance"": ""246"", ""par"": ""4""}}"
15ceb38e-e7cd-4ea7-910e-333f54527be9,d166e905-bbe3-46d1-bfe9-4904c72ec15c,14,5,"{""9c5f809e-5360-422d-a6c7-eb535ae99bef"": ""534"", ""651567c3-0cb1-4e18-b839-924b0b829761"": ""453"", ""6e6d80dd-861e-4c8f-a1f6-7b05c36127eb"": ""481"", ""09e29c72-b664-4f72-891d-e9169abeb6fd"": {""distance"": ""407"", ""par"": ""5""}}"
15ceb38e-e7cd-4ea7-910e-333f54527be9,d166e905-bbe3-46d1-bfe9-4904c72ec15c,15,4,"{""9c5f809e-5360-422d-a6c7-eb535ae99bef"": ""387"", ""651567c3-0cb1-4e18-b839-924b0b829761"": ""312"", ""6e6d80dd-861e-4c8f-a1f6-7b05c36127eb"": ""357"", ""09e29c72-b664-4f72-891d-e9169abeb6fd"": {""distance"": ""268"", ""par"": ""4""}}"
15ceb38e-e7cd-4ea7-910e-333f54527be9,d166e905-bbe3-46d1-bfe9-4904c72ec15c,16,3,"{""9c5f809e-5360-422d-a6c7-eb535ae99bef"": ""136"", ""651567c3-0cb1-4e18-b839-924b0b829761"": ""124"", ""6e6d80dd-861e-4c8f-a1f6-7b05c36127eb"": ""134"", ""09e29c72-b664-4f72-891d-e9169abeb6fd"": {""distance"": ""92"", ""par"": ""3""}}"
15ceb38e-e7cd-4ea7-910e-333f54527be9,d166e905-bbe3-46d1-bfe9-4904c72ec15c,17,5,"{""9c5f809e-5360-422d-a6c7-eb535ae99bef"": ""442"", ""651567c3-0cb1-4e18-b839-924b0b829761"": ""398"", ""6e6d80dd-861e-4c8f-a1f6-7b05c36127eb"": ""435"", ""09e29c72-b664-4f72-891d-e9169abeb6fd"": {""distance"": ""376"", ""par"": ""5""}}"
15ceb38e-e7cd-4ea7-910e-333f54527be9,d166e905-bbe3-46d1-bfe9-4904c72ec15c,18,4,"{""9c5f809e-5360-422d-a6c7-eb535ae99bef"": ""339"", ""651567c3-0cb1-4e18-b839-924b0b829761"": ""295"", ""6e6d80dd-861e-4c8f-a1f6-7b05c36127eb"": ""323"", ""09e29c72-b664-4f72-891d-e9169abeb6fd"": {""distance"": ""258"", ""par"": ""4""}}"
ca746d71-95a8-43f4-9b59-d52bd7e07f87,d166e905-bbe3-46d1-bfe9-4904c72ec15c,1,4,"{""196649d9-cd31-4a97-aac9-076199824a66"": ""379"", ""0e8b68d2-ead8-4e4b-a9e7-c305fdef0ee4"": ""427"", ""8bbd079c-18d0-4f77-b306-aa23f3c62873"": ""417"", ""4f1a73f2-98c2-45fc-ab42-c1c4dfee71ba"": {""distance"": ""355"", ""par"": ""4""}}"
ca746d71-95a8-43f4-9b59-d52bd7e07f87,d166e905-bbe3-46d1-bfe9-4904c72ec15c,2,4,"{""196649d9-cd31-4a97-aac9-076199824a66"": ""358"", ""0e8b68d2-ead8-4e4b-a9e7-c305fdef0ee4"": ""404"", ""8bbd079c-18d0-4f77-b306-aa23f3c62873"": ""387"", ""4f1a73f2-98c2-45fc-ab42-c1c4dfee71ba"": {""distance"": ""317"", ""par"": ""4""}}"
ca746d71-95a8-43f4-9b59-d52bd7e07f87,d166e905-bbe3-46d1-bfe9-4904c72ec15c,3,3,"{""196649d9-cd31-4a97-aac9-076199824a66"": ""166"", ""0e8b68d2-ead8-4e4b-a9e7-c305fdef0ee4"": ""189"", ""8bbd079c-18d0-4f77-b306-aa23f3c62873"": ""181"", ""4f1a73f2-98c2-45fc-ab42-c1c4dfee71ba"": {""distance"": ""139"", ""par"": ""3""}}"
ca746d71-95a8-43f4-9b59-d52bd7e07f87,d166e905-bbe3-46d1-bfe9-4904c72ec15c,4,5,"{""196649d9-cd31-4a97-aac9-076199824a66"": ""420"", ""0e8b68d2-ead8-4e4b-a9e7-c305fdef0ee4"": ""474"", ""8bbd079c-18d0-4f77-b306-aa23f3c62873"": ""446"", ""4f1a73f2-98c2-45fc-ab42-c1c4dfee71ba"": {""distance"": ""385"", ""par"": ""5""}}"
ca746d71-95a8-43f4-9b59-d52bd7e07f87,d166e905-bbe3-46d1-bfe9-4904c72ec15c,5,4,"{""196649d9-cd31-4a97-aac9-076199824a66"": ""291"", ""0e8b68d2-ead8-4e4b-a9e7-c305fdef0ee4"": ""372"", ""8bbd079c-18d0-4f77-b306-aa23f3c62873"": ""366"", ""4f1a73f2-98c2-45fc-ab42-c1c4dfee71ba"": {""distance"": ""279"", ""par"": ""4""}}"
ca746d71-95a8-43f4-9b59-d52bd7e07f87,d166e905-bbe3-46d1-bfe9-4904c72ec15c,6,4,"{""196649d9-cd31-4a97-aac9-076199824a66"": ""334"", ""0e8b68d2-ead8-4e4b-a9e7-c305fdef0ee4"": ""404"", ""8bbd079c-18d0-4f77-b306-aa23f3c62873"": ""388"", ""4f1a73f2-98c2-45fc-ab42-c1c4dfee71ba"": {""distance"": ""324"", ""par"": ""4""}}"
ca746d71-95a8-43f4-9b59-d52bd7e07f87,d166e905-bbe3-46d1-bfe9-4904c72ec15c,7,5,"{""196649d9-cd31-4a97-aac9-076199824a66"": ""433"", ""0e8b68d2-ead8-4e4b-a9e7-c305fdef0ee4"": ""494"", ""8bbd079c-18d0-4f77-b306-aa23f3c62873"": ""486"", ""4f1a73f2-98c2-45fc-ab42-c1c4dfee71ba"": {""distance"": ""418"", ""par"": ""5""}}"
ca746d71-95a8-43f4-9b59-d52bd7e07f87,d166e905-bbe3-46d1-bfe9-4904c72ec15c,8,4,"{""196649d9-cd31-4a97-aac9-076199824a66"": ""279"", ""0e8b68d2-ead8-4e4b-a9e7-c305fdef0ee4"": ""352"", ""8bbd079c-18d0-4f77-b306-aa23f3c62873"": ""323"", ""4f1a73f2-98c2-45fc-ab42-c1c4dfee71ba"": {""distance"": ""262"", ""par"": ""4""}}"
ca746d71-95a8-43f4-9b59-d52bd7e07f87,d166e905-bbe3-46d1-bfe9-4904c72ec15c,9,3,"{""196649d9-cd31-4a97-aac9-076199824a66"": ""130"", ""0e8b68d2-ead8-4e4b-a9e7-c305fdef0ee4"": ""162"", ""8bbd079c-18d0-4f77-b306-aa23f3c62873"": ""152"", ""4f1a73f2-98c2-45fc-ab42-c1c4dfee71ba"": {""distance"": ""125"", ""par"": ""3""}}"
ca746d71-95a8-43f4-9b59-d52bd7e07f87,d166e905-bbe3-46d1-bfe9-4904c72ec15c,10,4,"{""196649d9-cd31-4a97-aac9-076199824a66"": ""323"", ""0e8b68d2-ead8-4e4b-a9e7-c305fdef0ee4"": ""376"", ""8bbd079c-18d0-4f77-b306-aa23f3c62873"": ""360"", ""4f1a73f2-98c2-45fc-ab42-c1c4dfee71ba"": {""distance"": ""302"", ""par"": ""4""}}"
ca746d71-95a8-43f4-9b59-d52bd7e07f87,d166e905-bbe3-46d1-bfe9-4904c72ec15c,11,3,"{""196649d9-cd31-4a97-aac9-076199824a66"": ""169"", ""0e8b68d2-ead8-4e4b-a9e7-c305fdef0ee4"": ""192"", ""8bbd079c-18d0-4f77-b306-aa23f3c62873"": ""181"", ""4f1a73f2-98c2-45fc-ab42-c1c4dfee71ba"": {""distance"": ""156"", ""par"": ""3""}}"
ca746d71-95a8-43f4-9b59-d52bd7e07f87,d166e905-bbe3-46d1-bfe9-4904c72ec15c,12,4,"{""196649d9-cd31-4a97-aac9-076199824a66"": ""327"", ""0e8b68d2-ead8-4e4b-a9e7-c305fdef0ee4"": ""407"", ""8bbd079c-18d0-4f77-b306-aa23f3c62873"": ""390"", ""4f1a73f2-98c2-45fc-ab42-c1c4dfee71ba"": {""distance"": ""323"", ""par"": ""4""}}"
ca746d71-95a8-43f4-9b59-d52bd7e07f87,d166e905-bbe3-46d1-bfe9-4904c72ec15c,13,4,"{""196649d9-cd31-4a97-aac9-076199824a66"": ""361"", ""0e8b68d2-ead8-4e4b-a9e7-c305fdef0ee4"": ""427"", ""8bbd079c-18d0-4f77-b306-aa23f3c62873"": ""398"", ""4f1a73f2-98c2-45fc-ab42-c1c4dfee71ba"": {""distance"": ""325"", ""par"": ""4""}}"
ca746d71-95a8-43f4-9b59-d52bd7e07f87,d166e905-bbe3-46d1-bfe9-4904c72ec15c,14,5,"{""196649d9-cd31-4a97-aac9-076199824a66"": ""456"", ""0e8b68d2-ead8-4e4b-a9e7-c305fdef0ee4"": ""481"", ""8bbd079c-18d0-4f77-b306-aa23f3c62873"": ""471"", ""4f1a73f2-98c2-45fc-ab42-c1c4dfee71ba"": {""distance"": ""428"", ""par"": ""5""}}"
ca746d71-95a8-43f4-9b59-d52bd7e07f87,d166e905-bbe3-46d1-bfe9-4904c72ec15c,15,4,"{""196649d9-cd31-4a97-aac9-076199824a66"": ""285"", ""0e8b68d2-ead8-4e4b-a9e7-c305fdef0ee4"": ""343"", ""8bbd079c-18d0-4f77-b306-aa23f3c62873"": ""321"", ""4f1a73f2-98c2-45fc-ab42-c1c4dfee71ba"": {""distance"": ""279"", ""par"": ""4""}}"
ca746d71-95a8-43f4-9b59-d52bd7e07f87,d166e905-bbe3-46d1-bfe9-4904c72ec15c,16,4,"{""196649d9-cd31-4a97-aac9-076199824a66"": ""305"", ""0e8b68d2-ead8-4e4b-a9e7-c305fdef0ee4"": ""386"", ""8bbd079c-18d0-4f77-b306-aa23f3c62873"": ""326"", ""4f1a73f2-98c2-45fc-ab42-c1c4dfee71ba"": {""distance"": ""283"", ""par"": ""4""}}"
ca746d71-95a8-43f4-9b59-d52bd7e07f87,d166e905-bbe3-46d1-bfe9-4904c72ec15c,17,3,"{""196649d9-cd31-4a97-aac9-076199824a66"": ""129"", ""0e8b68d2-ead8-4e4b-a9e7-c305fdef0ee4"": ""153"", ""8bbd079c-18d0-4f77-b306-aa23f3c62873"": ""140"", ""4f1a73f2-98c2-45fc-ab42-c1c4dfee71ba"": {""distance"": ""119"", ""par"": ""3""}}"
ca746d71-95a8-43f4-9b59-d52bd7e07f87,d166e905-bbe3-46d1-bfe9-4904c72ec15c,18,4,"{""196649d9-cd31-4a97-aac9-076199824a66"": ""298"", ""0e8b68d2-ead8-4e4b-a9e7-c305fdef0ee4"": ""331"", ""8bbd079c-18d0-4f77-b306-aa23f3c62873"": ""312"", ""4f1a73f2-98c2-45fc-ab42-c1c4dfee71ba"": {""distance"": ""292"", ""par"": ""4""}}"
1dc797bd-8e3e-42f9-9ee0-5c125992a8a7,8332c6fd-ed6a-4a10-88be-e05464ea6626,1,4,"{""2e889f49-8898-45bd-b67b-ddec66caea68"": ""417""}"
1dc797bd-8e3e-42f9-9ee0-5c125992a8a7,8332c6fd-ed6a-4a10-88be-e05464ea6626,2,4,"{""2e889f49-8898-45bd-b67b-ddec66caea68"": ""387""}"
1dc797bd-8e3e-42f9-9ee0-5c125992a8a7,8332c6fd-ed6a-4a10-88be-e05464ea6626,3,3,"{""2e889f49-8898-45bd-b67b-ddec66caea68"": ""181""}"
1dc797bd-8e3e-42f9-9ee0-5c125992a8a7,8332c6fd-ed6a-4a10-88be-e05464ea6626,4,5,"{""2e889f49-8898-45bd-b67b-ddec66caea68"": ""446""}"
1dc797bd-8e3e-42f9-9ee0-5c125992a8a7,8332c6fd-ed6a-4a10-88be-e05464ea6626,5,4,"{""2e889f49-8898-45bd-b67b-ddec66caea68"": ""366""}"
1dc797bd-8e3e-42f9-9ee0-5c125992a8a7,8332c6fd-ed6a-4a10-88be-e05464ea6626,6,4,"{""2e889f49-8898-45bd-b67b-ddec66caea68"": ""388""}"
1dc797bd-8e3e-42f9-9ee0-5c125992a8a7,8332c6fd-ed6a-4a10-88be-e05464ea6626,7,5,"{""2e889f49-8898-45bd-b67b-ddec66caea68"": ""486""}"
1dc797bd-8e3e-42f9-9ee0-5c125992a8a7,8332c6fd-ed6a-4a10-88be-e05464ea6626,8,4,"{""2e889f49-8898-45bd-b67b-ddec66caea68"": ""323""}"
1dc797bd-8e3e-42f9-9ee0-5c125992a8a7,8332c6fd-ed6a-4a10-88be-e05464ea6626,9,3,"{""2e889f49-8898-45bd-b67b-ddec66caea68"": ""152""}"
1dc797bd-8e3e-42f9-9ee0-5c125992a8a7,8332c6fd-ed6a-4a10-88be-e05464ea6626,10,4,"{""2e889f49-8898-45bd-b67b-ddec66caea68"": ""360""}"
1dc797bd-8e3e-42f9-9ee0-5c125992a8a7,8332c6fd-ed6a-4a10-88be-e05464ea6626,11,3,"{""2e889f49-8898-45bd-b67b-ddec66caea68"": ""181""}"
1dc797bd-8e3e-42f9-9ee0-5c125992a8a7,8332c6fd-ed6a-4a10-88be-e05464ea6626,12,4,"{""2e889f49-8898-45bd-b67b-ddec66caea68"": ""390""}"
1dc797bd-8e3e-42f9-9ee0-5c125992a8a7,8332c6fd-ed6a-4a10-88be-e05464ea6626,13,4,"{""2e889f49-8898-45bd-b67b-ddec66caea68"": ""398""}"
1dc797bd-8e3e-42f9-9ee0-5c125992a8a7,8332c6fd-ed6a-4a10-88be-e05464ea6626,14,5,"{""2e889f49-8898-45bd-b67b-ddec66caea68"": ""471""}"
1dc797bd-8e3e-42f9-9ee0-5c125992a8a7,8332c6fd-ed6a-4a10-88be-e05464ea6626,15,4,"{""2e889f49-8898-45bd-b67b-ddec66caea68"": ""321""}"
1dc797bd-8e3e-42f9-9ee0-5c125992a8a7,8332c6fd-ed6a-4a10-88be-e05464ea6626,16,4,"{""2e889f49-8898-45bd-b67b-ddec66caea68"": ""326""}"
1dc797bd-8e3e-42f9-9ee0-5c125992a8a7,8332c6fd-ed6a-4a10-88be-e05464ea6626,17,3,"{""2e889f49-8898-45bd-b67b-ddec66caea68"": ""140""}"
1dc797bd-8e3e-42f9-9ee0-5c125992a8a7,8332c6fd-ed6a-4a10-88be-e05464ea6626,18,4,"{""2e889f49-8898-45bd-b67b-ddec66caea68"": ""312""}"
fbebc5c1-0441-429d-92ef-2c8c6a67cb17,988296bc-1975-4b43-b085-e8a767913c73,1,5,"{""6fbd0b99-f93e-4ed6-bd06-6a374a1fff0b"": ""458"", ""e96fc3f7-f169-4e01-b099-c03dea9ac0c6"": ""450"", ""5745663b-df32-420e-a592-8f84088ae099"": ""415"", ""51269736-f7e8-4976-b61f-1ded82a549fd"": ""373"", ""65b18e53-7f13-4f82-94a8-76d3d610020e"": {""distance"": ""401"", ""par"": ""5""}}"
fbebc5c1-0441-429d-92ef-2c8c6a67cb17,988296bc-1975-4b43-b085-e8a767913c73,2,4,"{""6fbd0b99-f93e-4ed6-bd06-6a374a1fff0b"": ""387"", ""e96fc3f7-f169-4e01-b099-c03dea9ac0c6"": ""368"", ""5745663b-df32-420e-a592-8f84088ae099"": ""352"", ""51269736-f7e8-4976-b61f-1ded82a549fd"": ""294"", ""65b18e53-7f13-4f82-94a8-76d3d610020e"": {""distance"": ""350"", ""par"": ""4""}}"
fbebc5c1-0441-429d-92ef-2c8c6a67cb17,988296bc-1975-4b43-b085-e8a767913c73,3,4,"{""6fbd0b99-f93e-4ed6-bd06-6a374a1fff0b"": ""335"", ""e96fc3f7-f169-4e01-b099-c03dea9ac0c6"": ""314"", ""5745663b-df32-420e-a592-8f84088ae099"": ""302"", ""51269736-f7e8-4976-b61f-1ded82a549fd"": ""280"", ""65b18e53-7f13-4f82-94a8-76d3d610020e"": {""distance"": ""299"", ""par"": ""4""}}"
fbebc5c1-0441-429d-92ef-2c8c6a67cb17,988296bc-1975-4b43-b085-e8a767913c73,4,3,"{""6fbd0b99-f93e-4ed6-bd06-6a374a1fff0b"": ""188"", ""e96fc3f7-f169-4e01-b099-c03dea9ac0c6"": ""160"", ""5745663b-df32-420e-a592-8f84088ae099"": ""146"", ""51269736-f7e8-4976-b61f-1ded82a549fd"": ""124"", ""65b18e53-7f13-4f82-94a8-76d3d610020e"": {""distance"": ""132"", ""par"": ""3""}}"
fbebc5c1-0441-429d-92ef-2c8c6a67cb17,988296bc-1975-4b43-b085-e8a767913c73,5,4,"{""6fbd0b99-f93e-4ed6-bd06-6a374a1fff0b"": ""376"", ""e96fc3f7-f169-4e01-b099-c03dea9ac0c6"": ""353"", ""5745663b-df32-420e-a592-8f84088ae099"": ""343"", ""51269736-f7e8-4976-b61f-1ded82a549fd"": ""289"", ""65b18e53-7f13-4f82-94a8-76d3d610020e"": {""distance"": ""323"", ""par"": ""4""}}"
fbebc5c1-0441-429d-92ef-2c8c6a67cb17,988296bc-1975-4b43-b085-e8a767913c73,6,3,"{""6fbd0b99-f93e-4ed6-bd06-6a374a1fff0b"": ""156"", ""e96fc3f7-f169-4e01-b099-c03dea9ac0c6"": ""137"", ""5745663b-df32-420e-a592-8f84088ae099"": ""128"", ""51269736-f7e8-4976-b61f-1ded82a549fd"": ""106"", ""65b18e53-7f13-4f82-94a8-76d3d610020e"": {""distance"": ""127"", ""par"": ""3""}}"
fbebc5c1-0441-429d-92ef-2c8c6a67cb17,988296bc-1975-4b43-b085-e8a767913c73,7,5,"{""6fbd0b99-f93e-4ed6-bd06-6a374a1fff0b"": ""579"", ""e96fc3f7-f169-4e01-b099-c03dea9ac0c6"": ""561"", ""5745663b-df32-420e-a592-8f84088ae099"": ""544"", ""51269736-f7e8-4976-b61f-1ded82a549fd"": ""523"", ""65b18e53-7f13-4f82-94a8-76d3d610020e"": {""distance"": ""542"", ""par"": ""5""}}"
fbebc5c1-0441-429d-92ef-2c8c6a67cb17,988296bc-1975-4b43-b085-e8a767913c73,8,4,"{""6fbd0b99-f93e-4ed6-bd06-6a374a1fff0b"": ""416"", ""e96fc3f7-f169-4e01-b099-c03dea9ac0c6"": ""398"", ""5745663b-df32-420e-a592-8f84088ae099"": ""384"", ""51269736-f7e8-4976-b61f-1ded82a549fd"": ""341"", ""65b18e53-7f13-4f82-94a8-76d3d610020e"": {""distance"": ""365"", ""par"": ""4""}}"
fbebc5c1-0441-429d-92ef-2c8c6a67cb17,988296bc-1975-4b43-b085-e8a767913c73,9,4,"{""6fbd0b99-f93e-4ed6-bd06-6a374a1fff0b"": ""397"", ""e96fc3f7-f169-4e01-b099-c03dea9ac0c6"": ""374"", ""5745663b-df32-420e-a592-8f84088ae099"": ""346"", ""51269736-f7e8-4976-b61f-1ded82a549fd"": ""324"", ""65b18e53-7f13-4f82-94a8-76d3d610020e"": {""distance"": ""346"", ""par"": ""4""}}"
fbebc5c1-0441-429d-92ef-2c8c6a67cb17,988296bc-1975-4b43-b085-e8a767913c73,10,4,"{""6fbd0b99-f93e-4ed6-bd06-6a374a1fff0b"": ""363"", ""e96fc3f7-f169-4e01-b099-c03dea9ac0c6"": ""348"", ""5745663b-df32-420e-a592-8f84088ae099"": ""333"", ""51269736-f7e8-4976-b61f-1ded82a549fd"": ""307"", ""65b18e53-7f13-4f82-94a8-76d3d610020e"": {""distance"": ""333"", ""par"": ""4""}}"
fbebc5c1-0441-429d-92ef-2c8c6a67cb17,988296bc-1975-4b43-b085-e8a767913c73,11,5,"{""6fbd0b99-f93e-4ed6-bd06-6a374a1fff0b"": ""554"", ""e96fc3f7-f169-4e01-b099-c03dea9ac0c6"": ""535"", ""5745663b-df32-420e-a592-8f84088ae099"": ""517"", ""51269736-f7e8-4976-b61f-1ded82a549fd"": ""494"", ""65b18e53-7f13-4f82-94a8-76d3d610020e"": {""distance"": ""516"", ""par"": ""5""}}"
fbebc5c1-0441-429d-92ef-2c8c6a67cb17,988296bc-1975-4b43-b085-e8a767913c73,12,4,"{""6fbd0b99-f93e-4ed6-bd06-6a374a1fff0b"": ""347"", ""e96fc3f7-f169-4e01-b099-c03dea9ac0c6"": ""324"", ""5745663b-df32-420e-a592-8f84088ae099"": ""294"", ""51269736-f7e8-4976-b61f-1ded82a549fd"": ""280"", ""65b18e53-7f13-4f82-94a8-76d3d610020e"": {""distance"": ""294"", ""par"": ""4""}}"
fbebc5c1-0441-429d-92ef-2c8c6a67cb17,988296bc-1975-4b43-b085-e8a767913c73,13,5,"{""6fbd0b99-f93e-4ed6-bd06-6a374a1fff0b"": ""514"", ""e96fc3f7-f169-4e01-b099-c03dea9ac0c6"": ""492"", ""5745663b-df32-420e-a592-8f84088ae099"": ""424"", ""51269736-f7e8-4976-b61f-1ded82a549fd"": ""389"", ""65b18e53-7f13-4f82-94a8-76d3d610020e"": {""distance"": ""410"", ""par"": ""5""}}"
fbebc5c1-0441-429d-92ef-2c8c6a67cb17,988296bc-1975-4b43-b085-e8a767913c73,14,3,"{""6fbd0b99-f93e-4ed6-bd06-6a374a1fff0b"": ""167"", ""e96fc3f7-f169-4e01-b099-c03dea9ac0c6"": ""145"", ""5745663b-df32-420e-a592-8f84088ae099"": ""142"", ""51269736-f7e8-4976-b61f-1ded82a549fd"": ""114"", ""65b18e53-7f13-4f82-94a8-76d3d610020e"": {""distance"": ""140"", ""par"": ""3""}}"
fbebc5c1-0441-429d-92ef-2c8c6a67cb17,988296bc-1975-4b43-b085-e8a767913c73,15,4,"{""6fbd0b99-f93e-4ed6-bd06-6a374a1fff0b"": ""326"", ""e96fc3f7-f169-4e01-b099-c03dea9ac0c6"": ""297"", ""5745663b-df32-420e-a592-8f84088ae099"": ""283"", ""51269736-f7e8-4976-b61f-1ded82a549fd"": ""244"", ""65b18e53-7f13-4f82-94a8-76d3d610020e"": {""distance"": ""264"", ""par"": ""4""}}"
fbebc5c1-0441-429d-92ef-2c8c6a67cb17,988296bc-1975-4b43-b085-e8a767913c73,16,4,"{""6fbd0b99-f93e-4ed6-bd06-6a374a1fff0b"": ""435"", ""e96fc3f7-f169-4e01-b099-c03dea9ac0c6"": ""418"", ""5745663b-df32-420e-a592-8f84088ae099"": ""395"", ""51269736-f7e8-4976-b61f-1ded82a549fd"": ""332"", ""65b18e53-7f13-4f82-94a8-76d3d610020e"": {""distance"": ""335"", ""par"": ""4""}}"
fbebc5c1-0441-429d-92ef-2c8c6a67cb17,988296bc-1975-4b43-b085-e8a767913c73,17,3,"{""6fbd0b99-f93e-4ed6-bd06-6a374a1fff0b"": ""213"", ""e96fc3f7-f169-4e01-b099-c03dea9ac0c6"": ""194"", ""5745663b-df32-420e-a592-8f84088ae099"": ""181"", ""51269736-f7e8-4976-b61f-1ded82a549fd"": ""157"", ""65b18e53-7f13-4f82-94a8-76d3d610020e"": {""distance"": ""164"", ""par"": ""3""}}"
fbebc5c1-0441-429d-92ef-2c8c6a67cb17,988296bc-1975-4b43-b085-e8a767913c73,18,4,"{""6fbd0b99-f93e-4ed6-bd06-6a374a1fff0b"": ""348"", ""e96fc3f7-f169-4e01-b099-c03dea9ac0c6"": ""325"", ""5745663b-df32-420e-a592-8f84088ae099"": ""315"", ""51269736-f7e8-4976-b61f-1ded82a549fd"": ""270"", ""65b18e53-7f13-4f82-94a8-76d3d610020e"": {""distance"": ""304"", ""par"": ""4""}}"
77918b76-7a6d-4d36-87f4-cdd30bc602d5,28235b3c-1fc1-4ba0-ac14-cbca199cbb30,1,4,"{""7e4fab2b-32cf-489b-ba1a-d4404720afad"": ""340"", ""11015fd0-81a3-4d26-a754-16f511d233c5"": ""336"", ""26ba987a-9ad8-4356-b9de-b30807fbe599"": ""315"", ""8c266a60-6074-461f-bfcd-375aa75ea242"": ""307"", ""75d4d09a-e3b0-4639-b235-f2f508319146"": {""distance"": ""279"", ""par"": ""4""}}"
77918b76-7a6d-4d36-87f4-cdd30bc602d5,28235b3c-1fc1-4ba0-ac14-cbca199cbb30,2,5,"{""7e4fab2b-32cf-489b-ba1a-d4404720afad"": ""455"", ""11015fd0-81a3-4d26-a754-16f511d233c5"": ""450"", ""26ba987a-9ad8-4356-b9de-b30807fbe599"": ""434"", ""8c266a60-6074-461f-bfcd-375aa75ea242"": ""421"", ""75d4d09a-e3b0-4639-b235-f2f508319146"": {""distance"": ""393"", ""par"": ""5""}}"
77918b76-7a6d-4d36-87f4-cdd30bc602d5,28235b3c-1fc1-4ba0-ac14-cbca199cbb30,3,3,"{""7e4fab2b-32cf-489b-ba1a-d4404720afad"": ""172"", ""11015fd0-81a3-4d26-a754-16f511d233c5"": ""164"", ""26ba987a-9ad8-4356-b9de-b30807fbe599"": ""139"", ""8c266a60-6074-461f-bfcd-375aa75ea242"": ""131"", ""75d4d09a-e3b0-4639-b235-f2f508319146"": {""distance"": ""106"", ""par"": ""3""}}"
77918b76-7a6d-4d36-87f4-cdd30bc602d5,28235b3c-1fc1-4ba0-ac14-cbca199cbb30,4,4,"{""7e4fab2b-32cf-489b-ba1a-d4404720afad"": ""398"", ""11015fd0-81a3-4d26-a754-16f511d233c5"": ""390"", ""26ba987a-9ad8-4356-b9de-b30807fbe599"": ""346"", ""8c266a60-6074-461f-bfcd-375aa75ea242"": ""339"", ""75d4d09a-e3b0-4639-b235-f2f508319146"": {""distance"": ""280"", ""par"": ""4""}}"
77918b76-7a6d-4d36-87f4-cdd30bc602d5,28235b3c-1fc1-4ba0-ac14-cbca199cbb30,5,4,"{""7e4fab2b-32cf-489b-ba1a-d4404720afad"": ""301"", ""11015fd0-81a3-4d26-a754-16f511d233c5"": ""301"", ""26ba987a-9ad8-4356-b9de-b30807fbe599"": ""270"", ""8c266a60-6074-461f-bfcd-375aa75ea242"": ""260"", ""75d4d09a-e3b0-4639-b235-f2f508319146"": {""distance"": ""240"", ""par"": ""4""}}"
77918b76-7a6d-4d36-87f4-cdd30bc602d5,28235b3c-1fc1-4ba0-ac14-cbca199cbb30,6,4,"{""7e4fab2b-32cf-489b-ba1a-d4404720afad"": ""334"", ""11015fd0-81a3-4d26-a754-16f511d233c5"": ""330"", ""26ba987a-9ad8-4356-b9de-b30807fbe599"": ""310"", ""8c266a60-6074-461f-bfcd-375aa75ea242"": ""296"", ""75d4d09a-e3b0-4639-b235-f2f508319146"": {""distance"": ""280"", ""par"": ""4""}}"
77918b76-7a6d-4d36-87f4-cdd30bc602d5,28235b3c-1fc1-4ba0-ac14-cbca199cbb30,7,3,"{""7e4fab2b-32cf-489b-ba1a-d4404720afad"": ""162"", ""11015fd0-81a3-4d26-a754-16f511d233c5"": ""158"", ""26ba987a-9ad8-4356-b9de-b30807fbe599"": ""139"", ""8c266a60-6074-461f-bfcd-375aa75ea242"": ""127"", ""75d4d09a-e3b0-4639-b235-f2f508319146"": {""distance"": ""116"", ""par"": ""3""}}"
77918b76-7a6d-4d36-87f4-cdd30bc602d5,28235b3c-1fc1-4ba0-ac14-cbca199cbb30,8,5,"{""7e4fab2b-32cf-489b-ba1a-d4404720afad"": ""448"", ""11015fd0-81a3-4d26-a754-16f511d233c5"": ""445"", ""26ba987a-9ad8-4356-b9de-b30807fbe599"": ""408"", ""8c266a60-6074-461f-bfcd-375aa75ea242"": ""387"", ""75d4d09a-e3b0-4639-b235-f2f508319146"": {""distance"": ""364"", ""par"": ""5""}}"
77918b76-7a6d-4d36-87f4-cdd30bc602d5,28235b3c-1fc1-4ba0-ac14-cbca199cbb30,9,4,"{""7e4fab2b-32cf-489b-ba1a-d4404720afad"": ""396"", ""11015fd0-81a3-4d26-a754-16f511d233c5"": ""389"", ""26ba987a-9ad8-4356-b9de-b30807fbe599"": ""346"", ""8c266a60-6074-461f-bfcd-375aa75ea242"": ""331"", ""75d4d09a-e3b0-4639-b235-f2f508319146"": {""distance"": ""266"", ""par"": ""4""}}"
77918b76-7a6d-4d36-87f4-cdd30bc602d5,28235b3c-1fc1-4ba0-ac14-cbca199cbb30,10,4,"{""7e4fab2b-32cf-489b-ba1a-d4404720afad"": ""340"", ""11015fd0-81a3-4d26-a754-16f511d233c5"": ""336"", ""26ba987a-9ad8-4356-b9de-b30807fbe599"": ""315"", ""8c266a60-6074-461f-bfcd-375aa75ea242"": ""307"", ""75d4d09a-e3b0-4639-b235-f2f508319146"": {""distance"": ""279"", ""par"": ""4""}}"
77918b76-7a6d-4d36-87f4-cdd30bc602d5,28235b3c-1fc1-4ba0-ac14-cbca199cbb30,11,5,"{""7e4fab2b-32cf-489b-ba1a-d4404720afad"": ""455"", ""11015fd0-81a3-4d26-a754-16f511d233c5"": ""450"", ""26ba987a-9ad8-4356-b9de-b30807fbe599"": ""434"", ""8c266a60-6074-461f-bfcd-375aa75ea242"": ""421"", ""75d4d09a-e3b0-4639-b235-f2f508319146"": {""distance"": ""393"", ""par"": ""5""}}"
77918b76-7a6d-4d36-87f4-cdd30bc602d5,28235b3c-1fc1-4ba0-ac14-cbca199cbb30,12,3,"{""7e4fab2b-32cf-489b-ba1a-d4404720afad"": ""172"", ""11015fd0-81a3-4d26-a754-16f511d233c5"": ""164"", ""26ba987a-9ad8-4356-b9de-b30807fbe599"": ""139"", ""8c266a60-6074-461f-bfcd-375aa75ea242"": ""131"", ""75d4d09a-e3b0-4639-b235-f2f508319146"": {""distance"": ""106"", ""par"": ""3""}}"
77918b76-7a6d-4d36-87f4-cdd30bc602d5,28235b3c-1fc1-4ba0-ac14-cbca199cbb30,13,4,"{""7e4fab2b-32cf-489b-ba1a-d4404720afad"": ""398"", ""11015fd0-81a3-4d26-a754-16f511d233c5"": ""390"", ""26ba987a-9ad8-4356-b9de-b30807fbe599"": ""346"", ""8c266a60-6074-461f-bfcd-375aa75ea242"": ""339"", ""75d4d09a-e3b0-4639-b235-f2f508319146"": {""distance"": ""280"", ""par"": ""4""}}"
77918b76-7a6d-4d36-87f4-cdd30bc602d5,28235b3c-1fc1-4ba0-ac14-cbca199cbb30,14,4,"{""7e4fab2b-32cf-489b-ba1a-d4404720afad"": ""301"", ""11015fd0-81a3-4d26-a754-16f511d233c5"": ""301"", ""26ba987a-9ad8-4356-b9de-b30807fbe599"": ""270"", ""8c266a60-6074-461f-bfcd-375aa75ea242"": ""260"", ""75d4d09a-e3b0-4639-b235-f2f508319146"": {""distance"": ""240"", ""par"": ""4""}}"
77918b76-7a6d-4d36-87f4-cdd30bc602d5,28235b3c-1fc1-4ba0-ac14-cbca199cbb30,15,4,"{""7e4fab2b-32cf-489b-ba1a-d4404720afad"": ""334"", ""11015fd0-81a3-4d26-a754-16f511d233c5"": ""330"", ""26ba987a-9ad8-4356-b9de-b30807fbe599"": ""310"", ""8c266a60-6074-461f-bfcd-375aa75ea242"": ""296"", ""75d4d09a-e3b0-4639-b235-f2f508319146"": {""distance"": ""280"", ""par"": ""4""}}"
77918b76-7a6d-4d36-87f4-cdd30bc602d5,28235b3c-1fc1-4ba0-ac14-cbca199cbb30,16,3,"{""7e4fab2b-32cf-489b-ba1a-d4404720afad"": ""162"", ""11015fd0-81a3-4d26-a754-16f511d233c5"": ""158"", ""26ba987a-9ad8-4356-b9de-b30807fbe599"": ""139"", ""8c266a60-6074-461f-bfcd-375aa75ea242"": ""127"", ""75d4d09a-e3b0-4639-b235-f2f508319146"": {""distance"": ""116"", ""par"": ""3""}}"
77918b76-7a6d-4d36-87f4-cdd30bc602d5,28235b3c-1fc1-4ba0-ac14-cbca199cbb30,17,5,"{""7e4fab2b-32cf-489b-ba1a-d4404720afad"": ""448"", ""11015fd0-81a3-4d26-a754-16f511d233c5"": ""445"", ""26ba987a-9ad8-4356-b9de-b30807fbe599"": ""408"", ""8c266a60-6074-461f-bfcd-375aa75ea242"": ""387"", ""75d4d09a-e3b0-4639-b235-f2f508319146"": {""distance"": ""364"", ""par"": ""5""}}"
77918b76-7a6d-4d36-87f4-cdd30bc602d5,28235b3c-1fc1-4ba0-ac14-cbca199cbb30,18,4,"{""7e4fab2b-32cf-489b-ba1a-d4404720afad"": ""396"", ""11015fd0-81a3-4d26-a754-16f511d233c5"": ""389"", ""26ba987a-9ad8-4356-b9de-b30807fbe599"": ""346"", ""8c266a60-6074-461f-bfcd-375aa75ea242"": ""331"", ""75d4d09a-e3b0-4639-b235-f2f508319146"": {""distance"": ""266"", ""par"": ""4""}}"
abc55d12-1177-42af-be0a-fcb06f8612ba,28235b3c-1fc1-4ba0-ac14-cbca199cbb30,1,5,"{""b90c63e6-7c33-44e0-8fe4-34b17b96eed9"": ""511"", ""44bda04b-b0ac-4414-aea5-317b24ebb66e"": ""505"", ""6374a2e1-ce71-4c78-9939-8f552d64e748"": ""480"", ""9a94893e-117d-4ab8-9f39-943562a17dba"": ""460"", ""f59cb30b-37f8-4b3b-9592-389a165c907a"": {""distance"": ""415"", ""par"": ""5""}}"
abc55d12-1177-42af-be0a-fcb06f8612ba,28235b3c-1fc1-4ba0-ac14-cbca199cbb30,2,3,"{""b90c63e6-7c33-44e0-8fe4-34b17b96eed9"": ""154"", ""44bda04b-b0ac-4414-aea5-317b24ebb66e"": ""150"", ""6374a2e1-ce71-4c78-9939-8f552d64e748"": ""140"", ""9a94893e-117d-4ab8-9f39-943562a17dba"": ""127"", ""f59cb30b-37f8-4b3b-9592-389a165c907a"": {""distance"": ""120"", ""par"": ""3""}}"
abc55d12-1177-42af-be0a-fcb06f8612ba,28235b3c-1fc1-4ba0-ac14-cbca199cbb30,3,5,"{""b90c63e6-7c33-44e0-8fe4-34b17b96eed9"": ""453"", ""44bda04b-b0ac-4414-aea5-317b24ebb66e"": ""450"", ""6374a2e1-ce71-4c78-9939-8f552d64e748"": ""421"", ""9a94893e-117d-4ab8-9f39-943562a17dba"": ""401"", ""f59cb30b-37f8-4b3b-9592-389a165c907a"": {""distance"": ""317"", ""par"": ""5""}}"
abc55d12-1177-42af-be0a-fcb06f8612ba,28235b3c-1fc1-4ba0-ac14-cbca199cbb30,4,4,"{""b90c63e6-7c33-44e0-8fe4-34b17b96eed9"": ""348"", ""44bda04b-b0ac-4414-aea5-317b24ebb66e"": ""343"", ""6374a2e1-ce71-4c78-9939-8f552d64e748"": ""310"", ""9a94893e-117d-4ab8-9f39-943562a17dba"": ""295"", ""f59cb30b-37f8-4b3b-9592-389a165c907a"": {""distance"": ""247"", ""par"": ""4""}}"
abc55d12-1177-42af-be0a-fcb06f8612ba,28235b3c-1fc1-4ba0-ac14-cbca199cbb30,5,4,"{""b90c63e6-7c33-44e0-8fe4-34b17b96eed9"": ""324"", ""44bda04b-b0ac-4414-aea5-317b24ebb66e"": ""320"", ""6374a2e1-ce71-4c78-9939-8f552d64e748"": ""298"", ""9a94893e-117d-4ab8-9f39-943562a17dba"": ""281"", ""f59cb30b-37f8-4b3b-9592-389a165c907a"": {""distance"": ""265"", ""par"": ""4""}}"
abc55d12-1177-42af-be0a-fcb06f8612ba,28235b3c-1fc1-4ba0-ac14-cbca199cbb30,6,4,"{""b90c63e6-7c33-44e0-8fe4-34b17b96eed9"": ""326"", ""44bda04b-b0ac-4414-aea5-317b24ebb66e"": ""326"", ""6374a2e1-ce71-4c78-9939-8f552d64e748"": ""282"", ""9a94893e-117d-4ab8-9f39-943562a17dba"": ""262"", ""f59cb30b-37f8-4b3b-9592-389a165c907a"": {""distance"": ""212"", ""par"": ""4""}}"
abc55d12-1177-42af-be0a-fcb06f8612ba,28235b3c-1fc1-4ba0-ac14-cbca199cbb30,7,4,"{""b90c63e6-7c33-44e0-8fe4-34b17b96eed9"": ""344"", ""44bda04b-b0ac-4414-aea5-317b24ebb66e"": ""338"", ""6374a2e1-ce71-4c78-9939-8f552d64e748"": ""311"", ""9a94893e-117d-4ab8-9f39-943562a17dba"": ""295"", ""f59cb30b-37f8-4b3b-9592-389a165c907a"": {""distance"": ""258"", ""par"": ""4""}}"
abc55d12-1177-42af-be0a-fcb06f8612ba,28235b3c-1fc1-4ba0-ac14-cbca199cbb30,8,3,"{""b90c63e6-7c33-44e0-8fe4-34b17b96eed9"": ""140"", ""44bda04b-b0ac-4414-aea5-317b24ebb66e"": ""133"", ""6374a2e1-ce71-4c78-9939-8f552d64e748"": ""115"", ""9a94893e-117d-4ab8-9f39-943562a17dba"": ""108"", ""f59cb30b-37f8-4b3b-9592-389a165c907a"": {""distance"": ""100"", ""par"": ""3""}}"
abc55d12-1177-42af-be0a-fcb06f8612ba,28235b3c-1fc1-4ba0-ac14-cbca199cbb30,9,4,"{""b90c63e6-7c33-44e0-8fe4-34b17b96eed9"": ""388"", ""44bda04b-b0ac-4414-aea5-317b24ebb66e"": ""379"", ""6374a2e1-ce71-4c78-9939-8f552d64e748"": ""363"", ""9a94893e-117d-4ab8-9f39-943562a17dba"": ""348"", ""f59cb30b-37f8-4b3b-9592-389a165c907a"": {""distance"": ""284"", ""par"": ""4""}}"
abc55d12-1177-42af-be0a-fcb06f8612ba,28235b3c-1fc1-4ba0-ac14-cbca199cbb30,10,5,"{""b90c63e6-7c33-44e0-8fe4-34b17b96eed9"": ""511"", ""44bda04b-b0ac-4414-aea5-317b24ebb66e"": ""505"", ""6374a2e1-ce71-4c78-9939-8f552d64e748"": ""480"", ""9a94893e-117d-4ab8-9f39-943562a17dba"": ""460"", ""f59cb30b-37f8-4b3b-9592-389a165c907a"": {""distance"": ""415"", ""par"": ""5""}}"
abc55d12-1177-42af-be0a-fcb06f8612ba,28235b3c-1fc1-4ba0-ac14-cbca199cbb30,11,3,"{""b90c63e6-7c33-44e0-8fe4-34b17b96eed9"": ""154"", ""44bda04b-b0ac-4414-aea5-317b24ebb66e"": ""150"", ""6374a2e1-ce71-4c78-9939-8f552d64e748"": ""140"", ""9a94893e-117d-4ab8-9f39-943562a17dba"": ""127"", ""f59cb30b-37f8-4b3b-9592-389a165c907a"": {""distance"": ""120"", ""par"": ""3""}}"
abc55d12-1177-42af-be0a-fcb06f8612ba,28235b3c-1fc1-4ba0-ac14-cbca199cbb30,12,5,"{""b90c63e6-7c33-44e0-8fe4-34b17b96eed9"": ""453"", ""44bda04b-b0ac-4414-aea5-317b24ebb66e"": ""450"", ""6374a2e1-ce71-4c78-9939-8f552d64e748"": ""421"", ""9a94893e-117d-4ab8-9f39-943562a17dba"": ""401"", ""f59cb30b-37f8-4b3b-9592-389a165c907a"": {""distance"": ""317"", ""par"": ""5""}}"
abc55d12-1177-42af-be0a-fcb06f8612ba,28235b3c-1fc1-4ba0-ac14-cbca199cbb30,13,4,"{""b90c63e6-7c33-44e0-8fe4-34b17b96eed9"": ""348"", ""44bda04b-b0ac-4414-aea5-317b24ebb66e"": ""343"", ""6374a2e1-ce71-4c78-9939-8f552d64e748"": ""310"", ""9a94893e-117d-4ab8-9f39-943562a17dba"": ""295"", ""f59cb30b-37f8-4b3b-9592-389a165c907a"": {""distance"": ""247"", ""par"": ""4""}}"
abc55d12-1177-42af-be0a-fcb06f8612ba,28235b3c-1fc1-4ba0-ac14-cbca199cbb30,14,4,"{""b90c63e6-7c33-44e0-8fe4-34b17b96eed9"": ""324"", ""44bda04b-b0ac-4414-aea5-317b24ebb66e"": ""320"", ""6374a2e1-ce71-4c78-9939-8f552d64e748"": ""298"", ""9a94893e-117d-4ab8-9f39-943562a17dba"": ""281"", ""f59cb30b-37f8-4b3b-9592-389a165c907a"": {""distance"": ""265"", ""par"": ""4""}}"
abc55d12-1177-42af-be0a-fcb06f8612ba,28235b3c-1fc1-4ba0-ac14-cbca199cbb30,15,4,"{""b90c63e6-7c33-44e0-8fe4-34b17b96eed9"": ""326"", ""44bda04b-b0ac-4414-aea5-317b24ebb66e"": ""326"", ""6374a2e1-ce71-4c78-9939-8f552d64e748"": ""282"", ""9a94893e-117d-4ab8-9f39-943562a17dba"": ""262"", ""f59cb30b-37f8-4b3b-9592-389a165c907a"": {""distance"": ""212"", ""par"": ""4""}}"
abc55d12-1177-42af-be0a-fcb06f8612ba,28235b3c-1fc1-4ba0-ac14-cbca199cbb30,16,4,"{""b90c63e6-7c33-44e0-8fe4-34b17b96eed9"": ""344"", ""44bda04b-b0ac-4414-aea5-317b24ebb66e"": ""338"", ""6374a2e1-ce71-4c78-9939-8f552d64e748"": ""311"", ""9a94893e-117d-4ab8-9f39-943562a17dba"": ""295"", ""f59cb30b-37f8-4b3b-9592-389a165c907a"": {""distance"": ""258"", ""par"": ""4""}}"
abc55d12-1177-42af-be0a-fcb06f8612ba,28235b3c-1fc1-4ba0-ac14-cbca199cbb30,17,3,"{""b90c63e6-7c33-44e0-8fe4-34b17b96eed9"": ""140"", ""44bda04b-b0ac-4414-aea5-317b24ebb66e"": ""133"", ""6374a2e1-ce71-4c78-9939-8f552d64e748"": ""115"", ""9a94893e-117d-4ab8-9f39-943562a17dba"": ""108"", ""f59cb30b-37f8-4b3b-9592-389a165c907a"": {""distance"": ""100"", ""par"": ""3""}}"
abc55d12-1177-42af-be0a-fcb06f8612ba,28235b3c-1fc1-4ba0-ac14-cbca199cbb30,18,4,"{""b90c63e6-7c33-44e0-8fe4-34b17b96eed9"": ""388"", ""44bda04b-b0ac-4414-aea5-317b24ebb66e"": ""379"", ""6374a2e1-ce71-4c78-9939-8f552d64e748"": ""363"", ""9a94893e-117d-4ab8-9f39-943562a17dba"": ""348"", ""f59cb30b-37f8-4b3b-9592-389a165c907a"": {""distance"": ""284"", ""par"": ""4""}}"
598abe1f-fc10-427d-8e52-3547e282729e,28235b3c-1fc1-4ba0-ac14-cbca199cbb30,1,5,"{""e7f5f6d3-b684-4061-a60e-23cb59e9c6e2"": ""505"", ""44a45bd0-3165-47b3-9364-df3538cc64b2"": ""480"", ""baeb78f1-53be-485c-8df4-a4b839bc67f4"": ""441"", ""745a95cf-ad58-44b5-b874-0df6d05b54a3"": ""418"", ""2b3b0427-093f-4a3d-94d0-a31d44c3a175"": {""distance"": ""371"", ""par"": ""5""}}"
598abe1f-fc10-427d-8e52-3547e282729e,28235b3c-1fc1-4ba0-ac14-cbca199cbb30,2,4,"{""e7f5f6d3-b684-4061-a60e-23cb59e9c6e2"": ""422"", ""44a45bd0-3165-47b3-9364-df3538cc64b2"": ""408"", ""baeb78f1-53be-485c-8df4-a4b839bc67f4"": ""356"", ""745a95cf-ad58-44b5-b874-0df6d05b54a3"": ""343"", ""2b3b0427-093f-4a3d-94d0-a31d44c3a175"": {""distance"": ""289"", ""par"": ""4""}}"
598abe1f-fc10-427d-8e52-3547e282729e,28235b3c-1fc1-4ba0-ac14-cbca199cbb30,3,3,"{""e7f5f6d3-b684-4061-a60e-23cb59e9c6e2"": ""198"", ""44a45bd0-3165-47b3-9364-df3538cc64b2"": ""183"", ""baeb78f1-53be-485c-8df4-a4b839bc67f4"": ""155"", ""745a95cf-ad58-44b5-b874-0df6d05b54a3"": ""143"", ""2b3b0427-093f-4a3d-94d0-a31d44c3a175"": {""distance"": ""134"", ""par"": ""3""}}"
598abe1f-fc10-427d-8e52-3547e282729e,28235b3c-1fc1-4ba0-ac14-cbca199cbb30,4,4,"{""e7f5f6d3-b684-4061-a60e-23cb59e9c6e2"": ""358"", ""44a45bd0-3165-47b3-9364-df3538cc64b2"": ""349"", ""baeb78f1-53be-485c-8df4-a4b839bc67f4"": ""336"", ""745a95cf-ad58-44b5-b874-0df6d05b54a3"": ""319"", ""2b3b0427-093f-4a3d-94d0-a31d44c3a175"": {""distance"": ""306"", ""par"": ""4""}}"
598abe1f-fc10-427d-8e52-3547e282729e,28235b3c-1fc1-4ba0-ac14-cbca199cbb30,5,4,"{""e7f5f6d3-b684-4061-a60e-23cb59e9c6e2"": ""355"", ""44a45bd0-3165-47b3-9364-df3538cc64b2"": ""348"", ""baeb78f1-53be-485c-8df4-a4b839bc67f4"": ""315"", ""745a95cf-ad58-44b5-b874-0df6d05b54a3"": ""293"", ""2b3b0427-093f-4a3d-94d0-a31d44c3a175"": {""distance"": ""258"", ""par"": ""4""}}"
598abe1f-fc10-427d-8e52-3547e282729e,28235b3c-1fc1-4ba0-ac14-cbca199cbb30,6,4,"{""e7f5f6d3-b684-4061-a60e-23cb59e9c6e2"": ""358"", ""44a45bd0-3165-47b3-9364-df3538cc64b2"": ""341"", ""baeb78f1-53be-485c-8df4-a4b839bc67f4"": ""317"", ""745a95cf-ad58-44b5-b874-0df6d05b54a3"": ""303"", ""2b3b0427-093f-4a3d-94d0-a31d44c3a175"": {""distance"": ""288"", ""par"": ""4""}}"
598abe1f-fc10-427d-8e52-3547e282729e,28235b3c-1fc1-4ba0-ac14-cbca199cbb30,7,4,"{""e7f5f6d3-b684-4061-a60e-23cb59e9c6e2"": ""330"", ""44a45bd0-3165-47b3-9364-df3538cc64b2"": ""325"", ""baeb78f1-53be-485c-8df4-a4b839bc67f4"": ""299"", ""745a95cf-ad58-44b5-b874-0df6d05b54a3"": ""284"", ""2b3b0427-093f-4a3d-94d0-a31d44c3a175"": {""distance"": ""267"", ""par"": ""4""}}"
598abe1f-fc10-427d-8e52-3547e282729e,28235b3c-1fc1-4ba0-ac14-cbca199cbb30,8,3,"{""e7f5f6d3-b684-4061-a60e-23cb59e9c6e2"": ""172"", ""44a45bd0-3165-47b3-9364-df3538cc64b2"": ""154"", ""baeb78f1-53be-485c-8df4-a4b839bc67f4"": ""124"", ""745a95cf-ad58-44b5-b874-0df6d05b54a3"": ""112"", ""2b3b0427-093f-4a3d-94d0-a31d44c3a175"": {""distance"": ""89"", ""par"": ""3""}}"
598abe1f-fc10-427d-8e52-3547e282729e,28235b3c-1fc1-4ba0-ac14-cbca199cbb30,9,5,"{""e7f5f6d3-b684-4061-a60e-23cb59e9c6e2"": ""508"", ""44a45bd0-3165-47b3-9364-df3538cc64b2"": ""500"", ""baeb78f1-53be-485c-8df4-a4b839bc67f4"": ""482"", ""745a95cf-ad58-44b5-b874-0df6d05b54a3"": ""470"", ""2b3b0427-093f-4a3d-94d0-a31d44c3a175"": {""distance"": ""449"", ""par"": ""5""}}"
598abe1f-fc10-427d-8e52-3547e282729e,28235b3c-1fc1-4ba0-ac14-cbca199cbb30,10,5,"{""e7f5f6d3-b684-4061-a60e-23cb59e9c6e2"": ""505"", ""44a45bd0-3165-47b3-9364-df3538cc64b2"": ""480"", ""baeb78f1-53be-485c-8df4-a4b839bc67f4"": ""441"", ""745a95cf-ad58-44b5-b874-0df6d05b54a3"": ""418"", ""2b3b0427-093f-4a3d-94d0-a31d44c3a175"": {""distance"": ""371"", ""par"": ""5""}}"
598abe1f-fc10-427d-8e52-3547e282729e,28235b3c-1fc1-4ba0-ac14-cbca199cbb30,11,4,"{""e7f5f6d3-b684-4061-a60e-23cb59e9c6e2"": ""422"", ""44a45bd0-3165-47b3-9364-df3538cc64b2"": ""408"", ""baeb78f1-53be-485c-8df4-a4b839bc67f4"": ""356"", ""745a95cf-ad58-44b5-b874-0df6d05b54a3"": ""343"", ""2b3b0427-093f-4a3d-94d0-a31d44c3a175"": {""distance"": ""289"", ""par"": ""4""}}"
598abe1f-fc10-427d-8e52-3547e282729e,28235b3c-1fc1-4ba0-ac14-cbca199cbb30,12,3,"{""e7f5f6d3-b684-4061-a60e-23cb59e9c6e2"": ""198"", ""44a45bd0-3165-47b3-9364-df3538cc64b2"": ""183"", ""baeb78f1-53be-485c-8df4-a4b839bc67f4"": ""155"", ""745a95cf-ad58-44b5-b874-0df6d05b54a3"": ""143"", ""2b3b0427-093f-4a3d-94d0-a31d44c3a175"": {""distance"": ""134"", ""par"": ""3""}}"
598abe1f-fc10-427d-8e52-3547e282729e,28235b3c-1fc1-4ba0-ac14-cbca199cbb30,13,4,"{""e7f5f6d3-b684-4061-a60e-23cb59e9c6e2"": ""358"", ""44a45bd0-3165-47b3-9364-df3538cc64b2"": ""349"", ""baeb78f1-53be-485c-8df4-a4b839bc67f4"": ""336"", ""745a95cf-ad58-44b5-b874-0df6d05b54a3"": ""319"", ""2b3b0427-093f-4a3d-94d0-a31d44c3a175"": {""distance"": ""306"", ""par"": ""4""}}"
598abe1f-fc10-427d-8e52-3547e282729e,28235b3c-1fc1-4ba0-ac14-cbca199cbb30,14,4,"{""e7f5f6d3-b684-4061-a60e-23cb59e9c6e2"": ""355"", ""44a45bd0-3165-47b3-9364-df3538cc64b2"": ""348"", ""baeb78f1-53be-485c-8df4-a4b839bc67f4"": ""315"", ""745a95cf-ad58-44b5-b874-0df6d05b54a3"": ""293"", ""2b3b0427-093f-4a3d-94d0-a31d44c3a175"": {""distance"": ""258"", ""par"": ""4""}}"
598abe1f-fc10-427d-8e52-3547e282729e,28235b3c-1fc1-4ba0-ac14-cbca199cbb30,15,4,"{""e7f5f6d3-b684-4061-a60e-23cb59e9c6e2"": ""358"", ""44a45bd0-3165-47b3-9364-df3538cc64b2"": ""341"", ""baeb78f1-53be-485c-8df4-a4b839bc67f4"": ""317"", ""745a95cf-ad58-44b5-b874-0df6d05b54a3"": ""303"", ""2b3b0427-093f-4a3d-94d0-a31d44c3a175"": {""distance"": ""288"", ""par"": ""4""}}"
598abe1f-fc10-427d-8e52-3547e282729e,28235b3c-1fc1-4ba0-ac14-cbca199cbb30,16,4,"{""e7f5f6d3-b684-4061-a60e-23cb59e9c6e2"": ""330"", ""44a45bd0-3165-47b3-9364-df3538cc64b2"": ""325"", ""baeb78f1-53be-485c-8df4-a4b839bc67f4"": ""299"", ""745a95cf-ad58-44b5-b874-0df6d05b54a3"": ""284"", ""2b3b0427-093f-4a3d-94d0-a31d44c3a175"": {""distance"": ""267"", ""par"": ""4""}}"
598abe1f-fc10-427d-8e52-3547e282729e,28235b3c-1fc1-4ba0-ac14-cbca199cbb30,17,3,"{""e7f5f6d3-b684-4061-a60e-23cb59e9c6e2"": ""172"", ""44a45bd0-3165-47b3-9364-df3538cc64b2"": ""154"", ""baeb78f1-53be-485c-8df4-a4b839bc67f4"": ""124"", ""745a95cf-ad58-44b5-b874-0df6d05b54a3"": ""112"", ""2b3b0427-093f-4a3d-94d0-a31d44c3a175"": {""distance"": ""89"", ""par"": ""3""}}"
598abe1f-fc10-427d-8e52-3547e282729e,28235b3c-1fc1-4ba0-ac14-cbca199cbb30,18,5,"{""e7f5f6d3-b684-4061-a60e-23cb59e9c6e2"": ""508"", ""44a45bd0-3165-47b3-9364-df3538cc64b2"": ""500"", ""baeb78f1-53be-485c-8df4-a4b839bc67f4"": ""482"", ""745a95cf-ad58-44b5-b874-0df6d05b54a3"": ""470"", ""2b3b0427-093f-4a3d-94d0-a31d44c3a175"": {""distance"": ""449"", ""par"": ""5""}}"
1bb12caf-56e7-42ba-872a-9e42e078410c,28235b3c-1fc1-4ba0-ac14-cbca199cbb30,1,4,"{""cee60264-f648-4c56-99a2-ff29bf3f77ef"": ""340"", ""ed25db6c-792f-4d61-afb4-60e745e77cee"": ""336"", ""3047b9ba-44cd-4002-a8d5-c7e9d479a83b"": ""315"", ""3c06d9fb-ca81-416c-ae0c-d94e8404ce13"": ""307"", ""d8889f3f-9ccb-435e-b600-7e8e419f160f"": {""distance"": ""279"", ""par"": ""4""}}"
1bb12caf-56e7-42ba-872a-9e42e078410c,28235b3c-1fc1-4ba0-ac14-cbca199cbb30,2,5,"{""cee60264-f648-4c56-99a2-ff29bf3f77ef"": ""455"", ""ed25db6c-792f-4d61-afb4-60e745e77cee"": ""450"", ""3047b9ba-44cd-4002-a8d5-c7e9d479a83b"": ""434"", ""3c06d9fb-ca81-416c-ae0c-d94e8404ce13"": ""421"", ""d8889f3f-9ccb-435e-b600-7e8e419f160f"": {""distance"": ""393"", ""par"": ""5""}}"
1bb12caf-56e7-42ba-872a-9e42e078410c,28235b3c-1fc1-4ba0-ac14-cbca199cbb30,3,3,"{""cee60264-f648-4c56-99a2-ff29bf3f77ef"": ""172"", ""ed25db6c-792f-4d61-afb4-60e745e77cee"": ""164"", ""3047b9ba-44cd-4002-a8d5-c7e9d479a83b"": ""139"", ""3c06d9fb-ca81-416c-ae0c-d94e8404ce13"": ""131"", ""d8889f3f-9ccb-435e-b600-7e8e419f160f"": {""distance"": ""106"", ""par"": ""3""}}"
1bb12caf-56e7-42ba-872a-9e42e078410c,28235b3c-1fc1-4ba0-ac14-cbca199cbb30,4,4,"{""cee60264-f648-4c56-99a2-ff29bf3f77ef"": ""398"", ""ed25db6c-792f-4d61-afb4-60e745e77cee"": ""390"", ""3047b9ba-44cd-4002-a8d5-c7e9d479a83b"": ""346"", ""3c06d9fb-ca81-416c-ae0c-d94e8404ce13"": ""339"", ""d8889f3f-9ccb-435e-b600-7e8e419f160f"": {""distance"": ""280"", ""par"": ""4""}}"
1bb12caf-56e7-42ba-872a-9e42e078410c,28235b3c-1fc1-4ba0-ac14-cbca199cbb30,5,4,"{""cee60264-f648-4c56-99a2-ff29bf3f77ef"": ""301"", ""ed25db6c-792f-4d61-afb4-60e745e77cee"": ""301"", ""3047b9ba-44cd-4002-a8d5-c7e9d479a83b"": ""270"", ""3c06d9fb-ca81-416c-ae0c-d94e8404ce13"": ""260"", ""d8889f3f-9ccb-435e-b600-7e8e419f160f"": {""distance"": ""240"", ""par"": ""4""}}"
1bb12caf-56e7-42ba-872a-9e42e078410c,28235b3c-1fc1-4ba0-ac14-cbca199cbb30,6,4,"{""cee60264-f648-4c56-99a2-ff29bf3f77ef"": ""334"", ""ed25db6c-792f-4d61-afb4-60e745e77cee"": ""330"", ""3047b9ba-44cd-4002-a8d5-c7e9d479a83b"": ""310"", ""3c06d9fb-ca81-416c-ae0c-d94e8404ce13"": ""296"", ""d8889f3f-9ccb-435e-b600-7e8e419f160f"": {""distance"": ""280"", ""par"": ""4""}}"
1bb12caf-56e7-42ba-872a-9e42e078410c,28235b3c-1fc1-4ba0-ac14-cbca199cbb30,7,3,"{""cee60264-f648-4c56-99a2-ff29bf3f77ef"": ""162"", ""ed25db6c-792f-4d61-afb4-60e745e77cee"": ""158"", ""3047b9ba-44cd-4002-a8d5-c7e9d479a83b"": ""139"", ""3c06d9fb-ca81-416c-ae0c-d94e8404ce13"": ""127"", ""d8889f3f-9ccb-435e-b600-7e8e419f160f"": {""distance"": ""116"", ""par"": ""3""}}"
1bb12caf-56e7-42ba-872a-9e42e078410c,28235b3c-1fc1-4ba0-ac14-cbca199cbb30,8,5,"{""cee60264-f648-4c56-99a2-ff29bf3f77ef"": ""448"", ""ed25db6c-792f-4d61-afb4-60e745e77cee"": ""445"", ""3047b9ba-44cd-4002-a8d5-c7e9d479a83b"": ""408"", ""3c06d9fb-ca81-416c-ae0c-d94e8404ce13"": ""387"", ""d8889f3f-9ccb-435e-b600-7e8e419f160f"": {""distance"": ""364"", ""par"": ""5""}}"
1bb12caf-56e7-42ba-872a-9e42e078410c,28235b3c-1fc1-4ba0-ac14-cbca199cbb30,9,4,"{""cee60264-f648-4c56-99a2-ff29bf3f77ef"": ""396"", ""ed25db6c-792f-4d61-afb4-60e745e77cee"": ""389"", ""3047b9ba-44cd-4002-a8d5-c7e9d479a83b"": ""346"", ""3c06d9fb-ca81-416c-ae0c-d94e8404ce13"": ""331"", ""d8889f3f-9ccb-435e-b600-7e8e419f160f"": {""distance"": ""266"", ""par"": ""4""}}"
1bb12caf-56e7-42ba-872a-9e42e078410c,28235b3c-1fc1-4ba0-ac14-cbca199cbb30,10,5,"{""cee60264-f648-4c56-99a2-ff29bf3f77ef"": ""511"", ""ed25db6c-792f-4d61-afb4-60e745e77cee"": ""505"", ""3047b9ba-44cd-4002-a8d5-c7e9d479a83b"": ""480"", ""3c06d9fb-ca81-416c-ae0c-d94e8404ce13"": ""460"", ""d8889f3f-9ccb-435e-b600-7e8e419f160f"": {""distance"": ""415"", ""par"": ""5""}}"
1bb12caf-56e7-42ba-872a-9e42e078410c,28235b3c-1fc1-4ba0-ac14-cbca199cbb30,11,3,"{""cee60264-f648-4c56-99a2-ff29bf3f77ef"": ""154"", ""ed25db6c-792f-4d61-afb4-60e745e77cee"": ""150"", ""3047b9ba-44cd-4002-a8d5-c7e9d479a83b"": ""140"", ""3c06d9fb-ca81-416c-ae0c-d94e8404ce13"": ""127"", ""d8889f3f-9ccb-435e-b600-7e8e419f160f"": {""distance"": ""120"", ""par"": ""3""}}"
1bb12caf-56e7-42ba-872a-9e42e078410c,28235b3c-1fc1-4ba0-ac14-cbca199cbb30,12,5,"{""cee60264-f648-4c56-99a2-ff29bf3f77ef"": ""453"", ""ed25db6c-792f-4d61-afb4-60e745e77cee"": ""450"", ""3047b9ba-44cd-4002-a8d5-c7e9d479a83b"": ""421"", ""3c06d9fb-ca81-416c-ae0c-d94e8404ce13"": ""401"", ""d8889f3f-9ccb-435e-b600-7e8e419f160f"": {""distance"": ""317"", ""par"": ""5""}}"
1bb12caf-56e7-42ba-872a-9e42e078410c,28235b3c-1fc1-4ba0-ac14-cbca199cbb30,13,4,"{""cee60264-f648-4c56-99a2-ff29bf3f77ef"": ""348"", ""ed25db6c-792f-4d61-afb4-60e745e77cee"": ""343"", ""3047b9ba-44cd-4002-a8d5-c7e9d479a83b"": ""310"", ""3c06d9fb-ca81-416c-ae0c-d94e8404ce13"": ""295"", ""d8889f3f-9ccb-435e-b600-7e8e419f160f"": {""distance"": ""247"", ""par"": ""4""}}"
1bb12caf-56e7-42ba-872a-9e42e078410c,28235b3c-1fc1-4ba0-ac14-cbca199cbb30,14,4,"{""cee60264-f648-4c56-99a2-ff29bf3f77ef"": ""324"", ""ed25db6c-792f-4d61-afb4-60e745e77cee"": ""320"", ""3047b9ba-44cd-4002-a8d5-c7e9d479a83b"": ""298"", ""3c06d9fb-ca81-416c-ae0c-d94e8404ce13"": ""281"", ""d8889f3f-9ccb-435e-b600-7e8e419f160f"": {""distance"": ""265"", ""par"": ""4""}}"
1bb12caf-56e7-42ba-872a-9e42e078410c,28235b3c-1fc1-4ba0-ac14-cbca199cbb30,15,4,"{""cee60264-f648-4c56-99a2-ff29bf3f77ef"": ""326"", ""ed25db6c-792f-4d61-afb4-60e745e77cee"": ""326"", ""3047b9ba-44cd-4002-a8d5-c7e9d479a83b"": ""282"", ""3c06d9fb-ca81-416c-ae0c-d94e8404ce13"": ""262"", ""d8889f3f-9ccb-435e-b600-7e8e419f160f"": {""distance"": ""212"", ""par"": ""4""}}"
1bb12caf-56e7-42ba-872a-9e42e078410c,28235b3c-1fc1-4ba0-ac14-cbca199cbb30,16,4,"{""cee60264-f648-4c56-99a2-ff29bf3f77ef"": ""344"", ""ed25db6c-792f-4d61-afb4-60e745e77cee"": ""338"", ""3047b9ba-44cd-4002-a8d5-c7e9d479a83b"": ""311"", ""3c06d9fb-ca81-416c-ae0c-d94e8404ce13"": ""295"", ""d8889f3f-9ccb-435e-b600-7e8e419f160f"": {""distance"": ""258"", ""par"": ""4""}}"
1bb12caf-56e7-42ba-872a-9e42e078410c,28235b3c-1fc1-4ba0-ac14-cbca199cbb30,17,3,"{""cee60264-f648-4c56-99a2-ff29bf3f77ef"": ""140"", ""ed25db6c-792f-4d61-afb4-60e745e77cee"": ""133"", ""3047b9ba-44cd-4002-a8d5-c7e9d479a83b"": ""115"", ""3c06d9fb-ca81-416c-ae0c-d94e8404ce13"": ""108"", ""d8889f3f-9ccb-435e-b600-7e8e419f160f"": {""distance"": ""100"", ""par"": ""3""}}"
1bb12caf-56e7-42ba-872a-9e42e078410c,28235b3c-1fc1-4ba0-ac14-cbca199cbb30,18,4,"{""cee60264-f648-4c56-99a2-ff29bf3f77ef"": ""388"", ""ed25db6c-792f-4d61-afb4-60e745e77cee"": ""379"", ""3047b9ba-44cd-4002-a8d5-c7e9d479a83b"": ""363"", ""3c06d9fb-ca81-416c-ae0c-d94e8404ce13"": ""348"", ""d8889f3f-9ccb-435e-b600-7e8e419f160f"": {""distance"": ""284"", ""par"": ""4""}}"
be3679da-d07c-42bc-811c-15e5182d965c,28235b3c-1fc1-4ba0-ac14-cbca199cbb30,1,4,"{""b7f1c8f6-0174-4311-b0a5-8eb428fd93c8"": ""340"", ""188d24cc-7a1a-465c-930f-2b0422794845"": ""336"", ""fc132937-5d20-4631-b2e1-b7887172fa35"": ""315"", ""ad07156d-d62d-4e9c-aec5-995912e93566"": ""307"", ""39bd5d6b-a3ef-4e10-87a7-769c40e1d4de"": {""distance"": ""279"", ""par"": ""4""}}"
be3679da-d07c-42bc-811c-15e5182d965c,28235b3c-1fc1-4ba0-ac14-cbca199cbb30,2,5,"{""b7f1c8f6-0174-4311-b0a5-8eb428fd93c8"": ""455"", ""188d24cc-7a1a-465c-930f-2b0422794845"": ""450"", ""fc132937-5d20-4631-b2e1-b7887172fa35"": ""434"", ""ad07156d-d62d-4e9c-aec5-995912e93566"": ""421"", ""39bd5d6b-a3ef-4e10-87a7-769c40e1d4de"": {""distance"": ""393"", ""par"": ""5""}}"
be3679da-d07c-42bc-811c-15e5182d965c,28235b3c-1fc1-4ba0-ac14-cbca199cbb30,3,3,"{""b7f1c8f6-0174-4311-b0a5-8eb428fd93c8"": ""172"", ""188d24cc-7a1a-465c-930f-2b0422794845"": ""164"", ""fc132937-5d20-4631-b2e1-b7887172fa35"": ""139"", ""ad07156d-d62d-4e9c-aec5-995912e93566"": ""131"", ""39bd5d6b-a3ef-4e10-87a7-769c40e1d4de"": {""distance"": ""106"", ""par"": ""3""}}"
be3679da-d07c-42bc-811c-15e5182d965c,28235b3c-1fc1-4ba0-ac14-cbca199cbb30,4,4,"{""b7f1c8f6-0174-4311-b0a5-8eb428fd93c8"": ""398"", ""188d24cc-7a1a-465c-930f-2b0422794845"": ""390"", ""fc132937-5d20-4631-b2e1-b7887172fa35"": ""346"", ""ad07156d-d62d-4e9c-aec5-995912e93566"": ""339"", ""39bd5d6b-a3ef-4e10-87a7-769c40e1d4de"": {""distance"": ""280"", ""par"": ""4""}}"
be3679da-d07c-42bc-811c-15e5182d965c,28235b3c-1fc1-4ba0-ac14-cbca199cbb30,5,4,"{""b7f1c8f6-0174-4311-b0a5-8eb428fd93c8"": ""301"", ""188d24cc-7a1a-465c-930f-2b0422794845"": ""301"", ""fc132937-5d20-4631-b2e1-b7887172fa35"": ""270"", ""ad07156d-d62d-4e9c-aec5-995912e93566"": ""260"", ""39bd5d6b-a3ef-4e10-87a7-769c40e1d4de"": {""distance"": ""240"", ""par"": ""4""}}"
be3679da-d07c-42bc-811c-15e5182d965c,28235b3c-1fc1-4ba0-ac14-cbca199cbb30,6,4,"{""b7f1c8f6-0174-4311-b0a5-8eb428fd93c8"": ""334"", ""188d24cc-7a1a-465c-930f-2b0422794845"": ""330"", ""fc132937-5d20-4631-b2e1-b7887172fa35"": ""310"", ""ad07156d-d62d-4e9c-aec5-995912e93566"": ""296"", ""39bd5d6b-a3ef-4e10-87a7-769c40e1d4de"": {""distance"": ""280"", ""par"": ""4""}}"
be3679da-d07c-42bc-811c-15e5182d965c,28235b3c-1fc1-4ba0-ac14-cbca199cbb30,7,3,"{""b7f1c8f6-0174-4311-b0a5-8eb428fd93c8"": ""162"", ""188d24cc-7a1a-465c-930f-2b0422794845"": ""158"", ""fc132937-5d20-4631-b2e1-b7887172fa35"": ""139"", ""ad07156d-d62d-4e9c-aec5-995912e93566"": ""127"", ""39bd5d6b-a3ef-4e10-87a7-769c40e1d4de"": {""distance"": ""116"", ""par"": ""3""}}"
be3679da-d07c-42bc-811c-15e5182d965c,28235b3c-1fc1-4ba0-ac14-cbca199cbb30,8,5,"{""b7f1c8f6-0174-4311-b0a5-8eb428fd93c8"": ""448"", ""188d24cc-7a1a-465c-930f-2b0422794845"": ""445"", ""fc132937-5d20-4631-b2e1-b7887172fa35"": ""408"", ""ad07156d-d62d-4e9c-aec5-995912e93566"": ""387"", ""39bd5d6b-a3ef-4e10-87a7-769c40e1d4de"": {""distance"": ""364"", ""par"": ""5""}}"
be3679da-d07c-42bc-811c-15e5182d965c,28235b3c-1fc1-4ba0-ac14-cbca199cbb30,9,4,"{""b7f1c8f6-0174-4311-b0a5-8eb428fd93c8"": ""396"", ""188d24cc-7a1a-465c-930f-2b0422794845"": ""389"", ""fc132937-5d20-4631-b2e1-b7887172fa35"": ""346"", ""ad07156d-d62d-4e9c-aec5-995912e93566"": ""331"", ""39bd5d6b-a3ef-4e10-87a7-769c40e1d4de"": {""distance"": ""266"", ""par"": ""4""}}"
be3679da-d07c-42bc-811c-15e5182d965c,28235b3c-1fc1-4ba0-ac14-cbca199cbb30,10,5,"{""b7f1c8f6-0174-4311-b0a5-8eb428fd93c8"": ""505"", ""188d24cc-7a1a-465c-930f-2b0422794845"": ""480"", ""fc132937-5d20-4631-b2e1-b7887172fa35"": ""441"", ""ad07156d-d62d-4e9c-aec5-995912e93566"": ""418"", ""39bd5d6b-a3ef-4e10-87a7-769c40e1d4de"": {""distance"": ""371"", ""par"": ""5""}}"
be3679da-d07c-42bc-811c-15e5182d965c,28235b3c-1fc1-4ba0-ac14-cbca199cbb30,11,4,"{""b7f1c8f6-0174-4311-b0a5-8eb428fd93c8"": ""422"", ""188d24cc-7a1a-465c-930f-2b0422794845"": ""408"", ""fc132937-5d20-4631-b2e1-b7887172fa35"": ""356"", ""ad07156d-d62d-4e9c-aec5-995912e93566"": ""343"", ""39bd5d6b-a3ef-4e10-87a7-769c40e1d4de"": {""distance"": ""289"", ""par"": ""4""}}"
be3679da-d07c-42bc-811c-15e5182d965c,28235b3c-1fc1-4ba0-ac14-cbca199cbb30,12,3,"{""b7f1c8f6-0174-4311-b0a5-8eb428fd93c8"": ""198"", ""188d24cc-7a1a-465c-930f-2b0422794845"": ""183"", ""fc132937-5d20-4631-b2e1-b7887172fa35"": ""155"", ""ad07156d-d62d-4e9c-aec5-995912e93566"": ""143"", ""39bd5d6b-a3ef-4e10-87a7-769c40e1d4de"": {""distance"": ""134"", ""par"": ""3""}}"
be3679da-d07c-42bc-811c-15e5182d965c,28235b3c-1fc1-4ba0-ac14-cbca199cbb30,13,4,"{""b7f1c8f6-0174-4311-b0a5-8eb428fd93c8"": ""358"", ""188d24cc-7a1a-465c-930f-2b0422794845"": ""349"", ""fc132937-5d20-4631-b2e1-b7887172fa35"": ""336"", ""ad07156d-d62d-4e9c-aec5-995912e93566"": ""319"", ""39bd5d6b-a3ef-4e10-87a7-769c40e1d4de"": {""distance"": ""306"", ""par"": ""4""}}"
be3679da-d07c-42bc-811c-15e5182d965c,28235b3c-1fc1-4ba0-ac14-cbca199cbb30,14,4,"{""b7f1c8f6-0174-4311-b0a5-8eb428fd93c8"": ""355"", ""188d24cc-7a1a-465c-930f-2b0422794845"": ""348"", ""fc132937-5d20-4631-b2e1-b7887172fa35"": ""315"", ""ad07156d-d62d-4e9c-aec5-995912e93566"": ""293"", ""39bd5d6b-a3ef-4e10-87a7-769c40e1d4de"": {""distance"": ""258"", ""par"": ""4""}}"
be3679da-d07c-42bc-811c-15e5182d965c,28235b3c-1fc1-4ba0-ac14-cbca199cbb30,15,4,"{""b7f1c8f6-0174-4311-b0a5-8eb428fd93c8"": ""358"", ""188d24cc-7a1a-465c-930f-2b0422794845"": ""341"", ""fc132937-5d20-4631-b2e1-b7887172fa35"": ""317"", ""ad07156d-d62d-4e9c-aec5-995912e93566"": ""303"", ""39bd5d6b-a3ef-4e10-87a7-769c40e1d4de"": {""distance"": ""288"", ""par"": ""4""}}"
be3679da-d07c-42bc-811c-15e5182d965c,28235b3c-1fc1-4ba0-ac14-cbca199cbb30,16,4,"{""b7f1c8f6-0174-4311-b0a5-8eb428fd93c8"": ""330"", ""188d24cc-7a1a-465c-930f-2b0422794845"": ""325"", ""fc132937-5d20-4631-b2e1-b7887172fa35"": ""299"", ""ad07156d-d62d-4e9c-aec5-995912e93566"": ""284"", ""39bd5d6b-a3ef-4e10-87a7-769c40e1d4de"": {""distance"": ""267"", ""par"": ""4""}}"
be3679da-d07c-42bc-811c-15e5182d965c,28235b3c-1fc1-4ba0-ac14-cbca199cbb30,17,3,"{""b7f1c8f6-0174-4311-b0a5-8eb428fd93c8"": ""172"", ""188d24cc-7a1a-465c-930f-2b0422794845"": ""154"", ""fc132937-5d20-4631-b2e1-b7887172fa35"": ""124"", ""ad07156d-d62d-4e9c-aec5-995912e93566"": ""112"", ""39bd5d6b-a3ef-4e10-87a7-769c40e1d4de"": {""distance"": ""89"", ""par"": ""3""}}"
be3679da-d07c-42bc-811c-15e5182d965c,28235b3c-1fc1-4ba0-ac14-cbca199cbb30,18,5,"{""b7f1c8f6-0174-4311-b0a5-8eb428fd93c8"": ""508"", ""188d24cc-7a1a-465c-930f-2b0422794845"": ""500"", ""fc132937-5d20-4631-b2e1-b7887172fa35"": ""482"", ""ad07156d-d62d-4e9c-aec5-995912e93566"": ""470"", ""39bd5d6b-a3ef-4e10-87a7-769c40e1d4de"": {""distance"": ""449"", ""par"": ""5""}}"
7ab6ff9d-ee9d-441e-a781-262bcd87a54b,28235b3c-1fc1-4ba0-ac14-cbca199cbb30,1,5,"{""96724a3a-4721-446e-9171-68a01ea1ff6b"": ""511"", ""e1c40e09-48bc-4c3c-bc92-ff383ae84b41"": ""505"", ""d51bc8bb-e0e3-4425-b512-faa41819eef1"": ""480"", ""9d20857a-35c3-4b46-aafa-962df46f1869"": ""460"", ""29701d05-f479-4159-8dcd-024c6f6582c5"": {""distance"": ""415"", ""par"": ""5""}}"
7ab6ff9d-ee9d-441e-a781-262bcd87a54b,28235b3c-1fc1-4ba0-ac14-cbca199cbb30,2,3,"{""96724a3a-4721-446e-9171-68a01ea1ff6b"": ""154"", ""e1c40e09-48bc-4c3c-bc92-ff383ae84b41"": ""150"", ""d51bc8bb-e0e3-4425-b512-faa41819eef1"": ""140"", ""9d20857a-35c3-4b46-aafa-962df46f1869"": ""127"", ""29701d05-f479-4159-8dcd-024c6f6582c5"": {""distance"": ""120"", ""par"": ""3""}}"
7ab6ff9d-ee9d-441e-a781-262bcd87a54b,28235b3c-1fc1-4ba0-ac14-cbca199cbb30,3,5,"{""96724a3a-4721-446e-9171-68a01ea1ff6b"": ""453"", ""e1c40e09-48bc-4c3c-bc92-ff383ae84b41"": ""450"", ""d51bc8bb-e0e3-4425-b512-faa41819eef1"": ""421"", ""9d20857a-35c3-4b46-aafa-962df46f1869"": ""401"", ""29701d05-f479-4159-8dcd-024c6f6582c5"": {""distance"": ""317"", ""par"": ""5""}}"
7ab6ff9d-ee9d-441e-a781-262bcd87a54b,28235b3c-1fc1-4ba0-ac14-cbca199cbb30,4,4,"{""96724a3a-4721-446e-9171-68a01ea1ff6b"": ""348"", ""e1c40e09-48bc-4c3c-bc92-ff383ae84b41"": ""343"", ""d51bc8bb-e0e3-4425-b512-faa41819eef1"": ""310"", ""9d20857a-35c3-4b46-aafa-962df46f1869"": ""295"", ""29701d05-f479-4159-8dcd-024c6f6582c5"": {""distance"": ""247"", ""par"": ""4""}}"
7ab6ff9d-ee9d-441e-a781-262bcd87a54b,28235b3c-1fc1-4ba0-ac14-cbca199cbb30,5,4,"{""96724a3a-4721-446e-9171-68a01ea1ff6b"": ""324"", ""e1c40e09-48bc-4c3c-bc92-ff383ae84b41"": ""320"", ""d51bc8bb-e0e3-4425-b512-faa41819eef1"": ""298"", ""9d20857a-35c3-4b46-aafa-962df46f1869"": ""281"", ""29701d05-f479-4159-8dcd-024c6f6582c5"": {""distance"": ""265"", ""par"": ""4""}}"
7ab6ff9d-ee9d-441e-a781-262bcd87a54b,28235b3c-1fc1-4ba0-ac14-cbca199cbb30,6,4,"{""96724a3a-4721-446e-9171-68a01ea1ff6b"": ""326"", ""e1c40e09-48bc-4c3c-bc92-ff383ae84b41"": ""326"", ""d51bc8bb-e0e3-4425-b512-faa41819eef1"": ""282"", ""9d20857a-35c3-4b46-aafa-962df46f1869"": ""262"", ""29701d05-f479-4159-8dcd-024c6f6582c5"": {""distance"": ""212"", ""par"": ""4""}}"
7ab6ff9d-ee9d-441e-a781-262bcd87a54b,28235b3c-1fc1-4ba0-ac14-cbca199cbb30,7,4,"{""96724a3a-4721-446e-9171-68a01ea1ff6b"": ""344"", ""e1c40e09-48bc-4c3c-bc92-ff383ae84b41"": ""338"", ""d51bc8bb-e0e3-4425-b512-faa41819eef1"": ""311"", ""9d20857a-35c3-4b46-aafa-962df46f1869"": ""295"", ""29701d05-f479-4159-8dcd-024c6f6582c5"": {""distance"": ""258"", ""par"": ""4""}}"
7ab6ff9d-ee9d-441e-a781-262bcd87a54b,28235b3c-1fc1-4ba0-ac14-cbca199cbb30,8,3,"{""96724a3a-4721-446e-9171-68a01ea1ff6b"": ""140"", ""e1c40e09-48bc-4c3c-bc92-ff383ae84b41"": ""133"", ""d51bc8bb-e0e3-4425-b512-faa41819eef1"": ""115"", ""9d20857a-35c3-4b46-aafa-962df46f1869"": ""108"", ""29701d05-f479-4159-8dcd-024c6f6582c5"": {""distance"": ""100"", ""par"": ""3""}}"
7ab6ff9d-ee9d-441e-a781-262bcd87a54b,28235b3c-1fc1-4ba0-ac14-cbca199cbb30,9,4,"{""96724a3a-4721-446e-9171-68a01ea1ff6b"": ""388"", ""e1c40e09-48bc-4c3c-bc92-ff383ae84b41"": ""379"", ""d51bc8bb-e0e3-4425-b512-faa41819eef1"": ""363"", ""9d20857a-35c3-4b46-aafa-962df46f1869"": ""348"", ""29701d05-f479-4159-8dcd-024c6f6582c5"": {""distance"": ""284"", ""par"": ""4""}}"
7ab6ff9d-ee9d-441e-a781-262bcd87a54b,28235b3c-1fc1-4ba0-ac14-cbca199cbb30,10,5,"{""96724a3a-4721-446e-9171-68a01ea1ff6b"": ""505"", ""e1c40e09-48bc-4c3c-bc92-ff383ae84b41"": ""480"", ""d51bc8bb-e0e3-4425-b512-faa41819eef1"": ""441"", ""9d20857a-35c3-4b46-aafa-962df46f1869"": ""418"", ""29701d05-f479-4159-8dcd-024c6f6582c5"": {""distance"": ""371"", ""par"": ""5""}}"
7ab6ff9d-ee9d-441e-a781-262bcd87a54b,28235b3c-1fc1-4ba0-ac14-cbca199cbb30,11,4,"{""96724a3a-4721-446e-9171-68a01ea1ff6b"": ""422"", ""e1c40e09-48bc-4c3c-bc92-ff383ae84b41"": ""408"", ""d51bc8bb-e0e3-4425-b512-faa41819eef1"": ""356"", ""9d20857a-35c3-4b46-aafa-962df46f1869"": ""343"", ""29701d05-f479-4159-8dcd-024c6f6582c5"": {""distance"": ""289"", ""par"": ""4""}}"
7ab6ff9d-ee9d-441e-a781-262bcd87a54b,28235b3c-1fc1-4ba0-ac14-cbca199cbb30,12,3,"{""96724a3a-4721-446e-9171-68a01ea1ff6b"": ""198"", ""e1c40e09-48bc-4c3c-bc92-ff383ae84b41"": ""183"", ""d51bc8bb-e0e3-4425-b512-faa41819eef1"": ""155"", ""9d20857a-35c3-4b46-aafa-962df46f1869"": ""143"", ""29701d05-f479-4159-8dcd-024c6f6582c5"": {""distance"": ""134"", ""par"": ""3""}}"
7ab6ff9d-ee9d-441e-a781-262bcd87a54b,28235b3c-1fc1-4ba0-ac14-cbca199cbb30,13,4,"{""96724a3a-4721-446e-9171-68a01ea1ff6b"": ""358"", ""e1c40e09-48bc-4c3c-bc92-ff383ae84b41"": ""349"", ""d51bc8bb-e0e3-4425-b512-faa41819eef1"": ""336"", ""9d20857a-35c3-4b46-aafa-962df46f1869"": ""319"", ""29701d05-f479-4159-8dcd-024c6f6582c5"": {""distance"": ""306"", ""par"": ""4""}}"
7ab6ff9d-ee9d-441e-a781-262bcd87a54b,28235b3c-1fc1-4ba0-ac14-cbca199cbb30,14,4,"{""96724a3a-4721-446e-9171-68a01ea1ff6b"": ""355"", ""e1c40e09-48bc-4c3c-bc92-ff383ae84b41"": ""348"", ""d51bc8bb-e0e3-4425-b512-faa41819eef1"": ""315"", ""9d20857a-35c3-4b46-aafa-962df46f1869"": ""293"", ""29701d05-f479-4159-8dcd-024c6f6582c5"": {""distance"": ""258"", ""par"": ""4""}}"
7ab6ff9d-ee9d-441e-a781-262bcd87a54b,28235b3c-1fc1-4ba0-ac14-cbca199cbb30,15,4,"{""96724a3a-4721-446e-9171-68a01ea1ff6b"": ""358"", ""e1c40e09-48bc-4c3c-bc92-ff383ae84b41"": ""341"", ""d51bc8bb-e0e3-4425-b512-faa41819eef1"": ""317"", ""9d20857a-35c3-4b46-aafa-962df46f1869"": ""303"", ""29701d05-f479-4159-8dcd-024c6f6582c5"": {""distance"": ""288"", ""par"": ""4""}}"
7ab6ff9d-ee9d-441e-a781-262bcd87a54b,28235b3c-1fc1-4ba0-ac14-cbca199cbb30,16,4,"{""96724a3a-4721-446e-9171-68a01ea1ff6b"": ""330"", ""e1c40e09-48bc-4c3c-bc92-ff383ae84b41"": ""325"", ""d51bc8bb-e0e3-4425-b512-faa41819eef1"": ""299"", ""9d20857a-35c3-4b46-aafa-962df46f1869"": ""284"", ""29701d05-f479-4159-8dcd-024c6f6582c5"": {""distance"": ""267"", ""par"": ""4""}}"
7ab6ff9d-ee9d-441e-a781-262bcd87a54b,28235b3c-1fc1-4ba0-ac14-cbca199cbb30,17,3,"{""96724a3a-4721-446e-9171-68a01ea1ff6b"": ""172"", ""e1c40e09-48bc-4c3c-bc92-ff383ae84b41"": ""154"", ""d51bc8bb-e0e3-4425-b512-faa41819eef1"": ""124"", ""9d20857a-35c3-4b46-aafa-962df46f1869"": ""112"", ""29701d05-f479-4159-8dcd-024c6f6582c5"": {""distance"": ""89"", ""par"": ""3""}}"
7ab6ff9d-ee9d-441e-a781-262bcd87a54b,28235b3c-1fc1-4ba0-ac14-cbca199cbb30,18,5,"{""96724a3a-4721-446e-9171-68a01ea1ff6b"": ""508"", ""e1c40e09-48bc-4c3c-bc92-ff383ae84b41"": ""500"", ""d51bc8bb-e0e3-4425-b512-faa41819eef1"": ""482"", ""9d20857a-35c3-4b46-aafa-962df46f1869"": ""470"", ""29701d05-f479-4159-8dcd-024c6f6582c5"": {""distance"": ""449"", ""par"": ""5""}}"
a65983d1-3e23-407c-a502-91757de3faa2,4c3c4de4-0f9f-4e7c-b641-49e5dbca01e4,1,4,"{""7264b490-5ebb-473d-86dd-7be7ab2929a3"": ""352"", ""5a2922da-b727-463a-89a6-5c1dbf8260ae"": ""328"", ""9f322efe-7ab6-456d-baa5-c4372523d7f7"": ""309"", ""b7dc5772-e571-4270-861c-d8485d67c1f8"": {""distance"": ""274"", ""par"": ""4""}}"
a65983d1-3e23-407c-a502-91757de3faa2,4c3c4de4-0f9f-4e7c-b641-49e5dbca01e4,2,3,"{""7264b490-5ebb-473d-86dd-7be7ab2929a3"": ""161"", ""5a2922da-b727-463a-89a6-5c1dbf8260ae"": ""148"", ""9f322efe-7ab6-456d-baa5-c4372523d7f7"": ""139"", ""b7dc5772-e571-4270-861c-d8485d67c1f8"": {""distance"": ""126"", ""par"": ""3""}}"
a65983d1-3e23-407c-a502-91757de3faa2,4c3c4de4-0f9f-4e7c-b641-49e5dbca01e4,3,4,"{""7264b490-5ebb-473d-86dd-7be7ab2929a3"": ""251"", ""5a2922da-b727-463a-89a6-5c1dbf8260ae"": ""251"", ""9f322efe-7ab6-456d-baa5-c4372523d7f7"": ""251"", ""b7dc5772-e571-4270-861c-d8485d67c1f8"": {""distance"": ""251"", ""par"": ""4""}}"
a65983d1-3e23-407c-a502-91757de3faa2,4c3c4de4-0f9f-4e7c-b641-49e5dbca01e4,4,3,"{""7264b490-5ebb-473d-86dd-7be7ab2929a3"": ""161"", ""5a2922da-b727-463a-89a6-5c1dbf8260ae"": ""151"", ""9f322efe-7ab6-456d-baa5-c4372523d7f7"": ""143"", ""b7dc5772-e571-4270-861c-d8485d67c1f8"": {""distance"": ""132"", ""par"": ""3""}}"
a65983d1-3e23-407c-a502-91757de3faa2,4c3c4de4-0f9f-4e7c-b641-49e5dbca01e4,5,5,"{""7264b490-5ebb-473d-86dd-7be7ab2929a3"": ""485"", ""5a2922da-b727-463a-89a6-5c1dbf8260ae"": ""448"", ""9f322efe-7ab6-456d-baa5-c4372523d7f7"": ""395"", ""b7dc5772-e571-4270-861c-d8485d67c1f8"": {""distance"": ""373"", ""par"": ""5""}}"
a65983d1-3e23-407c-a502-91757de3faa2,4c3c4de4-0f9f-4e7c-b641-49e5dbca01e4,6,5,"{""7264b490-5ebb-473d-86dd-7be7ab2929a3"": ""609"", ""5a2922da-b727-463a-89a6-5c1dbf8260ae"": ""532"", ""9f322efe-7ab6-456d-baa5-c4372523d7f7"": ""476"", ""b7dc5772-e571-4270-861c-d8485d67c1f8"": {""distance"": ""454"", ""par"": ""5""}}"
a65983d1-3e23-407c-a502-91757de3faa2,4c3c4de4-0f9f-4e7c-b641-49e5dbca01e4,7,4,"{""7264b490-5ebb-473d-86dd-7be7ab2929a3"": ""242"", ""5a2922da-b727-463a-89a6-5c1dbf8260ae"": ""229"", ""9f322efe-7ab6-456d-baa5-c4372523d7f7"": ""209"", ""b7dc5772-e571-4270-861c-d8485d67c1f8"": {""distance"": ""193"", ""par"": ""4""}}"
a65983d1-3e23-407c-a502-91757de3faa2,4c3c4de4-0f9f-4e7c-b641-49e5dbca01e4,8,4,"{""7264b490-5ebb-473d-86dd-7be7ab2929a3"": ""405"", ""5a2922da-b727-463a-89a6-5c1dbf8260ae"": ""391"", ""9f322efe-7ab6-456d-baa5-c4372523d7f7"": ""382"", ""b7dc5772-e571-4270-861c-d8485d67c1f8"": {""distance"": ""367"", ""par"": ""4""}}"
a65983d1-3e23-407c-a502-91757de3faa2,4c3c4de4-0f9f-4e7c-b641-49e5dbca01e4,9,3,"{""7264b490-5ebb-473d-86dd-7be7ab2929a3"": ""158"", ""5a2922da-b727-463a-89a6-5c1dbf8260ae"": ""121"", ""9f322efe-7ab6-456d-baa5-c4372523d7f7"": ""111"", ""b7dc5772-e571-4270-861c-d8485d67c1f8"": {""distance"": ""91"", ""par"": ""3""}}"
a65983d1-3e23-407c-a502-91757de3faa2,4c3c4de4-0f9f-4e7c-b641-49e5dbca01e4,10,5,"{""7264b490-5ebb-473d-86dd-7be7ab2929a3"": ""484"", ""5a2922da-b727-463a-89a6-5c1dbf8260ae"": ""465"", ""9f322efe-7ab6-456d-baa5-c4372523d7f7"": ""439"", ""b7dc5772-e571-4270-861c-d8485d67c1f8"": {""distance"": ""414"", ""par"": ""5""}}"
a65983d1-3e23-407c-a502-91757de3faa2,4c3c4de4-0f9f-4e7c-b641-49e5dbca01e4,11,4,"{""7264b490-5ebb-473d-86dd-7be7ab2929a3"": ""426"", ""5a2922da-b727-463a-89a6-5c1dbf8260ae"": ""403"", ""9f322efe-7ab6-456d-baa5-c4372523d7f7"": ""356"", ""b7dc5772-e571-4270-861c-d8485d67c1f8"": {""distance"": ""346"", ""par"": ""4""}}"
a65983d1-3e23-407c-a502-91757de3faa2,4c3c4de4-0f9f-4e7c-b641-49e5dbca01e4,12,4,"{""7264b490-5ebb-473d-86dd-7be7ab2929a3"": ""346"", ""5a2922da-b727-463a-89a6-5c1dbf8260ae"": ""336"", ""9f322efe-7ab6-456d-baa5-c4372523d7f7"": ""257"", ""b7dc5772-e571-4270-861c-d8485d67c1f8"": {""distance"": ""251"", ""par"": ""4""}}"
a65983d1-3e23-407c-a502-91757de3faa2,4c3c4de4-0f9f-4e7c-b641-49e5dbca01e4,13,4,"{""7264b490-5ebb-473d-86dd-7be7ab2929a3"": ""371"", ""5a2922da-b727-463a-89a6-5c1dbf8260ae"": ""343"", ""9f322efe-7ab6-456d-baa5-c4372523d7f7"": ""337"", ""b7dc5772-e571-4270-861c-d8485d67c1f8"": {""distance"": ""328"", ""par"": ""4""}}"
a65983d1-3e23-407c-a502-91757de3faa2,4c3c4de4-0f9f-4e7c-b641-49e5dbca01e4,14,4,"{""7264b490-5ebb-473d-86dd-7be7ab2929a3"": ""279"", ""5a2922da-b727-463a-89a6-5c1dbf8260ae"": ""273"", ""9f322efe-7ab6-456d-baa5-c4372523d7f7"": ""258"", ""b7dc5772-e571-4270-861c-d8485d67c1f8"": {""distance"": ""232"", ""par"": ""4""}}"
a65983d1-3e23-407c-a502-91757de3faa2,4c3c4de4-0f9f-4e7c-b641-49e5dbca01e4,15,3,"{""7264b490-5ebb-473d-86dd-7be7ab2929a3"": ""186"", ""5a2922da-b727-463a-89a6-5c1dbf8260ae"": ""174"", ""9f322efe-7ab6-456d-baa5-c4372523d7f7"": ""169"", ""b7dc5772-e571-4270-861c-d8485d67c1f8"": {""distance"": ""162"", ""par"": ""3""}}"
a65983d1-3e23-407c-a502-91757de3faa2,4c3c4de4-0f9f-4e7c-b641-49e5dbca01e4,16,4,"{""7264b490-5ebb-473d-86dd-7be7ab2929a3"": ""315"", ""5a2922da-b727-463a-89a6-5c1dbf8260ae"": ""304"", ""9f322efe-7ab6-456d-baa5-c4372523d7f7"": ""291"", ""b7dc5772-e571-4270-861c-d8485d67c1f8"": {""distance"": ""265"", ""par"": ""4""}}"
a65983d1-3e23-407c-a502-91757de3faa2,4c3c4de4-0f9f-4e7c-b641-49e5dbca01e4,17,4,"{""7264b490-5ebb-473d-86dd-7be7ab2929a3"": ""344"", ""5a2922da-b727-463a-89a6-5c1dbf8260ae"": ""324"", ""9f322efe-7ab6-456d-baa5-c4372523d7f7"": ""297"", ""b7dc5772-e571-4270-861c-d8485d67c1f8"": {""distance"": ""279"", ""par"": ""4""}}"
a65983d1-3e23-407c-a502-91757de3faa2,4c3c4de4-0f9f-4e7c-b641-49e5dbca01e4,18,5,"{""7264b490-5ebb-473d-86dd-7be7ab2929a3"": ""455"", ""5a2922da-b727-463a-89a6-5c1dbf8260ae"": ""435"", ""9f322efe-7ab6-456d-baa5-c4372523d7f7"": ""426"", ""b7dc5772-e571-4270-861c-d8485d67c1f8"": {""distance"": ""378"", ""par"": ""5""}}"
ac66cfba-7c12-443f-9086-ade9b6eb5a54,4c667633-57e8-44d5-b87e-6d572ef1bd3f,1,4,"{""60712526-fbd4-457f-afc0-68a094ce288d"": ""357"", ""8f7b8cca-c1fb-44c0-a89b-007880d4b700"": ""357""}"
ac66cfba-7c12-443f-9086-ade9b6eb5a54,4c667633-57e8-44d5-b87e-6d572ef1bd3f,2,4,"{""60712526-fbd4-457f-afc0-68a094ce288d"": ""220"", ""8f7b8cca-c1fb-44c0-a89b-007880d4b700"": ""220""}"
ac66cfba-7c12-443f-9086-ade9b6eb5a54,4c667633-57e8-44d5-b87e-6d572ef1bd3f,3,3,"{""60712526-fbd4-457f-afc0-68a094ce288d"": ""102"", ""8f7b8cca-c1fb-44c0-a89b-007880d4b700"": ""102""}"
ac66cfba-7c12-443f-9086-ade9b6eb5a54,4c667633-57e8-44d5-b87e-6d572ef1bd3f,4,4,"{""60712526-fbd4-457f-afc0-68a094ce288d"": ""397"", ""8f7b8cca-c1fb-44c0-a89b-007880d4b700"": ""397""}"
ac66cfba-7c12-443f-9086-ade9b6eb5a54,4c667633-57e8-44d5-b87e-6d572ef1bd3f,5,4,"{""60712526-fbd4-457f-afc0-68a094ce288d"": ""300"", ""8f7b8cca-c1fb-44c0-a89b-007880d4b700"": ""300""}"
ac66cfba-7c12-443f-9086-ade9b6eb5a54,4c667633-57e8-44d5-b87e-6d572ef1bd3f,6,4,"{""60712526-fbd4-457f-afc0-68a094ce288d"": ""290"", ""8f7b8cca-c1fb-44c0-a89b-007880d4b700"": ""290""}"
ac66cfba-7c12-443f-9086-ade9b6eb5a54,4c667633-57e8-44d5-b87e-6d572ef1bd3f,7,3,"{""60712526-fbd4-457f-afc0-68a094ce288d"": ""126"", ""8f7b8cca-c1fb-44c0-a89b-007880d4b700"": ""126""}"
ac66cfba-7c12-443f-9086-ade9b6eb5a54,4c667633-57e8-44d5-b87e-6d572ef1bd3f,8,4,"{""60712526-fbd4-457f-afc0-68a094ce288d"": ""297"", ""8f7b8cca-c1fb-44c0-a89b-007880d4b700"": ""297""}"
ac66cfba-7c12-443f-9086-ade9b6eb5a54,4c667633-57e8-44d5-b87e-6d572ef1bd3f,9,4,"{""60712526-fbd4-457f-afc0-68a094ce288d"": ""321"", ""8f7b8cca-c1fb-44c0-a89b-007880d4b700"": ""321""}"
b80f2f3e-1405-4481-b5d5-81784902bbf4,734200ed-4da4-4409-a3fe-af04d95a9228,1,4,"{""0fc470fc-0c45-47ca-9ce2-c2c9fd7eb402"": ""340"", ""deb5e60c-9db0-4bdc-a04b-1cad0f69fe6d"": {""distance"": ""310"", ""par"": ""4""}}"
b80f2f3e-1405-4481-b5d5-81784902bbf4,734200ed-4da4-4409-a3fe-af04d95a9228,2,4,"{""0fc470fc-0c45-47ca-9ce2-c2c9fd7eb402"": ""370"", ""deb5e60c-9db0-4bdc-a04b-1cad0f69fe6d"": {""distance"": ""330"", ""par"": ""4""}}"
b80f2f3e-1405-4481-b5d5-81784902bbf4,734200ed-4da4-4409-a3fe-af04d95a9228,3,4,"{""0fc470fc-0c45-47ca-9ce2-c2c9fd7eb402"": ""313"", ""deb5e60c-9db0-4bdc-a04b-1cad0f69fe6d"": {""distance"": ""268"", ""par"": ""4""}}"
b80f2f3e-1405-4481-b5d5-81784902bbf4,734200ed-4da4-4409-a3fe-af04d95a9228,4,3,"{""0fc470fc-0c45-47ca-9ce2-c2c9fd7eb402"": ""128"", ""deb5e60c-9db0-4bdc-a04b-1cad0f69fe6d"": {""distance"": ""102"", ""par"": ""3""}}"
b80f2f3e-1405-4481-b5d5-81784902bbf4,734200ed-4da4-4409-a3fe-af04d95a9228,5,3,"{""0fc470fc-0c45-47ca-9ce2-c2c9fd7eb402"": ""140"", ""deb5e60c-9db0-4bdc-a04b-1cad0f69fe6d"": {""distance"": ""124"", ""par"": ""3""}}"
b80f2f3e-1405-4481-b5d5-81784902bbf4,734200ed-4da4-4409-a3fe-af04d95a9228,6,3,"{""0fc470fc-0c45-47ca-9ce2-c2c9fd7eb402"": ""195"", ""deb5e60c-9db0-4bdc-a04b-1cad0f69fe6d"": {""distance"": ""170"", ""par"": ""3""}}"
b80f2f3e-1405-4481-b5d5-81784902bbf4,734200ed-4da4-4409-a3fe-af04d95a9228,7,3,"{""0fc470fc-0c45-47ca-9ce2-c2c9fd7eb402"": ""144"", ""deb5e60c-9db0-4bdc-a04b-1cad0f69fe6d"": {""distance"": ""127"", ""par"": ""3""}}"
b80f2f3e-1405-4481-b5d5-81784902bbf4,734200ed-4da4-4409-a3fe-af04d95a9228,8,3,"{""0fc470fc-0c45-47ca-9ce2-c2c9fd7eb402"": ""172"", ""deb5e60c-9db0-4bdc-a04b-1cad0f69fe6d"": {""distance"": ""131"", ""par"": ""3""}}"
b80f2f3e-1405-4481-b5d5-81784902bbf4,734200ed-4da4-4409-a3fe-af04d95a9228,9,3,"{""0fc470fc-0c45-47ca-9ce2-c2c9fd7eb402"": ""115"", ""deb5e60c-9db0-4bdc-a04b-1cad0f69fe6d"": {""distance"": ""97"", ""par"": ""3""}}"
88d90e7f-30df-4bf6-b4e8-6d950862eebc,909b2662-b411-47fc-8c4d-f3cb873e1a1f,1,5,"{""0bd2c5f1-2b2b-47fb-9f21-6df0b99d0e2b"": ""510"", ""4f1d10f7-8115-4906-ac62-c0fde9c719fb"": ""510"", ""89ce54c5-d87d-4f6f-a817-3578767c25b7"": ""484"", ""f723615b-9dc0-4150-8d81-8db836480476"": ""438"", ""a627b020-eef3-4b11-ae28-03aa408817d7"": ""416"", ""253581f5-f084-4e1b-b8c2-94a9c0ca56d8"": {""distance"": ""400"", ""par"": ""5""}}"
88d90e7f-30df-4bf6-b4e8-6d950862eebc,909b2662-b411-47fc-8c4d-f3cb873e1a1f,2,3,"{""0bd2c5f1-2b2b-47fb-9f21-6df0b99d0e2b"": ""152"", ""4f1d10f7-8115-4906-ac62-c0fde9c719fb"": ""152"", ""89ce54c5-d87d-4f6f-a817-3578767c25b7"": ""146"", ""f723615b-9dc0-4150-8d81-8db836480476"": ""143"", ""a627b020-eef3-4b11-ae28-03aa408817d7"": ""139"", ""253581f5-f084-4e1b-b8c2-94a9c0ca56d8"": {""distance"": ""96"", ""par"": ""3""}}"
88d90e7f-30df-4bf6-b4e8-6d950862eebc,909b2662-b411-47fc-8c4d-f3cb873e1a1f,3,4,"{""0bd2c5f1-2b2b-47fb-9f21-6df0b99d0e2b"": ""378"", ""4f1d10f7-8115-4906-ac62-c0fde9c719fb"": ""369"", ""89ce54c5-d87d-4f6f-a817-3578767c25b7"": ""272"", ""f723615b-9dc0-4150-8d81-8db836480476"": ""272"", ""a627b020-eef3-4b11-ae28-03aa408817d7"": ""225"", ""253581f5-f084-4e1b-b8c2-94a9c0ca56d8"": {""distance"": ""221"", ""par"": ""4""}}"
88d90e7f-30df-4bf6-b4e8-6d950862eebc,909b2662-b411-47fc-8c4d-f3cb873e1a1f,4,4,"{""0bd2c5f1-2b2b-47fb-9f21-6df0b99d0e2b"": ""380"", ""4f1d10f7-8115-4906-ac62-c0fde9c719fb"": ""374"", ""89ce54c5-d87d-4f6f-a817-3578767c25b7"": ""363"", ""f723615b-9dc0-4150-8d81-8db836480476"": ""318"", ""a627b020-eef3-4b11-ae28-03aa408817d7"": ""297"", ""253581f5-f084-4e1b-b8c2-94a9c0ca56d8"": {""distance"": ""253"", ""par"": ""4""}}"
88d90e7f-30df-4bf6-b4e8-6d950862eebc,909b2662-b411-47fc-8c4d-f3cb873e1a1f,5,3,"{""0bd2c5f1-2b2b-47fb-9f21-6df0b99d0e2b"": ""172"", ""4f1d10f7-8115-4906-ac62-c0fde9c719fb"": ""172"", ""89ce54c5-d87d-4f6f-a817-3578767c25b7"": ""164"", ""f723615b-9dc0-4150-8d81-8db836480476"": ""140"", ""a627b020-eef3-4b11-ae28-03aa408817d7"": ""136"", ""253581f5-f084-4e1b-b8c2-94a9c0ca56d8"": {""distance"": ""95"", ""par"": ""3""}}"
88d90e7f-30df-4bf6-b4e8-6d950862eebc,909b2662-b411-47fc-8c4d-f3cb873e1a1f,6,4,"{""0bd2c5f1-2b2b-47fb-9f21-6df0b99d0e2b"": ""402"", ""4f1d10f7-8115-4906-ac62-c0fde9c719fb"": ""402"", ""89ce54c5-d87d-4f6f-a817-3578767c25b7"": ""386"", ""f723615b-9dc0-4150-8d81-8db836480476"": ""358"", ""a627b020-eef3-4b11-ae28-03aa408817d7"": ""352"", ""253581f5-f084-4e1b-b8c2-94a9c0ca56d8"": {""distance"": ""278"", ""par"": ""4""}}"
88d90e7f-30df-4bf6-b4e8-6d950862eebc,909b2662-b411-47fc-8c4d-f3cb873e1a1f,7,5,"{""0bd2c5f1-2b2b-47fb-9f21-6df0b99d0e2b"": ""504"", ""4f1d10f7-8115-4906-ac62-c0fde9c719fb"": ""504"", ""89ce54c5-d87d-4f6f-a817-3578767c25b7"": ""499"", ""f723615b-9dc0-4150-8d81-8db836480476"": ""451"", ""a627b020-eef3-4b11-ae28-03aa408817d7"": ""431"", ""253581f5-f084-4e1b-b8c2-94a9c0ca56d8"": {""distance"": ""390"", ""par"": ""5""}}"
88d90e7f-30df-4bf6-b4e8-6d950862eebc,909b2662-b411-47fc-8c4d-f3cb873e1a1f,8,4,"{""0bd2c5f1-2b2b-47fb-9f21-6df0b99d0e2b"": ""335"", ""4f1d10f7-8115-4906-ac62-c0fde9c719fb"": ""335"", ""89ce54c5-d87d-4f6f-a817-3578767c25b7"": ""324"", ""f723615b-9dc0-4150-8d81-8db836480476"": ""284"", ""a627b020-eef3-4b11-ae28-03aa408817d7"": ""274"", ""253581f5-f084-4e1b-b8c2-94a9c0ca56d8"": {""distance"": ""270"", ""par"": ""4""}}"
88d90e7f-30df-4bf6-b4e8-6d950862eebc,909b2662-b411-47fc-8c4d-f3cb873e1a1f,9,4,"{""0bd2c5f1-2b2b-47fb-9f21-6df0b99d0e2b"": ""274"", ""4f1d10f7-8115-4906-ac62-c0fde9c719fb"": ""274"", ""89ce54c5-d87d-4f6f-a817-3578767c25b7"": ""257"", ""f723615b-9dc0-4150-8d81-8db836480476"": ""239"", ""a627b020-eef3-4b11-ae28-03aa408817d7"": ""235"", ""253581f5-f084-4e1b-b8c2-94a9c0ca56d8"": {""distance"": ""188"", ""par"": ""4""}}"
88d90e7f-30df-4bf6-b4e8-6d950862eebc,909b2662-b411-47fc-8c4d-f3cb873e1a1f,10,5,"{""0bd2c5f1-2b2b-47fb-9f21-6df0b99d0e2b"": ""552"", ""4f1d10f7-8115-4906-ac62-c0fde9c719fb"": ""497"", ""89ce54c5-d87d-4f6f-a817-3578767c25b7"": ""472"", ""f723615b-9dc0-4150-8d81-8db836480476"": ""442"", ""a627b020-eef3-4b11-ae28-03aa408817d7"": ""410"", ""253581f5-f084-4e1b-b8c2-94a9c0ca56d8"": {""distance"": ""398"", ""par"": ""5""}}"
88d90e7f-30df-4bf6-b4e8-6d950862eebc,909b2662-b411-47fc-8c4d-f3cb873e1a1f,11,4,"{""0bd2c5f1-2b2b-47fb-9f21-6df0b99d0e2b"": ""328"", ""4f1d10f7-8115-4906-ac62-c0fde9c719fb"": ""328"", ""89ce54c5-d87d-4f6f-a817-3578767c25b7"": ""314"", ""f723615b-9dc0-4150-8d81-8db836480476"": ""293"", ""a627b020-eef3-4b11-ae28-03aa408817d7"": ""281"", ""253581f5-f084-4e1b-b8c2-94a9c0ca56d8"": {""distance"": ""212"", ""par"": ""4""}}"
88d90e7f-30df-4bf6-b4e8-6d950862eebc,909b2662-b411-47fc-8c4d-f3cb873e1a1f,12,4,"{""0bd2c5f1-2b2b-47fb-9f21-6df0b99d0e2b"": ""374"", ""4f1d10f7-8115-4906-ac62-c0fde9c719fb"": ""374"", ""89ce54c5-d87d-4f6f-a817-3578767c25b7"": ""361"", ""f723615b-9dc0-4150-8d81-8db836480476"": ""348"", ""a627b020-eef3-4b11-ae28-03aa408817d7"": ""326"", ""253581f5-f084-4e1b-b8c2-94a9c0ca56d8"": {""distance"": ""228"", ""par"": ""4""}}"
88d90e7f-30df-4bf6-b4e8-6d950862eebc,909b2662-b411-47fc-8c4d-f3cb873e1a1f,13,5,"{""0bd2c5f1-2b2b-47fb-9f21-6df0b99d0e2b"": ""521"", ""4f1d10f7-8115-4906-ac62-c0fde9c719fb"": ""521"", ""89ce54c5-d87d-4f6f-a817-3578767c25b7"": ""483"", ""f723615b-9dc0-4150-8d81-8db836480476"": ""458"", ""a627b020-eef3-4b11-ae28-03aa408817d7"": ""445"", ""253581f5-f084-4e1b-b8c2-94a9c0ca56d8"": {""distance"": ""323"", ""par"": ""5""}}"
88d90e7f-30df-4bf6-b4e8-6d950862eebc,909b2662-b411-47fc-8c4d-f3cb873e1a1f,14,3,"{""0bd2c5f1-2b2b-47fb-9f21-6df0b99d0e2b"": ""151"", ""4f1d10f7-8115-4906-ac62-c0fde9c719fb"": ""151"", ""89ce54c5-d87d-4f6f-a817-3578767c25b7"": ""130"", ""f723615b-9dc0-4150-8d81-8db836480476"": ""117"", ""a627b020-eef3-4b11-ae28-03aa408817d7"": ""112"", ""253581f5-f084-4e1b-b8c2-94a9c0ca56d8"": {""distance"": ""107"", ""par"": ""3""}}"
88d90e7f-30df-4bf6-b4e8-6d950862eebc,909b2662-b411-47fc-8c4d-f3cb873e1a1f,15,4,"{""0bd2c5f1-2b2b-47fb-9f21-6df0b99d0e2b"": ""341"", ""4f1d10f7-8115-4906-ac62-c0fde9c719fb"": ""341"", ""89ce54c5-d87d-4f6f-a817-3578767c25b7"": ""317"", ""f723615b-9dc0-4150-8d81-8db836480476"": ""311"", ""a627b020-eef3-4b11-ae28-03aa408817d7"": ""255"", ""253581f5-f084-4e1b-b8c2-94a9c0ca56d8"": {""distance"": ""224"", ""par"": ""4""}}"
88d90e7f-30df-4bf6-b4e8-6d950862eebc,909b2662-b411-47fc-8c4d-f3cb873e1a1f,16,3,"{""0bd2c5f1-2b2b-47fb-9f21-6df0b99d0e2b"": ""155"", ""4f1d10f7-8115-4906-ac62-c0fde9c719fb"": ""155"", ""89ce54c5-d87d-4f6f-a817-3578767c25b7"": ""142"", ""f723615b-9dc0-4150-8d81-8db836480476"": ""126"", ""a627b020-eef3-4b11-ae28-03aa408817d7"": ""113"", ""253581f5-f084-4e1b-b8c2-94a9c0ca56d8"": {""distance"": ""110"", ""par"": ""3""}}"
88d90e7f-30df-4bf6-b4e8-6d950862eebc,909b2662-b411-47fc-8c4d-f3cb873e1a1f,17,4,"{""0bd2c5f1-2b2b-47fb-9f21-6df0b99d0e2b"": ""387"", ""4f1d10f7-8115-4906-ac62-c0fde9c719fb"": ""387"", ""89ce54c5-d87d-4f6f-a817-3578767c25b7"": ""364"", ""f723615b-9dc0-4150-8d81-8db836480476"": ""345"", ""a627b020-eef3-4b11-ae28-03aa408817d7"": ""337"", ""253581f5-f084-4e1b-b8c2-94a9c0ca56d8"": {""distance"": ""262"", ""par"": ""4""}}"
88d90e7f-30df-4bf6-b4e8-6d950862eebc,909b2662-b411-47fc-8c4d-f3cb873e1a1f,18,4,"{""0bd2c5f1-2b2b-47fb-9f21-6df0b99d0e2b"": ""338"", ""4f1d10f7-8115-4906-ac62-c0fde9c719fb"": ""338"", ""89ce54c5-d87d-4f6f-a817-3578767c25b7"": ""321"", ""f723615b-9dc0-4150-8d81-8db836480476"": ""300"", ""a627b020-eef3-4b11-ae28-03aa408817d7"": ""293"", ""253581f5-f084-4e1b-b8c2-94a9c0ca56d8"": {""distance"": ""243"", ""par"": ""4""}}"
2174c0ba-286d-46a8-9340-360e57fe6b85,909b2662-b411-47fc-8c4d-f3cb873e1a1f,1,4,"{""4d6160f7-1b99-4a44-80c5-1d8fef5a929d"": ""217"", ""47bbbb8d-a7d3-4e96-abe8-124c1e772b2d"": {""distance"": ""183"", ""par"": ""4""}}"
2174c0ba-286d-46a8-9340-360e57fe6b85,909b2662-b411-47fc-8c4d-f3cb873e1a1f,2,3,"{""4d6160f7-1b99-4a44-80c5-1d8fef5a929d"": ""99"", ""47bbbb8d-a7d3-4e96-abe8-124c1e772b2d"": {""distance"": ""75"", ""par"": ""3""}}"
2174c0ba-286d-46a8-9340-360e57fe6b85,909b2662-b411-47fc-8c4d-f3cb873e1a1f,3,3,"{""4d6160f7-1b99-4a44-80c5-1d8fef5a929d"": ""127"", ""47bbbb8d-a7d3-4e96-abe8-124c1e772b2d"": {""distance"": ""98"", ""par"": ""3""}}"
2174c0ba-286d-46a8-9340-360e57fe6b85,909b2662-b411-47fc-8c4d-f3cb873e1a1f,4,4,"{""4d6160f7-1b99-4a44-80c5-1d8fef5a929d"": ""259"", ""47bbbb8d-a7d3-4e96-abe8-124c1e772b2d"": {""distance"": ""238"", ""par"": ""4""}}"
2174c0ba-286d-46a8-9340-360e57fe6b85,909b2662-b411-47fc-8c4d-f3cb873e1a1f,5,4,"{""4d6160f7-1b99-4a44-80c5-1d8fef5a929d"": ""287"", ""47bbbb8d-a7d3-4e96-abe8-124c1e772b2d"": {""distance"": ""254"", ""par"": ""4""}}"
2174c0ba-286d-46a8-9340-360e57fe6b85,909b2662-b411-47fc-8c4d-f3cb873e1a1f,6,3,"{""4d6160f7-1b99-4a44-80c5-1d8fef5a929d"": ""158"", ""47bbbb8d-a7d3-4e96-abe8-124c1e772b2d"": {""distance"": ""147"", ""par"": ""3""}}"
2174c0ba-286d-46a8-9340-360e57fe6b85,909b2662-b411-47fc-8c4d-f3cb873e1a1f,7,5,"{""4d6160f7-1b99-4a44-80c5-1d8fef5a929d"": ""437"", ""47bbbb8d-a7d3-4e96-abe8-124c1e772b2d"": {""distance"": ""410"", ""par"": ""5""}}"
2174c0ba-286d-46a8-9340-360e57fe6b85,909b2662-b411-47fc-8c4d-f3cb873e1a1f,8,3,"{""4d6160f7-1b99-4a44-80c5-1d8fef5a929d"": ""109"", ""47bbbb8d-a7d3-4e96-abe8-124c1e772b2d"": {""distance"": ""95"", ""par"": ""3""}}"
2174c0ba-286d-46a8-9340-360e57fe6b85,909b2662-b411-47fc-8c4d-f3cb873e1a1f,9,3,"{""4d6160f7-1b99-4a44-80c5-1d8fef5a929d"": ""87"", ""47bbbb8d-a7d3-4e96-abe8-124c1e772b2d"": {""distance"": ""74"", ""par"": ""3""}}"
f9039a0d-eb86-4268-a0b4-dbd70f5e6d0f,93ef541c-4ca4-4ffa-98b6-a3f357d9da53,1,4,"{""6380a4f4-26b9-4d02-8b16-63a16ad1f686"": ""375"", ""2a590934-192f-4936-bf2c-9741a54541ce"": ""355"", ""270e657b-1c6a-4f12-bf22-97c7029ebce6"": ""322"", ""d82cd88b-1062-4865-99f4-de9e2c6d23e0"": {""distance"": ""312"", ""par"": ""4""}}"
f9039a0d-eb86-4268-a0b4-dbd70f5e6d0f,93ef541c-4ca4-4ffa-98b6-a3f357d9da53,2,5,"{""6380a4f4-26b9-4d02-8b16-63a16ad1f686"": ""509"", ""2a590934-192f-4936-bf2c-9741a54541ce"": ""502"", ""270e657b-1c6a-4f12-bf22-97c7029ebce6"": ""453"", ""d82cd88b-1062-4865-99f4-de9e2c6d23e0"": {""distance"": ""448"", ""par"": ""5""}}"
f9039a0d-eb86-4268-a0b4-dbd70f5e6d0f,93ef541c-4ca4-4ffa-98b6-a3f357d9da53,3,4,"{""6380a4f4-26b9-4d02-8b16-63a16ad1f686"": ""338"", ""2a590934-192f-4936-bf2c-9741a54541ce"": ""325"", ""270e657b-1c6a-4f12-bf22-97c7029ebce6"": ""298"", ""d82cd88b-1062-4865-99f4-de9e2c6d23e0"": {""distance"": ""282"", ""par"": ""4""}}"
f9039a0d-eb86-4268-a0b4-dbd70f5e6d0f,93ef541c-4ca4-4ffa-98b6-a3f357d9da53,4,3,"{""6380a4f4-26b9-4d02-8b16-63a16ad1f686"": ""175"", ""2a590934-192f-4936-bf2c-9741a54541ce"": ""158"", ""270e657b-1c6a-4f12-bf22-97c7029ebce6"": ""128"", ""d82cd88b-1062-4865-99f4-de9e2c6d23e0"": {""distance"": ""125"", ""par"": ""3""}}"
f9039a0d-eb86-4268-a0b4-dbd70f5e6d0f,93ef541c-4ca4-4ffa-98b6-a3f357d9da53,5,5,"{""6380a4f4-26b9-4d02-8b16-63a16ad1f686"": ""487"", ""2a590934-192f-4936-bf2c-9741a54541ce"": ""468"", ""270e657b-1c6a-4f12-bf22-97c7029ebce6"": ""439"", ""d82cd88b-1062-4865-99f4-de9e2c6d23e0"": {""distance"": ""432"", ""par"": ""5""}}"
f9039a0d-eb86-4268-a0b4-dbd70f5e6d0f,93ef541c-4ca4-4ffa-98b6-a3f357d9da53,6,4,"{""6380a4f4-26b9-4d02-8b16-63a16ad1f686"": ""323"", ""2a590934-192f-4936-bf2c-9741a54541ce"": ""304"", ""270e657b-1c6a-4f12-bf22-97c7029ebce6"": ""265"", ""d82cd88b-1062-4865-99f4-de9e2c6d23e0"": {""distance"": ""263"", ""par"": ""4""}}"
f9039a0d-eb86-4268-a0b4-dbd70f5e6d0f,93ef541c-4ca4-4ffa-98b6-a3f357d9da53,7,4,"{""6380a4f4-26b9-4d02-8b16-63a16ad1f686"": ""395"", ""2a590934-192f-4936-bf2c-9741a54541ce"": ""383"", ""270e657b-1c6a-4f12-bf22-97c7029ebce6"": ""341"", ""d82cd88b-1062-4865-99f4-de9e2c6d23e0"": {""distance"": ""331"", ""par"": ""4""}}"
f9039a0d-eb86-4268-a0b4-dbd70f5e6d0f,93ef541c-4ca4-4ffa-98b6-a3f357d9da53,8,3,"{""6380a4f4-26b9-4d02-8b16-63a16ad1f686"": ""168"", ""2a590934-192f-4936-bf2c-9741a54541ce"": ""151"", ""270e657b-1c6a-4f12-bf22-97c7029ebce6"": ""137"", ""d82cd88b-1062-4865-99f4-de9e2c6d23e0"": {""distance"": ""128"", ""par"": ""3""}}"
f9039a0d-eb86-4268-a0b4-dbd70f5e6d0f,93ef541c-4ca4-4ffa-98b6-a3f357d9da53,9,4,"{""6380a4f4-26b9-4d02-8b16-63a16ad1f686"": ""397"", ""2a590934-192f-4936-bf2c-9741a54541ce"": ""381"", ""270e657b-1c6a-4f12-bf22-97c7029ebce6"": ""301"", ""d82cd88b-1062-4865-99f4-de9e2c6d23e0"": {""distance"": ""292"", ""par"": ""4""}}"
f9039a0d-eb86-4268-a0b4-dbd70f5e6d0f,93ef541c-4ca4-4ffa-98b6-a3f357d9da53,10,4,"{""6380a4f4-26b9-4d02-8b16-63a16ad1f686"": ""350"", ""2a590934-192f-4936-bf2c-9741a54541ce"": ""331"", ""270e657b-1c6a-4f12-bf22-97c7029ebce6"": ""298"", ""d82cd88b-1062-4865-99f4-de9e2c6d23e0"": {""distance"": ""296"", ""par"": ""4""}}"
f9039a0d-eb86-4268-a0b4-dbd70f5e6d0f,93ef541c-4ca4-4ffa-98b6-a3f357d9da53,11,3,"{""6380a4f4-26b9-4d02-8b16-63a16ad1f686"": ""181"", ""2a590934-192f-4936-bf2c-9741a54541ce"": ""161"", ""270e657b-1c6a-4f12-bf22-97c7029ebce6"": ""128"", ""d82cd88b-1062-4865-99f4-de9e2c6d23e0"": {""distance"": ""126"", ""par"": ""3""}}"
f9039a0d-eb86-4268-a0b4-dbd70f5e6d0f,93ef541c-4ca4-4ffa-98b6-a3f357d9da53,12,4,"{""6380a4f4-26b9-4d02-8b16-63a16ad1f686"": ""396"", ""2a590934-192f-4936-bf2c-9741a54541ce"": ""380"", ""270e657b-1c6a-4f12-bf22-97c7029ebce6"": ""347"", ""d82cd88b-1062-4865-99f4-de9e2c6d23e0"": {""distance"": ""330"", ""par"": ""4""}}"
f9039a0d-eb86-4268-a0b4-dbd70f5e6d0f,93ef541c-4ca4-4ffa-98b6-a3f357d9da53,13,5,"{""6380a4f4-26b9-4d02-8b16-63a16ad1f686"": ""493"", ""2a590934-192f-4936-bf2c-9741a54541ce"": ""480"", ""270e657b-1c6a-4f12-bf22-97c7029ebce6"": ""453"", ""d82cd88b-1062-4865-99f4-de9e2c6d23e0"": {""distance"": ""439"", ""par"": ""5""}}"
f9039a0d-eb86-4268-a0b4-dbd70f5e6d0f,93ef541c-4ca4-4ffa-98b6-a3f357d9da53,14,3,"{""6380a4f4-26b9-4d02-8b16-63a16ad1f686"": ""184"", ""2a590934-192f-4936-bf2c-9741a54541ce"": ""170"", ""270e657b-1c6a-4f12-bf22-97c7029ebce6"": ""145"", ""d82cd88b-1062-4865-99f4-de9e2c6d23e0"": {""distance"": ""142"", ""par"": ""3""}}"
f9039a0d-eb86-4268-a0b4-dbd70f5e6d0f,93ef541c-4ca4-4ffa-98b6-a3f357d9da53,15,5,"{""6380a4f4-26b9-4d02-8b16-63a16ad1f686"": ""486"", ""2a590934-192f-4936-bf2c-9741a54541ce"": ""465"", ""270e657b-1c6a-4f12-bf22-97c7029ebce6"": ""439"", ""d82cd88b-1062-4865-99f4-de9e2c6d23e0"": {""distance"": ""424"", ""par"": ""5""}}"
f9039a0d-eb86-4268-a0b4-dbd70f5e6d0f,93ef541c-4ca4-4ffa-98b6-a3f357d9da53,16,4,"{""6380a4f4-26b9-4d02-8b16-63a16ad1f686"": ""362"", ""2a590934-192f-4936-bf2c-9741a54541ce"": ""350"", ""270e657b-1c6a-4f12-bf22-97c7029ebce6"": ""314"", ""d82cd88b-1062-4865-99f4-de9e2c6d23e0"": {""distance"": ""314"", ""par"": ""4""}}"
f9039a0d-eb86-4268-a0b4-dbd70f5e6d0f,93ef541c-4ca4-4ffa-98b6-a3f357d9da53,17,4,"{""6380a4f4-26b9-4d02-8b16-63a16ad1f686"": ""389"", ""2a590934-192f-4936-bf2c-9741a54541ce"": ""377"", ""270e657b-1c6a-4f12-bf22-97c7029ebce6"": ""362"", ""d82cd88b-1062-4865-99f4-de9e2c6d23e0"": {""distance"": ""347"", ""par"": ""4""}}"
f9039a0d-eb86-4268-a0b4-dbd70f5e6d0f,93ef541c-4ca4-4ffa-98b6-a3f357d9da53,18,4,"{""6380a4f4-26b9-4d02-8b16-63a16ad1f686"": ""359"", ""2a590934-192f-4936-bf2c-9741a54541ce"": ""355"", ""270e657b-1c6a-4f12-bf22-97c7029ebce6"": ""313"", ""d82cd88b-1062-4865-99f4-de9e2c6d23e0"": {""distance"": ""298"", ""par"": ""4""}}"
86e437bf-e811-44d5-958c-3e00f510f611,e7fba160-035b-4c52-8f5b-7bc9212aae63,1,3,"{""2ccced06-c6ea-4525-b4a1-c7781773a7c6"": ""142"", ""14fe6288-6c6e-46aa-990a-347fef925f18"": {""distance"": ""104"", ""par"": ""3""}}"
86e437bf-e811-44d5-958c-3e00f510f611,e7fba160-035b-4c52-8f5b-7bc9212aae63,2,4,"{""2ccced06-c6ea-4525-b4a1-c7781773a7c6"": ""232"", ""14fe6288-6c6e-46aa-990a-347fef925f18"": {""distance"": ""201"", ""par"": ""4""}}"
86e437bf-e811-44d5-958c-3e00f510f611,e7fba160-035b-4c52-8f5b-7bc9212aae63,3,5,"{""2ccced06-c6ea-4525-b4a1-c7781773a7c6"": ""490"", ""14fe6288-6c6e-46aa-990a-347fef925f18"": {""distance"": ""420"", ""par"": ""5""}}"
86e437bf-e811-44d5-958c-3e00f510f611,e7fba160-035b-4c52-8f5b-7bc9212aae63,4,5,"{""2ccced06-c6ea-4525-b4a1-c7781773a7c6"": ""430"", ""14fe6288-6c6e-46aa-990a-347fef925f18"": {""distance"": ""390"", ""par"": ""5""}}"
86e437bf-e811-44d5-958c-3e00f510f611,e7fba160-035b-4c52-8f5b-7bc9212aae63,5,4,"{""2ccced06-c6ea-4525-b4a1-c7781773a7c6"": ""367"", ""14fe6288-6c6e-46aa-990a-347fef925f18"": {""distance"": ""315"", ""par"": ""4""}}"
86e437bf-e811-44d5-958c-3e00f510f611,e7fba160-035b-4c52-8f5b-7bc9212aae63,6,4,"{""2ccced06-c6ea-4525-b4a1-c7781773a7c6"": ""288"", ""14fe6288-6c6e-46aa-990a-347fef925f18"": {""distance"": ""249"", ""par"": ""4""}}"
86e437bf-e811-44d5-958c-3e00f510f611,e7fba160-035b-4c52-8f5b-7bc9212aae63,7,3,"{""2ccced06-c6ea-4525-b4a1-c7781773a7c6"": ""121"", ""14fe6288-6c6e-46aa-990a-347fef925f18"": {""distance"": ""106"", ""par"": ""3""}}"
86e437bf-e811-44d5-958c-3e00f510f611,e7fba160-035b-4c52-8f5b-7bc9212aae63,8,4,"{""2ccced06-c6ea-4525-b4a1-c7781773a7c6"": ""298"", ""14fe6288-6c6e-46aa-990a-347fef925f18"": {""distance"": ""281"", ""par"": ""4""}}"
86e437bf-e811-44d5-958c-3e00f510f611,e7fba160-035b-4c52-8f5b-7bc9212aae63,9,3,"{""2ccced06-c6ea-4525-b4a1-c7781773a7c6"": ""186"", ""14fe6288-6c6e-46aa-990a-347fef925f18"": {""distance"": ""153"", ""par"": ""3""}}"
86e437bf-e811-44d5-958c-3e00f510f611,e7fba160-035b-4c52-8f5b-7bc9212aae63,10,3,"{""2ccced06-c6ea-4525-b4a1-c7781773a7c6"": ""142"", ""14fe6288-6c6e-46aa-990a-347fef925f18"": {""distance"": ""104"", ""par"": ""3""}}"
86e437bf-e811-44d5-958c-3e00f510f611,e7fba160-035b-4c52-8f5b-7bc9212aae63,11,4,"{""2ccced06-c6ea-4525-b4a1-c7781773a7c6"": ""232"", ""14fe6288-6c6e-46aa-990a-347fef925f18"": {""distance"": ""201"", ""par"": ""4""}}"
86e437bf-e811-44d5-958c-3e00f510f611,e7fba160-035b-4c52-8f5b-7bc9212aae63,12,5,"{""2ccced06-c6ea-4525-b4a1-c7781773a7c6"": ""490"", ""14fe6288-6c6e-46aa-990a-347fef925f18"": {""distance"": ""420"", ""par"": ""5""}}"
86e437bf-e811-44d5-958c-3e00f510f611,e7fba160-035b-4c52-8f5b-7bc9212aae63,13,5,"{""2ccced06-c6ea-4525-b4a1-c7781773a7c6"": ""430"", ""14fe6288-6c6e-46aa-990a-347fef925f18"": {""distance"": ""390"", ""par"": ""5""}}"
86e437bf-e811-44d5-958c-3e00f510f611,e7fba160-035b-4c52-8f5b-7bc9212aae63,14,4,"{""2ccced06-c6ea-4525-b4a1-c7781773a7c6"": ""367"", ""14fe6288-6c6e-46aa-990a-347fef925f18"": {""distance"": ""315"", ""par"": ""4""}}"
86e437bf-e811-44d5-958c-3e00f510f611,e7fba160-035b-4c52-8f5b-7bc9212aae63,15,4,"{""2ccced06-c6ea-4525-b4a1-c7781773a7c6"": ""288"", ""14fe6288-6c6e-46aa-990a-347fef925f18"": {""distance"": ""249"", ""par"": ""4""}}"
86e437bf-e811-44d5-958c-3e00f510f611,e7fba160-035b-4c52-8f5b-7bc9212aae63,16,3,"{""2ccced06-c6ea-4525-b4a1-c7781773a7c6"": ""121"", ""14fe6288-6c6e-46aa-990a-347fef925f18"": {""distance"": ""106"", ""par"": ""3""}}"
86e437bf-e811-44d5-958c-3e00f510f611,e7fba160-035b-4c52-8f5b-7bc9212aae63,17,4,"{""2ccced06-c6ea-4525-b4a1-c7781773a7c6"": ""298"", ""14fe6288-6c6e-46aa-990a-347fef925f18"": {""distance"": ""281"", ""par"": ""4""}}"
86e437bf-e811-44d5-958c-3e00f510f611,e7fba160-035b-4c52-8f5b-7bc9212aae63,18,3,"{""2ccced06-c6ea-4525-b4a1-c7781773a7c6"": ""186"", ""14fe6288-6c6e-46aa-990a-347fef925f18"": {""distance"": ""153"", ""par"": ""3""}}"
ca82bbb2-0d70-4ae5-82ab-d0b395cf3101,f8dc59dc-8e31-48dd-82ab-cd9380ab002e,1,4,"{""5b37fb92-fa89-4320-8cc2-472534c30793"": ""353"", ""0afa376a-4a80-4d5b-a793-1d72963be8da"": {""distance"": ""328"", ""par"": ""4""}}"
ca82bbb2-0d70-4ae5-82ab-d0b395cf3101,f8dc59dc-8e31-48dd-82ab-cd9380ab002e,2,5,"{""5b37fb92-fa89-4320-8cc2-472534c30793"": ""443"", ""0afa376a-4a80-4d5b-a793-1d72963be8da"": {""distance"": ""410"", ""par"": ""5""}}"
ca82bbb2-0d70-4ae5-82ab-d0b395cf3101,f8dc59dc-8e31-48dd-82ab-cd9380ab002e,3,4,"{""5b37fb92-fa89-4320-8cc2-472534c30793"": ""346"", ""0afa376a-4a80-4d5b-a793-1d72963be8da"": {""distance"": ""275"", ""par"": ""4""}}"
ca82bbb2-0d70-4ae5-82ab-d0b395cf3101,f8dc59dc-8e31-48dd-82ab-cd9380ab002e,4,3,"{""5b37fb92-fa89-4320-8cc2-472534c30793"": ""152"", ""0afa376a-4a80-4d5b-a793-1d72963be8da"": {""distance"": ""131"", ""par"": ""3""}}"
ca82bbb2-0d70-4ae5-82ab-d0b395cf3101,f8dc59dc-8e31-48dd-82ab-cd9380ab002e,5,5,"{""5b37fb92-fa89-4320-8cc2-472534c30793"": ""421"", ""0afa376a-4a80-4d5b-a793-1d72963be8da"": {""distance"": ""390"", ""par"": ""5""}}"
ca82bbb2-0d70-4ae5-82ab-d0b395cf3101,f8dc59dc-8e31-48dd-82ab-cd9380ab002e,6,3,"{""5b37fb92-fa89-4320-8cc2-472534c30793"": ""147"", ""0afa376a-4a80-4d5b-a793-1d72963be8da"": {""distance"": ""122"", ""par"": ""3""}}"
ca82bbb2-0d70-4ae5-82ab-d0b395cf3101,f8dc59dc-8e31-48dd-82ab-cd9380ab002e,7,4,"{""5b37fb92-fa89-4320-8cc2-472534c30793"": ""238"", ""0afa376a-4a80-4d5b-a793-1d72963be8da"": {""distance"": ""219"", ""par"": ""4""}}"
ca82bbb2-0d70-4ae5-82ab-d0b395cf3101,f8dc59dc-8e31-48dd-82ab-cd9380ab002e,8,3,"{""5b37fb92-fa89-4320-8cc2-472534c30793"": ""128"", ""0afa376a-4a80-4d5b-a793-1d72963be8da"": {""distance"": ""109"", ""par"": ""3""}}"
ca82bbb2-0d70-4ae5-82ab-d0b395cf3101,f8dc59dc-8e31-48dd-82ab-cd9380ab002e,9,4,"{""5b37fb92-fa89-4320-8cc2-472534c30793"": ""372"", ""0afa376a-4a80-4d5b-a793-1d72963be8da"": {""distance"": ""300"", ""par"": ""4""}}"
ca82bbb2-0d70-4ae5-82ab-d0b395cf3101,f8dc59dc-8e31-48dd-82ab-cd9380ab002e,10,4,"{""5b37fb92-fa89-4320-8cc2-472534c30793"": ""342"", ""0afa376a-4a80-4d5b-a793-1d72963be8da"": {""distance"": ""303"", ""par"": ""4""}}"
ca82bbb2-0d70-4ae5-82ab-d0b395cf3101,f8dc59dc-8e31-48dd-82ab-cd9380ab002e,11,5,"{""5b37fb92-fa89-4320-8cc2-472534c30793"": ""458"", ""0afa376a-4a80-4d5b-a793-1d72963be8da"": {""distance"": ""432"", ""par"": ""5""}}"
ca82bbb2-0d70-4ae5-82ab-d0b395cf3101,f8dc59dc-8e31-48dd-82ab-cd9380ab002e,12,4,"{""5b37fb92-fa89-4320-8cc2-472534c30793"": ""339"", ""0afa376a-4a80-4d5b-a793-1d72963be8da"": {""distance"": ""264"", ""par"": ""4""}}"
ca82bbb2-0d70-4ae5-82ab-d0b395cf3101,f8dc59dc-8e31-48dd-82ab-cd9380ab002e,13,3,"{""5b37fb92-fa89-4320-8cc2-472534c30793"": ""162"", ""0afa376a-4a80-4d5b-a793-1d72963be8da"": {""distance"": ""134"", ""par"": ""3""}}"
ca82bbb2-0d70-4ae5-82ab-d0b395cf3101,f8dc59dc-8e31-48dd-82ab-cd9380ab002e,14,5,"{""5b37fb92-fa89-4320-8cc2-472534c30793"": ""410"", ""0afa376a-4a80-4d5b-a793-1d72963be8da"": {""distance"": ""380"", ""par"": ""5""}}"
ca82bbb2-0d70-4ae5-82ab-d0b395cf3101,f8dc59dc-8e31-48dd-82ab-cd9380ab002e,15,3,"{""5b37fb92-fa89-4320-8cc2-472534c30793"": ""160"", ""0afa376a-4a80-4d5b-a793-1d72963be8da"": {""distance"": ""128"", ""par"": ""3""}}"
ca82bbb2-0d70-4ae5-82ab-d0b395cf3101,f8dc59dc-8e31-48dd-82ab-cd9380ab002e,16,4,"{""5b37fb92-fa89-4320-8cc2-472534c30793"": ""228"", ""0afa376a-4a80-4d5b-a793-1d72963be8da"": {""distance"": ""212"", ""par"": ""4""}}"
ca82bbb2-0d70-4ae5-82ab-d0b395cf3101,f8dc59dc-8e31-48dd-82ab-cd9380ab002e,17,3,"{""5b37fb92-fa89-4320-8cc2-472534c30793"": ""134"", ""0afa376a-4a80-4d5b-a793-1d72963be8da"": {""distance"": ""113"", ""par"": ""3""}}"
ca82bbb2-0d70-4ae5-82ab-d0b395cf3101,f8dc59dc-8e31-48dd-82ab-cd9380ab002e,18,4,"{""5b37fb92-fa89-4320-8cc2-472534c30793"": ""347"", ""0afa376a-4a80-4d5b-a793-1d72963be8da"": {""distance"": ""294"", ""par"": ""4""}}"
90a4c201-ebc9-4853-b65c-e3d65cad95cb,ee04c3d2-25c3-4b66-8840-d6f49f08ef56,1,4,"{""aab5664f-d9df-4d40-bda4-23a316a59ddd"": ""344"", ""d44c2544-0151-4813-9629-9f1a5a060a35"": {""distance"": ""326"", ""par"": ""4""}}"
90a4c201-ebc9-4853-b65c-e3d65cad95cb,ee04c3d2-25c3-4b66-8840-d6f49f08ef56,2,3,"{""aab5664f-d9df-4d40-bda4-23a316a59ddd"": ""152"", ""d44c2544-0151-4813-9629-9f1a5a060a35"": {""distance"": ""121"", ""par"": ""3""}}"
90a4c201-ebc9-4853-b65c-e3d65cad95cb,ee04c3d2-25c3-4b66-8840-d6f49f08ef56,3,5,"{""aab5664f-d9df-4d40-bda4-23a316a59ddd"": ""459"", ""d44c2544-0151-4813-9629-9f1a5a060a35"": {""distance"": ""415"", ""par"": ""5""}}"
90a4c201-ebc9-4853-b65c-e3d65cad95cb,ee04c3d2-25c3-4b66-8840-d6f49f08ef56,4,4,"{""aab5664f-d9df-4d40-bda4-23a316a59ddd"": ""274"", ""d44c2544-0151-4813-9629-9f1a5a060a35"": {""distance"": ""227"", ""par"": ""4""}}"
90a4c201-ebc9-4853-b65c-e3d65cad95cb,ee04c3d2-25c3-4b66-8840-d6f49f08ef56,5,3,"{""aab5664f-d9df-4d40-bda4-23a316a59ddd"": ""101"", ""d44c2544-0151-4813-9629-9f1a5a060a35"": {""distance"": ""79"", ""par"": ""3""}}"
90a4c201-ebc9-4853-b65c-e3d65cad95cb,ee04c3d2-25c3-4b66-8840-d6f49f08ef56,6,4,"{""aab5664f-d9df-4d40-bda4-23a316a59ddd"": ""406"", ""d44c2544-0151-4813-9629-9f1a5a060a35"": {""distance"": ""325"", ""par"": ""4""}}"
90a4c201-ebc9-4853-b65c-e3d65cad95cb,ee04c3d2-25c3-4b66-8840-d6f49f08ef56,7,4,"{""aab5664f-d9df-4d40-bda4-23a316a59ddd"": ""379"", ""d44c2544-0151-4813-9629-9f1a5a060a35"": {""distance"": ""341"", ""par"": ""4""}}"
90a4c201-ebc9-4853-b65c-e3d65cad95cb,ee04c3d2-25c3-4b66-8840-d6f49f08ef56,8,4,"{""aab5664f-d9df-4d40-bda4-23a316a59ddd"": ""354"", ""d44c2544-0151-4813-9629-9f1a5a060a35"": {""distance"": ""316"", ""par"": ""4""}}"
90a4c201-ebc9-4853-b65c-e3d65cad95cb,ee04c3d2-25c3-4b66-8840-d6f49f08ef56,9,4,"{""aab5664f-d9df-4d40-bda4-23a316a59ddd"": ""399"", ""d44c2544-0151-4813-9629-9f1a5a060a35"": {""distance"": ""367"", ""par"": ""4""}}"
90a4c201-ebc9-4853-b65c-e3d65cad95cb,ee04c3d2-25c3-4b66-8840-d6f49f08ef56,10,4,"{""aab5664f-d9df-4d40-bda4-23a316a59ddd"": ""344"", ""d44c2544-0151-4813-9629-9f1a5a060a35"": {""distance"": ""326"", ""par"": ""4""}}"
90a4c201-ebc9-4853-b65c-e3d65cad95cb,ee04c3d2-25c3-4b66-8840-d6f49f08ef56,11,3,"{""aab5664f-d9df-4d40-bda4-23a316a59ddd"": ""152"", ""d44c2544-0151-4813-9629-9f1a5a060a35"": {""distance"": ""121"", ""par"": ""3""}}"
90a4c201-ebc9-4853-b65c-e3d65cad95cb,ee04c3d2-25c3-4b66-8840-d6f49f08ef56,12,5,"{""aab5664f-d9df-4d40-bda4-23a316a59ddd"": ""458"", ""d44c2544-0151-4813-9629-9f1a5a060a35"": {""distance"": ""410"", ""par"": ""5""}}"
90a4c201-ebc9-4853-b65c-e3d65cad95cb,ee04c3d2-25c3-4b66-8840-d6f49f08ef56,13,4,"{""aab5664f-d9df-4d40-bda4-23a316a59ddd"": ""274"", ""d44c2544-0151-4813-9629-9f1a5a060a35"": {""distance"": ""227"", ""par"": ""4""}}"
90a4c201-ebc9-4853-b65c-e3d65cad95cb,ee04c3d2-25c3-4b66-8840-d6f49f08ef56,14,3,"{""aab5664f-d9df-4d40-bda4-23a316a59ddd"": ""101"", ""d44c2544-0151-4813-9629-9f1a5a060a35"": {""distance"": ""79"", ""par"": ""3""}}"
90a4c201-ebc9-4853-b65c-e3d65cad95cb,ee04c3d2-25c3-4b66-8840-d6f49f08ef56,15,4,"{""aab5664f-d9df-4d40-bda4-23a316a59ddd"": ""406"", ""d44c2544-0151-4813-9629-9f1a5a060a35"": {""distance"": ""325"", ""par"": ""4""}}"
90a4c201-ebc9-4853-b65c-e3d65cad95cb,ee04c3d2-25c3-4b66-8840-d6f49f08ef56,16,4,"{""aab5664f-d9df-4d40-bda4-23a316a59ddd"": ""379"", ""d44c2544-0151-4813-9629-9f1a5a060a35"": {""distance"": ""341"", ""par"": ""4""}}"
90a4c201-ebc9-4853-b65c-e3d65cad95cb,ee04c3d2-25c3-4b66-8840-d6f49f08ef56,17,4,"{""aab5664f-d9df-4d40-bda4-23a316a59ddd"": ""354"", ""d44c2544-0151-4813-9629-9f1a5a060a35"": {""distance"": ""311"", ""par"": ""4""}}"
90a4c201-ebc9-4853-b65c-e3d65cad95cb,ee04c3d2-25c3-4b66-8840-d6f49f08ef56,18,4,"{""aab5664f-d9df-4d40-bda4-23a316a59ddd"": ""399"", ""d44c2544-0151-4813-9629-9f1a5a060a35"": {""distance"": ""362"", ""par"": ""4""}}"
e881c741-f316-4eaf-81e2-314dd38b30e6,4f219ad7-1f73-4b0b-92cc-221ec0443520,1,4,"{""bff54d19-a6f5-49d9-90cc-92f392f1af48"": ""238"", ""6af7cefc-ed82-44e5-9a76-5391b74f27d8"": {""distance"": ""203"", ""par"": ""4""}}"
e881c741-f316-4eaf-81e2-314dd38b30e6,4f219ad7-1f73-4b0b-92cc-221ec0443520,2,3,"{""bff54d19-a6f5-49d9-90cc-92f392f1af48"": ""147"", ""6af7cefc-ed82-44e5-9a76-5391b74f27d8"": {""distance"": ""127"", ""par"": ""3""}}"
e881c741-f316-4eaf-81e2-314dd38b30e6,4f219ad7-1f73-4b0b-92cc-221ec0443520,3,3,"{""bff54d19-a6f5-49d9-90cc-92f392f1af48"": ""140"", ""6af7cefc-ed82-44e5-9a76-5391b74f27d8"": {""distance"": ""136"", ""par"": ""3""}}"
e881c741-f316-4eaf-81e2-314dd38b30e6,4f219ad7-1f73-4b0b-92cc-221ec0443520,4,4,"{""bff54d19-a6f5-49d9-90cc-92f392f1af48"": ""238"", ""6af7cefc-ed82-44e5-9a76-5391b74f27d8"": {""distance"": ""211"", ""par"": ""4""}}"
e881c741-f316-4eaf-81e2-314dd38b30e6,4f219ad7-1f73-4b0b-92cc-221ec0443520,5,4,"{""bff54d19-a6f5-49d9-90cc-92f392f1af48"": ""337"", ""6af7cefc-ed82-44e5-9a76-5391b74f27d8"": {""distance"": ""281"", ""par"": ""4""}}"
e881c741-f316-4eaf-81e2-314dd38b30e6,4f219ad7-1f73-4b0b-92cc-221ec0443520,6,4,"{""bff54d19-a6f5-49d9-90cc-92f392f1af48"": ""279"", ""6af7cefc-ed82-44e5-9a76-5391b74f27d8"": {""distance"": ""231"", ""par"": ""4""}}"
e881c741-f316-4eaf-81e2-314dd38b30e6,4f219ad7-1f73-4b0b-92cc-221ec0443520,7,4,"{""bff54d19-a6f5-49d9-90cc-92f392f1af48"": ""235"", ""6af7cefc-ed82-44e5-9a76-5391b74f27d8"": {""distance"": ""192"", ""par"": ""4""}}"
e881c741-f316-4eaf-81e2-314dd38b30e6,4f219ad7-1f73-4b0b-92cc-221ec0443520,8,4,"{""bff54d19-a6f5-49d9-90cc-92f392f1af48"": ""289"", ""6af7cefc-ed82-44e5-9a76-5391b74f27d8"": {""distance"": ""232"", ""par"": ""4""}}"
e881c741-f316-4eaf-81e2-314dd38b30e6,4f219ad7-1f73-4b0b-92cc-221ec0443520,9,3,"{""bff54d19-a6f5-49d9-90cc-92f392f1af48"": ""164"", ""6af7cefc-ed82-44e5-9a76-5391b74f27d8"": {""distance"": ""126"", ""par"": ""3""}}"
e881c741-f316-4eaf-81e2-314dd38b30e6,4f219ad7-1f73-4b0b-92cc-221ec0443520,10,4,"{""bff54d19-a6f5-49d9-90cc-92f392f1af48"": ""238"", ""6af7cefc-ed82-44e5-9a76-5391b74f27d8"": {""distance"": ""203"", ""par"": ""4""}}"
e881c741-f316-4eaf-81e2-314dd38b30e6,4f219ad7-1f73-4b0b-92cc-221ec0443520,11,3,"{""bff54d19-a6f5-49d9-90cc-92f392f1af48"": ""147"", ""6af7cefc-ed82-44e5-9a76-5391b74f27d8"": {""distance"": ""127"", ""par"": ""3""}}"
e881c741-f316-4eaf-81e2-314dd38b30e6,4f219ad7-1f73-4b0b-92cc-221ec0443520,12,3,"{""bff54d19-a6f5-49d9-90cc-92f392f1af48"": ""140"", ""6af7cefc-ed82-44e5-9a76-5391b74f27d8"": {""distance"": ""136"", ""par"": ""3""}}"
e881c741-f316-4eaf-81e2-314dd38b30e6,4f219ad7-1f73-4b0b-92cc-221ec0443520,13,4,"{""bff54d19-a6f5-49d9-90cc-92f392f1af48"": ""238"", ""6af7cefc-ed82-44e5-9a76-5391b74f27d8"": {""distance"": ""211"", ""par"": ""4""}}"
e881c741-f316-4eaf-81e2-314dd38b30e6,4f219ad7-1f73-4b0b-92cc-221ec0443520,14,4,"{""bff54d19-a6f5-49d9-90cc-92f392f1af48"": ""337"", ""6af7cefc-ed82-44e5-9a76-5391b74f27d8"": {""distance"": ""281"", ""par"": ""4""}}"
e881c741-f316-4eaf-81e2-314dd38b30e6,4f219ad7-1f73-4b0b-92cc-221ec0443520,15,4,"{""bff54d19-a6f5-49d9-90cc-92f392f1af48"": ""279"", ""6af7cefc-ed82-44e5-9a76-5391b74f27d8"": {""distance"": ""231"", ""par"": ""4""}}"
e881c741-f316-4eaf-81e2-314dd38b30e6,4f219ad7-1f73-4b0b-92cc-221ec0443520,16,4,"{""bff54d19-a6f5-49d9-90cc-92f392f1af48"": ""235"", ""6af7cefc-ed82-44e5-9a76-5391b74f27d8"": {""distance"": ""192"", ""par"": ""4""}}"
e881c741-f316-4eaf-81e2-314dd38b30e6,4f219ad7-1f73-4b0b-92cc-221ec0443520,17,4,"{""bff54d19-a6f5-49d9-90cc-92f392f1af48"": ""289"", ""6af7cefc-ed82-44e5-9a76-5391b74f27d8"": {""distance"": ""232"", ""par"": ""4""}}"
e881c741-f316-4eaf-81e2-314dd38b30e6,4f219ad7-1f73-4b0b-92cc-221ec0443520,18,3,"{""bff54d19-a6f5-49d9-90cc-92f392f1af48"": ""164"", ""6af7cefc-ed82-44e5-9a76-5391b74f27d8"": {""distance"": ""126"", ""par"": ""3""}}"
4dc7d8f3-b60a-45ea-b030-f276f0decee9,d498d8aa-a7f2-41ef-9258-432e5cdfcff2,1,4,"{""72b5036c-870d-4024-94b3-fecaa6e4622b"": ""331"", ""3cdb4f99-3d16-458a-a857-10128a143828"": ""302"", ""5a9670e3-10ca-4ef3-8915-379a9aa596ff"": ""264"", ""28f85529-a039-4d12-8fac-91fc06a14afb"": {""distance"": ""246"", ""par"": ""4""}}"
4dc7d8f3-b60a-45ea-b030-f276f0decee9,d498d8aa-a7f2-41ef-9258-432e5cdfcff2,2,5,"{""72b5036c-870d-4024-94b3-fecaa6e4622b"": ""495"", ""3cdb4f99-3d16-458a-a857-10128a143828"": ""485"", ""5a9670e3-10ca-4ef3-8915-379a9aa596ff"": ""458"", ""28f85529-a039-4d12-8fac-91fc06a14afb"": {""distance"": ""447"", ""par"": ""5""}}"
4dc7d8f3-b60a-45ea-b030-f276f0decee9,d498d8aa-a7f2-41ef-9258-432e5cdfcff2,3,4,"{""72b5036c-870d-4024-94b3-fecaa6e4622b"": ""354"", ""3cdb4f99-3d16-458a-a857-10128a143828"": ""332"", ""5a9670e3-10ca-4ef3-8915-379a9aa596ff"": ""294"", ""28f85529-a039-4d12-8fac-91fc06a14afb"": {""distance"": ""281"", ""par"": ""4""}}"
4dc7d8f3-b60a-45ea-b030-f276f0decee9,d498d8aa-a7f2-41ef-9258-432e5cdfcff2,4,3,"{""72b5036c-870d-4024-94b3-fecaa6e4622b"": ""178"", ""3cdb4f99-3d16-458a-a857-10128a143828"": ""143"", ""5a9670e3-10ca-4ef3-8915-379a9aa596ff"": ""143"", ""28f85529-a039-4d12-8fac-91fc06a14afb"": {""distance"": ""126"", ""par"": ""3""}}"
4dc7d8f3-b60a-45ea-b030-f276f0decee9,d498d8aa-a7f2-41ef-9258-432e5cdfcff2,5,4,"{""72b5036c-870d-4024-94b3-fecaa6e4622b"": ""360"", ""3cdb4f99-3d16-458a-a857-10128a143828"": ""345"", ""5a9670e3-10ca-4ef3-8915-379a9aa596ff"": ""309"", ""28f85529-a039-4d12-8fac-91fc06a14afb"": {""distance"": ""293"", ""par"": ""4""}}"
4dc7d8f3-b60a-45ea-b030-f276f0decee9,d498d8aa-a7f2-41ef-9258-432e5cdfcff2,6,4,"{""72b5036c-870d-4024-94b3-fecaa6e4622b"": ""406"", ""3cdb4f99-3d16-458a-a857-10128a143828"": ""378"", ""5a9670e3-10ca-4ef3-8915-379a9aa596ff"": ""353"", ""28f85529-a039-4d12-8fac-91fc06a14afb"": {""distance"": ""306"", ""par"": ""4""}}"
4dc7d8f3-b60a-45ea-b030-f276f0decee9,d498d8aa-a7f2-41ef-9258-432e5cdfcff2,7,4,"{""72b5036c-870d-4024-94b3-fecaa6e4622b"": ""325"", ""3cdb4f99-3d16-458a-a857-10128a143828"": ""314"", ""5a9670e3-10ca-4ef3-8915-379a9aa596ff"": ""282"", ""28f85529-a039-4d12-8fac-91fc06a14afb"": {""distance"": ""274"", ""par"": ""4""}}"
4dc7d8f3-b60a-45ea-b030-f276f0decee9,d498d8aa-a7f2-41ef-9258-432e5cdfcff2,8,3,"{""72b5036c-870d-4024-94b3-fecaa6e4622b"": ""201"", ""3cdb4f99-3d16-458a-a857-10128a143828"": ""184"", ""5a9670e3-10ca-4ef3-8915-379a9aa596ff"": ""164"", ""28f85529-a039-4d12-8fac-91fc06a14afb"": {""distance"": ""158"", ""par"": ""3""}}"
4dc7d8f3-b60a-45ea-b030-f276f0decee9,d498d8aa-a7f2-41ef-9258-432e5cdfcff2,9,5,"{""72b5036c-870d-4024-94b3-fecaa6e4622b"": ""446"", ""3cdb4f99-3d16-458a-a857-10128a143828"": ""416"", ""5a9670e3-10ca-4ef3-8915-379a9aa596ff"": ""370"", ""28f85529-a039-4d12-8fac-91fc06a14afb"": {""distance"": ""364"", ""par"": ""5""}}"
4dc7d8f3-b60a-45ea-b030-f276f0decee9,d498d8aa-a7f2-41ef-9258-432e5cdfcff2,10,5,"{""72b5036c-870d-4024-94b3-fecaa6e4622b"": ""500"", ""3cdb4f99-3d16-458a-a857-10128a143828"": ""499"", ""5a9670e3-10ca-4ef3-8915-379a9aa596ff"": ""470"", ""28f85529-a039-4d12-8fac-91fc06a14afb"": {""distance"": ""430"", ""par"": ""5""}}"
4dc7d8f3-b60a-45ea-b030-f276f0decee9,d498d8aa-a7f2-41ef-9258-432e5cdfcff2,11,4,"{""72b5036c-870d-4024-94b3-fecaa6e4622b"": ""404"", ""3cdb4f99-3d16-458a-a857-10128a143828"": ""385"", ""5a9670e3-10ca-4ef3-8915-379a9aa596ff"": ""330"", ""28f85529-a039-4d12-8fac-91fc06a14afb"": {""distance"": ""305"", ""par"": ""4""}}"
4dc7d8f3-b60a-45ea-b030-f276f0decee9,d498d8aa-a7f2-41ef-9258-432e5cdfcff2,12,3,"{""72b5036c-870d-4024-94b3-fecaa6e4622b"": ""165"", ""3cdb4f99-3d16-458a-a857-10128a143828"": ""159"", ""5a9670e3-10ca-4ef3-8915-379a9aa596ff"": ""131"", ""28f85529-a039-4d12-8fac-91fc06a14afb"": {""distance"": ""128"", ""par"": ""3""}}"
4dc7d8f3-b60a-45ea-b030-f276f0decee9,d498d8aa-a7f2-41ef-9258-432e5cdfcff2,13,4,"{""72b5036c-870d-4024-94b3-fecaa6e4622b"": ""349"", ""3cdb4f99-3d16-458a-a857-10128a143828"": ""336"", ""5a9670e3-10ca-4ef3-8915-379a9aa596ff"": ""288"", ""28f85529-a039-4d12-8fac-91fc06a14afb"": {""distance"": ""275"", ""par"": ""4""}}"
4dc7d8f3-b60a-45ea-b030-f276f0decee9,d498d8aa-a7f2-41ef-9258-432e5cdfcff2,14,5,"{""72b5036c-870d-4024-94b3-fecaa6e4622b"": ""507"", ""3cdb4f99-3d16-458a-a857-10128a143828"": ""496"", ""5a9670e3-10ca-4ef3-8915-379a9aa596ff"": ""432"", ""28f85529-a039-4d12-8fac-91fc06a14afb"": {""distance"": ""429"", ""par"": ""5""}}"
4dc7d8f3-b60a-45ea-b030-f276f0decee9,d498d8aa-a7f2-41ef-9258-432e5cdfcff2,15,4,"{""72b5036c-870d-4024-94b3-fecaa6e4622b"": ""346"", ""3cdb4f99-3d16-458a-a857-10128a143828"": ""338"", ""5a9670e3-10ca-4ef3-8915-379a9aa596ff"": ""291"", ""28f85529-a039-4d12-8fac-91fc06a14afb"": {""distance"": ""286"", ""par"": ""4""}}"
4dc7d8f3-b60a-45ea-b030-f276f0decee9,d498d8aa-a7f2-41ef-9258-432e5cdfcff2,16,3,"{""72b5036c-870d-4024-94b3-fecaa6e4622b"": ""175"", ""3cdb4f99-3d16-458a-a857-10128a143828"": ""163"", ""5a9670e3-10ca-4ef3-8915-379a9aa596ff"": ""131"", ""28f85529-a039-4d12-8fac-91fc06a14afb"": {""distance"": ""129"", ""par"": ""3""}}"
4dc7d8f3-b60a-45ea-b030-f276f0decee9,d498d8aa-a7f2-41ef-9258-432e5cdfcff2,17,4,"{""72b5036c-870d-4024-94b3-fecaa6e4622b"": ""361"", ""3cdb4f99-3d16-458a-a857-10128a143828"": ""334"", ""5a9670e3-10ca-4ef3-8915-379a9aa596ff"": ""319"", ""28f85529-a039-4d12-8fac-91fc06a14afb"": {""distance"": ""316"", ""par"": ""4""}}"
4dc7d8f3-b60a-45ea-b030-f276f0decee9,d498d8aa-a7f2-41ef-9258-432e5cdfcff2,18,4,"{""72b5036c-870d-4024-94b3-fecaa6e4622b"": ""370"", ""3cdb4f99-3d16-458a-a857-10128a143828"": ""357"", ""5a9670e3-10ca-4ef3-8915-379a9aa596ff"": ""324"", ""28f85529-a039-4d12-8fac-91fc06a14afb"": {""distance"": ""305"", ""par"": ""4""}}"
464b5791-33e8-4e57-a6f1-61764f28e076,820948e8-7f26-4bd2-870e-fedb5fade1a1,1,4,"{""923c3d34-0288-4196-ba42-ad196778725e"": ""415"", ""460bb9b7-3796-4fa2-99a5-cdc6be3a7570"": {""distance"": ""378"", ""par"": ""4""}}"
464b5791-33e8-4e57-a6f1-61764f28e076,820948e8-7f26-4bd2-870e-fedb5fade1a1,2,3,"{""923c3d34-0288-4196-ba42-ad196778725e"": ""88"", ""460bb9b7-3796-4fa2-99a5-cdc6be3a7570"": {""distance"": ""71"", ""par"": ""3""}}"
464b5791-33e8-4e57-a6f1-61764f28e076,820948e8-7f26-4bd2-870e-fedb5fade1a1,3,4,"{""923c3d34-0288-4196-ba42-ad196778725e"": ""311"", ""460bb9b7-3796-4fa2-99a5-cdc6be3a7570"": {""distance"": ""269"", ""par"": ""4""}}"
464b5791-33e8-4e57-a6f1-61764f28e076,820948e8-7f26-4bd2-870e-fedb5fade1a1,4,5,"{""923c3d34-0288-4196-ba42-ad196778725e"": ""447"", ""460bb9b7-3796-4fa2-99a5-cdc6be3a7570"": {""distance"": ""394"", ""par"": ""5""}}"
464b5791-33e8-4e57-a6f1-61764f28e076,820948e8-7f26-4bd2-870e-fedb5fade1a1,5,4,"{""923c3d34-0288-4196-ba42-ad196778725e"": ""223"", ""460bb9b7-3796-4fa2-99a5-cdc6be3a7570"": {""distance"": ""188"", ""par"": ""4""}}"
464b5791-33e8-4e57-a6f1-61764f28e076,820948e8-7f26-4bd2-870e-fedb5fade1a1,6,4,"{""923c3d34-0288-4196-ba42-ad196778725e"": ""287"", ""460bb9b7-3796-4fa2-99a5-cdc6be3a7570"": {""distance"": ""226"", ""par"": ""4""}}"
464b5791-33e8-4e57-a6f1-61764f28e076,820948e8-7f26-4bd2-870e-fedb5fade1a1,7,3,"{""923c3d34-0288-4196-ba42-ad196778725e"": ""199"", ""460bb9b7-3796-4fa2-99a5-cdc6be3a7570"": {""distance"": ""164"", ""par"": ""3""}}"
464b5791-33e8-4e57-a6f1-61764f28e076,820948e8-7f26-4bd2-870e-fedb5fade1a1,8,3,"{""923c3d34-0288-4196-ba42-ad196778725e"": ""92"", ""460bb9b7-3796-4fa2-99a5-cdc6be3a7570"": {""distance"": ""76"", ""par"": ""3""}}"
464b5791-33e8-4e57-a6f1-61764f28e076,820948e8-7f26-4bd2-870e-fedb5fade1a1,9,4,"{""923c3d34-0288-4196-ba42-ad196778725e"": ""288"", ""460bb9b7-3796-4fa2-99a5-cdc6be3a7570"": {""distance"": ""253"", ""par"": ""4""}}"
6739612f-f22f-432e-8e51-32a0c6bb8572,7bd238c4-4d06-4530-adde-cc2ff8397a7f,1,4,"{""8d6d6b0e-d2f5-4ade-bcc4-42183f83c305"": ""362"", ""152c8dda-6460-48ab-9f2b-f11f4eb24210"": ""355"", ""70bc41e8-7bbf-40f6-a57c-53a041ed5929"": ""312"", ""81213ecf-a157-474a-a7d0-a5342952a4e9"": {""distance"": ""299"", ""par"": ""4""}}"
6739612f-f22f-432e-8e51-32a0c6bb8572,7bd238c4-4d06-4530-adde-cc2ff8397a7f,2,5,"{""8d6d6b0e-d2f5-4ade-bcc4-42183f83c305"": ""455"", ""152c8dda-6460-48ab-9f2b-f11f4eb24210"": ""455"", ""70bc41e8-7bbf-40f6-a57c-53a041ed5929"": ""383"", ""81213ecf-a157-474a-a7d0-a5342952a4e9"": {""distance"": ""370"", ""par"": ""5""}}"
6739612f-f22f-432e-8e51-32a0c6bb8572,7bd238c4-4d06-4530-adde-cc2ff8397a7f,3,3,"{""8d6d6b0e-d2f5-4ade-bcc4-42183f83c305"": ""205"", ""152c8dda-6460-48ab-9f2b-f11f4eb24210"": ""198"", ""70bc41e8-7bbf-40f6-a57c-53a041ed5929"": ""185"", ""81213ecf-a157-474a-a7d0-a5342952a4e9"": {""distance"": ""179"", ""par"": ""3""}}"
6739612f-f22f-432e-8e51-32a0c6bb8572,7bd238c4-4d06-4530-adde-cc2ff8397a7f,4,5,"{""8d6d6b0e-d2f5-4ade-bcc4-42183f83c305"": ""462"", ""152c8dda-6460-48ab-9f2b-f11f4eb24210"": ""450"", ""70bc41e8-7bbf-40f6-a57c-53a041ed5929"": ""414"", ""81213ecf-a157-474a-a7d0-a5342952a4e9"": {""distance"": ""404"", ""par"": ""5""}}"
6739612f-f22f-432e-8e51-32a0c6bb8572,7bd238c4-4d06-4530-adde-cc2ff8397a7f,5,5,"{""8d6d6b0e-d2f5-4ade-bcc4-42183f83c305"": ""504"", ""152c8dda-6460-48ab-9f2b-f11f4eb24210"": ""493"", ""70bc41e8-7bbf-40f6-a57c-53a041ed5929"": ""433"", ""81213ecf-a157-474a-a7d0-a5342952a4e9"": {""distance"": ""428"", ""par"": ""5""}}"
6739612f-f22f-432e-8e51-32a0c6bb8572,7bd238c4-4d06-4530-adde-cc2ff8397a7f,6,3,"{""8d6d6b0e-d2f5-4ade-bcc4-42183f83c305"": ""173"", ""152c8dda-6460-48ab-9f2b-f11f4eb24210"": ""166"", ""70bc41e8-7bbf-40f6-a57c-53a041ed5929"": ""149"", ""81213ecf-a157-474a-a7d0-a5342952a4e9"": {""distance"": ""143"", ""par"": ""3""}}"
6739612f-f22f-432e-8e51-32a0c6bb8572,7bd238c4-4d06-4530-adde-cc2ff8397a7f,7,4,"{""8d6d6b0e-d2f5-4ade-bcc4-42183f83c305"": ""383"", ""152c8dda-6460-48ab-9f2b-f11f4eb24210"": ""369"", ""70bc41e8-7bbf-40f6-a57c-53a041ed5929"": ""326"", ""81213ecf-a157-474a-a7d0-a5342952a4e9"": {""distance"": ""316"", ""par"": ""4""}}"
6739612f-f22f-432e-8e51-32a0c6bb8572,7bd238c4-4d06-4530-adde-cc2ff8397a7f,8,4,"{""8d6d6b0e-d2f5-4ade-bcc4-42183f83c305"": ""317"", ""152c8dda-6460-48ab-9f2b-f11f4eb24210"": ""298"", ""70bc41e8-7bbf-40f6-a57c-53a041ed5929"": ""270"", ""81213ecf-a157-474a-a7d0-a5342952a4e9"": {""distance"": ""232"", ""par"": ""4""}}"
6739612f-f22f-432e-8e51-32a0c6bb8572,7bd238c4-4d06-4530-adde-cc2ff8397a7f,9,5,"{""8d6d6b0e-d2f5-4ade-bcc4-42183f83c305"": ""482"", ""152c8dda-6460-48ab-9f2b-f11f4eb24210"": ""461"", ""70bc41e8-7bbf-40f6-a57c-53a041ed5929"": ""426"", ""81213ecf-a157-474a-a7d0-a5342952a4e9"": {""distance"": ""391"", ""par"": ""5""}}"
6739612f-f22f-432e-8e51-32a0c6bb8572,7bd238c4-4d06-4530-adde-cc2ff8397a7f,10,4,"{""8d6d6b0e-d2f5-4ade-bcc4-42183f83c305"": ""306"", ""152c8dda-6460-48ab-9f2b-f11f4eb24210"": ""303"", ""70bc41e8-7bbf-40f6-a57c-53a041ed5929"": ""272"", ""81213ecf-a157-474a-a7d0-a5342952a4e9"": {""distance"": ""251"", ""par"": ""4""}}"
6739612f-f22f-432e-8e51-32a0c6bb8572,7bd238c4-4d06-4530-adde-cc2ff8397a7f,11,4,"{""8d6d6b0e-d2f5-4ade-bcc4-42183f83c305"": ""289"", ""152c8dda-6460-48ab-9f2b-f11f4eb24210"": ""273"", ""70bc41e8-7bbf-40f6-a57c-53a041ed5929"": ""220"", ""81213ecf-a157-474a-a7d0-a5342952a4e9"": {""distance"": ""206"", ""par"": ""4""}}"
6739612f-f22f-432e-8e51-32a0c6bb8572,7bd238c4-4d06-4530-adde-cc2ff8397a7f,12,4,"{""8d6d6b0e-d2f5-4ade-bcc4-42183f83c305"": ""328"", ""152c8dda-6460-48ab-9f2b-f11f4eb24210"": ""303"", ""70bc41e8-7bbf-40f6-a57c-53a041ed5929"": ""279"", ""81213ecf-a157-474a-a7d0-a5342952a4e9"": {""distance"": ""230"", ""par"": ""4""}}"
6739612f-f22f-432e-8e51-32a0c6bb8572,7bd238c4-4d06-4530-adde-cc2ff8397a7f,13,3,"{""8d6d6b0e-d2f5-4ade-bcc4-42183f83c305"": ""155"", ""152c8dda-6460-48ab-9f2b-f11f4eb24210"": ""137"", ""70bc41e8-7bbf-40f6-a57c-53a041ed5929"": ""128"", ""81213ecf-a157-474a-a7d0-a5342952a4e9"": {""distance"": ""99"", ""par"": ""3""}}"
6739612f-f22f-432e-8e51-32a0c6bb8572,7bd238c4-4d06-4530-adde-cc2ff8397a7f,14,4,"{""8d6d6b0e-d2f5-4ade-bcc4-42183f83c305"": ""296"", ""152c8dda-6460-48ab-9f2b-f11f4eb24210"": ""273"", ""70bc41e8-7bbf-40f6-a57c-53a041ed5929"": ""236"", ""81213ecf-a157-474a-a7d0-a5342952a4e9"": {""distance"": ""216"", ""par"": ""4""}}"
6739612f-f22f-432e-8e51-32a0c6bb8572,7bd238c4-4d06-4530-adde-cc2ff8397a7f,15,5,"{""8d6d6b0e-d2f5-4ade-bcc4-42183f83c305"": ""459"", ""152c8dda-6460-48ab-9f2b-f11f4eb24210"": ""438"", ""70bc41e8-7bbf-40f6-a57c-53a041ed5929"": ""405"", ""81213ecf-a157-474a-a7d0-a5342952a4e9"": {""distance"": ""370"", ""par"": ""5""}}"
6739612f-f22f-432e-8e51-32a0c6bb8572,7bd238c4-4d06-4530-adde-cc2ff8397a7f,16,4,"{""8d6d6b0e-d2f5-4ade-bcc4-42183f83c305"": ""269"", ""152c8dda-6460-48ab-9f2b-f11f4eb24210"": ""254"", ""70bc41e8-7bbf-40f6-a57c-53a041ed5929"": ""226"", ""81213ecf-a157-474a-a7d0-a5342952a4e9"": {""distance"": ""223"", ""par"": ""4""}}"
6739612f-f22f-432e-8e51-32a0c6bb8572,7bd238c4-4d06-4530-adde-cc2ff8397a7f,17,3,"{""8d6d6b0e-d2f5-4ade-bcc4-42183f83c305"": ""134"", ""152c8dda-6460-48ab-9f2b-f11f4eb24210"": ""128"", ""70bc41e8-7bbf-40f6-a57c-53a041ed5929"": ""117"", ""81213ecf-a157-474a-a7d0-a5342952a4e9"": {""distance"": ""111"", ""par"": ""3""}}"
6739612f-f22f-432e-8e51-32a0c6bb8572,7bd238c4-4d06-4530-adde-cc2ff8397a7f,18,4,"{""8d6d6b0e-d2f5-4ade-bcc4-42183f83c305"": ""380"", ""152c8dda-6460-48ab-9f2b-f11f4eb24210"": ""372"", ""70bc41e8-7bbf-40f6-a57c-53a041ed5929"": ""327"", ""81213ecf-a157-474a-a7d0-a5342952a4e9"": {""distance"": ""314"", ""par"": ""4""}}"
383a4d5b-ca88-4be2-92af-10674e0f725e,7bd238c4-4d06-4530-adde-cc2ff8397a7f,1,4,"{""d1305816-7506-41fa-b1c3-4712d3492deb"": ""351"", ""2bc71b3f-85ad-496e-9738-5946e74219da"": {""distance"": ""302"", ""par"": ""4""}}"
383a4d5b-ca88-4be2-92af-10674e0f725e,7bd238c4-4d06-4530-adde-cc2ff8397a7f,2,5,"{""d1305816-7506-41fa-b1c3-4712d3492deb"": ""452"", ""2bc71b3f-85ad-496e-9738-5946e74219da"": {""distance"": ""384"", ""par"": ""5""}}"
383a4d5b-ca88-4be2-92af-10674e0f725e,7bd238c4-4d06-4530-adde-cc2ff8397a7f,3,3,"{""d1305816-7506-41fa-b1c3-4712d3492deb"": ""198"", ""2bc71b3f-85ad-496e-9738-5946e74219da"": {""distance"": ""179"", ""par"": ""3""}}"
383a4d5b-ca88-4be2-92af-10674e0f725e,7bd238c4-4d06-4530-adde-cc2ff8397a7f,4,5,"{""d1305816-7506-41fa-b1c3-4712d3492deb"": ""450"", ""2bc71b3f-85ad-496e-9738-5946e74219da"": {""distance"": ""406"", ""par"": ""5""}}"
383a4d5b-ca88-4be2-92af-10674e0f725e,7bd238c4-4d06-4530-adde-cc2ff8397a7f,5,5,"{""d1305816-7506-41fa-b1c3-4712d3492deb"": ""490"", ""2bc71b3f-85ad-496e-9738-5946e74219da"": {""distance"": ""428"", ""par"": ""5""}}"
383a4d5b-ca88-4be2-92af-10674e0f725e,7bd238c4-4d06-4530-adde-cc2ff8397a7f,6,3,"{""d1305816-7506-41fa-b1c3-4712d3492deb"": ""166"", ""2bc71b3f-85ad-496e-9738-5946e74219da"": {""distance"": ""143"", ""par"": ""3""}}"
383a4d5b-ca88-4be2-92af-10674e0f725e,7bd238c4-4d06-4530-adde-cc2ff8397a7f,7,4,"{""d1305816-7506-41fa-b1c3-4712d3492deb"": ""369"", ""2bc71b3f-85ad-496e-9738-5946e74219da"": {""distance"": ""308"", ""par"": ""4""}}"
383a4d5b-ca88-4be2-92af-10674e0f725e,7bd238c4-4d06-4530-adde-cc2ff8397a7f,8,4,"{""d1305816-7506-41fa-b1c3-4712d3492deb"": ""298"", ""2bc71b3f-85ad-496e-9738-5946e74219da"": {""distance"": ""232"", ""par"": ""4""}}"
383a4d5b-ca88-4be2-92af-10674e0f725e,7bd238c4-4d06-4530-adde-cc2ff8397a7f,9,5,"{""d1305816-7506-41fa-b1c3-4712d3492deb"": ""461"", ""2bc71b3f-85ad-496e-9738-5946e74219da"": {""distance"": ""390"", ""par"": ""5""}}"
383a4d5b-ca88-4be2-92af-10674e0f725e,7bd238c4-4d06-4530-adde-cc2ff8397a7f,10,4,"{""d1305816-7506-41fa-b1c3-4712d3492deb"": ""303"", ""2bc71b3f-85ad-496e-9738-5946e74219da"": {""distance"": ""251"", ""par"": ""4""}}"
383a4d5b-ca88-4be2-92af-10674e0f725e,7bd238c4-4d06-4530-adde-cc2ff8397a7f,11,4,"{""d1305816-7506-41fa-b1c3-4712d3492deb"": ""273"", ""2bc71b3f-85ad-496e-9738-5946e74219da"": {""distance"": ""206"", ""par"": ""4""}}"
383a4d5b-ca88-4be2-92af-10674e0f725e,7bd238c4-4d06-4530-adde-cc2ff8397a7f,12,4,"{""d1305816-7506-41fa-b1c3-4712d3492deb"": ""303"", ""2bc71b3f-85ad-496e-9738-5946e74219da"": {""distance"": ""230"", ""par"": ""4""}}"
383a4d5b-ca88-4be2-92af-10674e0f725e,7bd238c4-4d06-4530-adde-cc2ff8397a7f,13,3,"{""d1305816-7506-41fa-b1c3-4712d3492deb"": ""137"", ""2bc71b3f-85ad-496e-9738-5946e74219da"": {""distance"": ""99"", ""par"": ""3""}}"
383a4d5b-ca88-4be2-92af-10674e0f725e,7bd238c4-4d06-4530-adde-cc2ff8397a7f,14,4,"{""d1305816-7506-41fa-b1c3-4712d3492deb"": ""273"", ""2bc71b3f-85ad-496e-9738-5946e74219da"": {""distance"": ""216"", ""par"": ""4""}}"
383a4d5b-ca88-4be2-92af-10674e0f725e,7bd238c4-4d06-4530-adde-cc2ff8397a7f,15,5,"{""d1305816-7506-41fa-b1c3-4712d3492deb"": ""438"", ""2bc71b3f-85ad-496e-9738-5946e74219da"": {""distance"": ""370"", ""par"": ""5""}}"
383a4d5b-ca88-4be2-92af-10674e0f725e,7bd238c4-4d06-4530-adde-cc2ff8397a7f,16,4,"{""d1305816-7506-41fa-b1c3-4712d3492deb"": ""254"", ""2bc71b3f-85ad-496e-9738-5946e74219da"": {""distance"": ""223"", ""par"": ""4""}}"
383a4d5b-ca88-4be2-92af-10674e0f725e,7bd238c4-4d06-4530-adde-cc2ff8397a7f,17,3,"{""d1305816-7506-41fa-b1c3-4712d3492deb"": ""128"", ""2bc71b3f-85ad-496e-9738-5946e74219da"": {""distance"": ""111"", ""par"": ""3""}}"
383a4d5b-ca88-4be2-92af-10674e0f725e,7bd238c4-4d06-4530-adde-cc2ff8397a7f,18,4,"{""d1305816-7506-41fa-b1c3-4712d3492deb"": ""372"", ""2bc71b3f-85ad-496e-9738-5946e74219da"": {""distance"": ""314"", ""par"": ""4""}}"
90fdf98c-838b-40b0-8037-6464fd619707,7bd238c4-4d06-4530-adde-cc2ff8397a7f,1,4,"{""2291007b-cf23-4c8c-a163-644eb4642e72"": ""276"", ""3907b1bf-6bfe-42e4-b319-769bb0dfbf4c"": ""272"", ""f23f6455-4b85-45f3-82d7-a65922bc766b"": ""249"", ""9f969f1a-bd26-4503-80bb-dbe53e0b2ea0"": {""distance"": ""240"", ""par"": ""4""}}"
90fdf98c-838b-40b0-8037-6464fd619707,7bd238c4-4d06-4530-adde-cc2ff8397a7f,2,4,"{""2291007b-cf23-4c8c-a163-644eb4642e72"": ""312"", ""3907b1bf-6bfe-42e4-b319-769bb0dfbf4c"": ""307"", ""f23f6455-4b85-45f3-82d7-a65922bc766b"": ""271"", ""9f969f1a-bd26-4503-80bb-dbe53e0b2ea0"": {""distance"": ""261"", ""par"": ""4""}}"
90fdf98c-838b-40b0-8037-6464fd619707,7bd238c4-4d06-4530-adde-cc2ff8397a7f,3,3,"{""2291007b-cf23-4c8c-a163-644eb4642e72"": ""146"", ""3907b1bf-6bfe-42e4-b319-769bb0dfbf4c"": ""140"", ""f23f6455-4b85-45f3-82d7-a65922bc766b"": ""124"", ""9f969f1a-bd26-4503-80bb-dbe53e0b2ea0"": {""distance"": ""120"", ""par"": ""3""}}"
90fdf98c-838b-40b0-8037-6464fd619707,7bd238c4-4d06-4530-adde-cc2ff8397a7f,4,5,"{""2291007b-cf23-4c8c-a163-644eb4642e72"": ""440"", ""3907b1bf-6bfe-42e4-b319-769bb0dfbf4c"": ""428"", ""f23f6455-4b85-45f3-82d7-a65922bc766b"": ""387"", ""9f969f1a-bd26-4503-80bb-dbe53e0b2ea0"": {""distance"": ""362"", ""par"": ""5""}}"
90fdf98c-838b-40b0-8037-6464fd619707,7bd238c4-4d06-4530-adde-cc2ff8397a7f,5,3,"{""2291007b-cf23-4c8c-a163-644eb4642e72"": ""180"", ""3907b1bf-6bfe-42e4-b319-769bb0dfbf4c"": ""175"", ""f23f6455-4b85-45f3-82d7-a65922bc766b"": ""163"", ""9f969f1a-bd26-4503-80bb-dbe53e0b2ea0"": {""distance"": ""153"", ""par"": ""3""}}"
90fdf98c-838b-40b0-8037-6464fd619707,7bd238c4-4d06-4530-adde-cc2ff8397a7f,6,4,"{""2291007b-cf23-4c8c-a163-644eb4642e72"": ""419"", ""3907b1bf-6bfe-42e4-b319-769bb0dfbf4c"": ""412"", ""f23f6455-4b85-45f3-82d7-a65922bc766b"": ""360"", ""9f969f1a-bd26-4503-80bb-dbe53e0b2ea0"": {""distance"": ""344"", ""par"": ""4""}}"
90fdf98c-838b-40b0-8037-6464fd619707,7bd238c4-4d06-4530-adde-cc2ff8397a7f,7,4,"{""2291007b-cf23-4c8c-a163-644eb4642e72"": ""325"", ""3907b1bf-6bfe-42e4-b319-769bb0dfbf4c"": ""316"", ""f23f6455-4b85-45f3-82d7-a65922bc766b"": ""290"", ""9f969f1a-bd26-4503-80bb-dbe53e0b2ea0"": {""distance"": ""284"", ""par"": ""4""}}"
90fdf98c-838b-40b0-8037-6464fd619707,7bd238c4-4d06-4530-adde-cc2ff8397a7f,8,3,"{""2291007b-cf23-4c8c-a163-644eb4642e72"": ""131"", ""3907b1bf-6bfe-42e4-b319-769bb0dfbf4c"": ""126"", ""f23f6455-4b85-45f3-82d7-a65922bc766b"": ""109"", ""9f969f1a-bd26-4503-80bb-dbe53e0b2ea0"": {""distance"": ""106"", ""par"": ""3""}}"
90fdf98c-838b-40b0-8037-6464fd619707,7bd238c4-4d06-4530-adde-cc2ff8397a7f,9,4,"{""2291007b-cf23-4c8c-a163-644eb4642e72"": ""306"", ""3907b1bf-6bfe-42e4-b319-769bb0dfbf4c"": ""300"", ""f23f6455-4b85-45f3-82d7-a65922bc766b"": ""263"", ""9f969f1a-bd26-4503-80bb-dbe53e0b2ea0"": {""distance"": ""258"", ""par"": ""4""}}"
90fdf98c-838b-40b0-8037-6464fd619707,7bd238c4-4d06-4530-adde-cc2ff8397a7f,10,4,"{""2291007b-cf23-4c8c-a163-644eb4642e72"": ""365"", ""3907b1bf-6bfe-42e4-b319-769bb0dfbf4c"": ""351"", ""f23f6455-4b85-45f3-82d7-a65922bc766b"": ""315"", ""9f969f1a-bd26-4503-80bb-dbe53e0b2ea0"": {""distance"": ""302"", ""par"": ""4""}}"
90fdf98c-838b-40b0-8037-6464fd619707,7bd238c4-4d06-4530-adde-cc2ff8397a7f,11,5,"{""2291007b-cf23-4c8c-a163-644eb4642e72"": ""455"", ""3907b1bf-6bfe-42e4-b319-769bb0dfbf4c"": ""452"", ""f23f6455-4b85-45f3-82d7-a65922bc766b"": ""405"", ""9f969f1a-bd26-4503-80bb-dbe53e0b2ea0"": {""distance"": ""384"", ""par"": ""5""}}"
90fdf98c-838b-40b0-8037-6464fd619707,7bd238c4-4d06-4530-adde-cc2ff8397a7f,12,3,"{""2291007b-cf23-4c8c-a163-644eb4642e72"": ""205"", ""3907b1bf-6bfe-42e4-b319-769bb0dfbf4c"": ""198"", ""f23f6455-4b85-45f3-82d7-a65922bc766b"": ""185"", ""9f969f1a-bd26-4503-80bb-dbe53e0b2ea0"": {""distance"": ""179"", ""par"": ""3""}}"
90fdf98c-838b-40b0-8037-6464fd619707,7bd238c4-4d06-4530-adde-cc2ff8397a7f,13,5,"{""2291007b-cf23-4c8c-a163-644eb4642e72"": ""462"", ""3907b1bf-6bfe-42e4-b319-769bb0dfbf4c"": ""450"", ""f23f6455-4b85-45f3-82d7-a65922bc766b"": ""414"", ""9f969f1a-bd26-4503-80bb-dbe53e0b2ea0"": {""distance"": ""404"", ""par"": ""5""}}"
90fdf98c-838b-40b0-8037-6464fd619707,7bd238c4-4d06-4530-adde-cc2ff8397a7f,14,5,"{""2291007b-cf23-4c8c-a163-644eb4642e72"": ""508"", ""3907b1bf-6bfe-42e4-b319-769bb0dfbf4c"": ""490"", ""f23f6455-4b85-45f3-82d7-a65922bc766b"": ""435"", ""9f969f1a-bd26-4503-80bb-dbe53e0b2ea0"": {""distance"": ""428"", ""par"": ""5""}}"
90fdf98c-838b-40b0-8037-6464fd619707,7bd238c4-4d06-4530-adde-cc2ff8397a7f,15,3,"{""2291007b-cf23-4c8c-a163-644eb4642e72"": ""173"", ""3907b1bf-6bfe-42e4-b319-769bb0dfbf4c"": ""166"", ""f23f6455-4b85-45f3-82d7-a65922bc766b"": ""149"", ""9f969f1a-bd26-4503-80bb-dbe53e0b2ea0"": {""distance"": ""143"", ""par"": ""3""}}"
90fdf98c-838b-40b0-8037-6464fd619707,7bd238c4-4d06-4530-adde-cc2ff8397a7f,16,4,"{""2291007b-cf23-4c8c-a163-644eb4642e72"": ""383"", ""3907b1bf-6bfe-42e4-b319-769bb0dfbf4c"": ""369"", ""f23f6455-4b85-45f3-82d7-a65922bc766b"": ""326"", ""9f969f1a-bd26-4503-80bb-dbe53e0b2ea0"": {""distance"": ""316"", ""par"": ""4""}}"
90fdf98c-838b-40b0-8037-6464fd619707,7bd238c4-4d06-4530-adde-cc2ff8397a7f,17,3,"{""2291007b-cf23-4c8c-a163-644eb4642e72"": ""134"", ""3907b1bf-6bfe-42e4-b319-769bb0dfbf4c"": ""128"", ""f23f6455-4b85-45f3-82d7-a65922bc766b"": ""117"", ""9f969f1a-bd26-4503-80bb-dbe53e0b2ea0"": {""distance"": ""111"", ""par"": ""3""}}"
90fdf98c-838b-40b0-8037-6464fd619707,7bd238c4-4d06-4530-adde-cc2ff8397a7f,18,4,"{""2291007b-cf23-4c8c-a163-644eb4642e72"": ""380"", ""3907b1bf-6bfe-42e4-b319-769bb0dfbf4c"": ""372"", ""f23f6455-4b85-45f3-82d7-a65922bc766b"": ""327"", ""9f969f1a-bd26-4503-80bb-dbe53e0b2ea0"": {""distance"": ""314"", ""par"": ""4""}}"
c1e8fe27-fa2d-4ce4-8be8-0bd50c978640,9964d760-f6be-4e29-accc-13afda5f1d64,1,5,"{""2167333c-741b-489c-a82b-6d96a4945616"": ""508"", ""2c66474b-04d2-41b9-90c7-c00700924bda"": ""490"", ""a8e36513-fc5b-4c18-8eae-b6882fc5f5e3"": ""459"", ""de2be3f4-09d3-4c36-89ef-b7a2afa8221a"": {""distance"": ""439"", ""par"": ""5""}}"
c1e8fe27-fa2d-4ce4-8be8-0bd50c978640,9964d760-f6be-4e29-accc-13afda5f1d64,2,3,"{""2167333c-741b-489c-a82b-6d96a4945616"": ""155"", ""2c66474b-04d2-41b9-90c7-c00700924bda"": ""149"", ""a8e36513-fc5b-4c18-8eae-b6882fc5f5e3"": ""125"", ""de2be3f4-09d3-4c36-89ef-b7a2afa8221a"": {""distance"": ""117"", ""par"": ""3""}}"
c1e8fe27-fa2d-4ce4-8be8-0bd50c978640,9964d760-f6be-4e29-accc-13afda5f1d64,3,5,"{""2167333c-741b-489c-a82b-6d96a4945616"": ""447"", ""2c66474b-04d2-41b9-90c7-c00700924bda"": ""415"", ""a8e36513-fc5b-4c18-8eae-b6882fc5f5e3"": ""391"", ""de2be3f4-09d3-4c36-89ef-b7a2afa8221a"": {""distance"": ""362"", ""par"": ""5""}}"
c1e8fe27-fa2d-4ce4-8be8-0bd50c978640,9964d760-f6be-4e29-accc-13afda5f1d64,4,4,"{""2167333c-741b-489c-a82b-6d96a4945616"": ""296"", ""2c66474b-04d2-41b9-90c7-c00700924bda"": ""288"", ""a8e36513-fc5b-4c18-8eae-b6882fc5f5e3"": ""260"", ""de2be3f4-09d3-4c36-89ef-b7a2afa8221a"": {""distance"": ""250"", ""par"": ""4""}}"
c1e8fe27-fa2d-4ce4-8be8-0bd50c978640,9964d760-f6be-4e29-accc-13afda5f1d64,5,4,"{""2167333c-741b-489c-a82b-6d96a4945616"": ""373"", ""2c66474b-04d2-41b9-90c7-c00700924bda"": ""367"", ""a8e36513-fc5b-4c18-8eae-b6882fc5f5e3"": ""339"", ""de2be3f4-09d3-4c36-89ef-b7a2afa8221a"": {""distance"": ""305"", ""par"": ""4""}}"
c1e8fe27-fa2d-4ce4-8be8-0bd50c978640,9964d760-f6be-4e29-accc-13afda5f1d64,6,4,"{""2167333c-741b-489c-a82b-6d96a4945616"": ""335"", ""2c66474b-04d2-41b9-90c7-c00700924bda"": ""308"", ""a8e36513-fc5b-4c18-8eae-b6882fc5f5e3"": ""264"", ""de2be3f4-09d3-4c36-89ef-b7a2afa8221a"": {""distance"": ""258"", ""par"": ""4""}}"
c1e8fe27-fa2d-4ce4-8be8-0bd50c978640,9964d760-f6be-4e29-accc-13afda5f1d64,7,4,"{""2167333c-741b-489c-a82b-6d96a4945616"": ""328"", ""2c66474b-04d2-41b9-90c7-c00700924bda"": ""317"", ""a8e36513-fc5b-4c18-8eae-b6882fc5f5e3"": ""296"", ""de2be3f4-09d3-4c36-89ef-b7a2afa8221a"": {""distance"": ""279"", ""par"": ""4""}}"
c1e8fe27-fa2d-4ce4-8be8-0bd50c978640,9964d760-f6be-4e29-accc-13afda5f1d64,8,4,"{""2167333c-741b-489c-a82b-6d96a4945616"": ""338"", ""2c66474b-04d2-41b9-90c7-c00700924bda"": ""320"", ""a8e36513-fc5b-4c18-8eae-b6882fc5f5e3"": ""297"", ""de2be3f4-09d3-4c36-89ef-b7a2afa8221a"": {""distance"": ""280"", ""par"": ""4""}}"
c1e8fe27-fa2d-4ce4-8be8-0bd50c978640,9964d760-f6be-4e29-accc-13afda5f1d64,9,4,"{""2167333c-741b-489c-a82b-6d96a4945616"": ""340"", ""2c66474b-04d2-41b9-90c7-c00700924bda"": ""325"", ""a8e36513-fc5b-4c18-8eae-b6882fc5f5e3"": ""305"", ""de2be3f4-09d3-4c36-89ef-b7a2afa8221a"": {""distance"": ""298"", ""par"": ""4""}}"
c1e8fe27-fa2d-4ce4-8be8-0bd50c978640,9964d760-f6be-4e29-accc-13afda5f1d64,10,3,"{""2167333c-741b-489c-a82b-6d96a4945616"": ""158"", ""2c66474b-04d2-41b9-90c7-c00700924bda"": ""144"", ""a8e36513-fc5b-4c18-8eae-b6882fc5f5e3"": ""134"", ""de2be3f4-09d3-4c36-89ef-b7a2afa8221a"": {""distance"": ""122"", ""par"": ""3""}}"
c1e8fe27-fa2d-4ce4-8be8-0bd50c978640,9964d760-f6be-4e29-accc-13afda5f1d64,11,5,"{""2167333c-741b-489c-a82b-6d96a4945616"": ""469"", ""2c66474b-04d2-41b9-90c7-c00700924bda"": ""448"", ""a8e36513-fc5b-4c18-8eae-b6882fc5f5e3"": ""422"", ""de2be3f4-09d3-4c36-89ef-b7a2afa8221a"": {""distance"": ""402"", ""par"": ""5""}}"
c1e8fe27-fa2d-4ce4-8be8-0bd50c978640,9964d760-f6be-4e29-accc-13afda5f1d64,12,3,"{""2167333c-741b-489c-a82b-6d96a4945616"": ""146"", ""2c66474b-04d2-41b9-90c7-c00700924bda"": ""136"", ""a8e36513-fc5b-4c18-8eae-b6882fc5f5e3"": ""115"", ""de2be3f4-09d3-4c36-89ef-b7a2afa8221a"": {""distance"": ""94"", ""par"": ""3""}}"
c1e8fe27-fa2d-4ce4-8be8-0bd50c978640,9964d760-f6be-4e29-accc-13afda5f1d64,13,4,"{""2167333c-741b-489c-a82b-6d96a4945616"": ""369"", ""2c66474b-04d2-41b9-90c7-c00700924bda"": ""346"", ""a8e36513-fc5b-4c18-8eae-b6882fc5f5e3"": ""336"", ""de2be3f4-09d3-4c36-89ef-b7a2afa8221a"": {""distance"": ""280"", ""par"": ""4""}}"
c1e8fe27-fa2d-4ce4-8be8-0bd50c978640,9964d760-f6be-4e29-accc-13afda5f1d64,14,4,"{""2167333c-741b-489c-a82b-6d96a4945616"": ""283"", ""2c66474b-04d2-41b9-90c7-c00700924bda"": ""274"", ""a8e36513-fc5b-4c18-8eae-b6882fc5f5e3"": ""241"", ""de2be3f4-09d3-4c36-89ef-b7a2afa8221a"": {""distance"": ""235"", ""par"": ""4""}}"
c1e8fe27-fa2d-4ce4-8be8-0bd50c978640,9964d760-f6be-4e29-accc-13afda5f1d64,15,5,"{""2167333c-741b-489c-a82b-6d96a4945616"": ""475"", ""2c66474b-04d2-41b9-90c7-c00700924bda"": ""466"", ""a8e36513-fc5b-4c18-8eae-b6882fc5f5e3"": ""402"", ""de2be3f4-09d3-4c36-89ef-b7a2afa8221a"": {""distance"": ""378"", ""par"": ""5""}}"
c1e8fe27-fa2d-4ce4-8be8-0bd50c978640,9964d760-f6be-4e29-accc-13afda5f1d64,16,4,"{""2167333c-741b-489c-a82b-6d96a4945616"": ""375"", ""2c66474b-04d2-41b9-90c7-c00700924bda"": ""359"", ""a8e36513-fc5b-4c18-8eae-b6882fc5f5e3"": ""320"", ""de2be3f4-09d3-4c36-89ef-b7a2afa8221a"": {""distance"": ""292"", ""par"": ""4""}}"
c1e8fe27-fa2d-4ce4-8be8-0bd50c978640,9964d760-f6be-4e29-accc-13afda5f1d64,17,3,"{""2167333c-741b-489c-a82b-6d96a4945616"": ""161"", ""2c66474b-04d2-41b9-90c7-c00700924bda"": ""153"", ""a8e36513-fc5b-4c18-8eae-b6882fc5f5e3"": ""138"", ""de2be3f4-09d3-4c36-89ef-b7a2afa8221a"": {""distance"": ""129"", ""par"": ""3""}}"
c1e8fe27-fa2d-4ce4-8be8-0bd50c978640,9964d760-f6be-4e29-accc-13afda5f1d64,18,4,"{""2167333c-741b-489c-a82b-6d96a4945616"": ""345"", ""2c66474b-04d2-41b9-90c7-c00700924bda"": ""313"", ""a8e36513-fc5b-4c18-8eae-b6882fc5f5e3"": ""288"", ""de2be3f4-09d3-4c36-89ef-b7a2afa8221a"": {""distance"": ""256"", ""par"": ""4""}}"
2c969366-8268-4b39-9662-a319a07f2a7f,9964d760-f6be-4e29-accc-13afda5f1d64,1,3,"{""a7ccf403-0429-4d60-86d6-9b84b9cf90e0"": ""85"", ""10f5e04c-0185-4015-9c4a-26be4bf12b92"": ""79"", ""e8aff60f-d124-4b8d-872a-90e88c9697d2"": {""distance"": ""72"", ""par"": ""3""}}"
2c969366-8268-4b39-9662-a319a07f2a7f,9964d760-f6be-4e29-accc-13afda5f1d64,2,3,"{""a7ccf403-0429-4d60-86d6-9b84b9cf90e0"": ""78"", ""10f5e04c-0185-4015-9c4a-26be4bf12b92"": ""72"", ""e8aff60f-d124-4b8d-872a-90e88c9697d2"": {""distance"": ""65"", ""par"": ""3""}}"
2c969366-8268-4b39-9662-a319a07f2a7f,9964d760-f6be-4e29-accc-13afda5f1d64,3,3,"{""a7ccf403-0429-4d60-86d6-9b84b9cf90e0"": ""63"", ""10f5e04c-0185-4015-9c4a-26be4bf12b92"": ""56"", ""e8aff60f-d124-4b8d-872a-90e88c9697d2"": {""distance"": ""49"", ""par"": ""3""}}"
2c969366-8268-4b39-9662-a319a07f2a7f,9964d760-f6be-4e29-accc-13afda5f1d64,4,3,"{""a7ccf403-0429-4d60-86d6-9b84b9cf90e0"": ""82"", ""10f5e04c-0185-4015-9c4a-26be4bf12b92"": ""76"", ""e8aff60f-d124-4b8d-872a-90e88c9697d2"": {""distance"": ""69"", ""par"": ""3""}}"
2c969366-8268-4b39-9662-a319a07f2a7f,9964d760-f6be-4e29-accc-13afda5f1d64,5,3,"{""a7ccf403-0429-4d60-86d6-9b84b9cf90e0"": ""63"", ""10f5e04c-0185-4015-9c4a-26be4bf12b92"": ""57"", ""e8aff60f-d124-4b8d-872a-90e88c9697d2"": {""distance"": ""50"", ""par"": ""3""}}"
2c969366-8268-4b39-9662-a319a07f2a7f,9964d760-f6be-4e29-accc-13afda5f1d64,6,3,"{""a7ccf403-0429-4d60-86d6-9b84b9cf90e0"": ""109"", ""10f5e04c-0185-4015-9c4a-26be4bf12b92"": ""101"", ""e8aff60f-d124-4b8d-872a-90e88c9697d2"": {""distance"": ""93"", ""par"": ""3""}}"
2c969366-8268-4b39-9662-a319a07f2a7f,9964d760-f6be-4e29-accc-13afda5f1d64,7,3,"{""a7ccf403-0429-4d60-86d6-9b84b9cf90e0"": ""62"", ""10f5e04c-0185-4015-9c4a-26be4bf12b92"": ""56"", ""e8aff60f-d124-4b8d-872a-90e88c9697d2"": {""distance"": ""50"", ""par"": ""3""}}"
2c969366-8268-4b39-9662-a319a07f2a7f,9964d760-f6be-4e29-accc-13afda5f1d64,8,3,"{""a7ccf403-0429-4d60-86d6-9b84b9cf90e0"": ""69"", ""10f5e04c-0185-4015-9c4a-26be4bf12b92"": ""63"", ""e8aff60f-d124-4b8d-872a-90e88c9697d2"": {""distance"": ""57"", ""par"": ""3""}}"
2c969366-8268-4b39-9662-a319a07f2a7f,9964d760-f6be-4e29-accc-13afda5f1d64,9,3,"{""a7ccf403-0429-4d60-86d6-9b84b9cf90e0"": ""88"", ""10f5e04c-0185-4015-9c4a-26be4bf12b92"": ""82"", ""e8aff60f-d124-4b8d-872a-90e88c9697d2"": {""distance"": ""76"", ""par"": ""3""}}"
2c969366-8268-4b39-9662-a319a07f2a7f,9964d760-f6be-4e29-accc-13afda5f1d64,10,3,"{""a7ccf403-0429-4d60-86d6-9b84b9cf90e0"": ""75"", ""10f5e04c-0185-4015-9c4a-26be4bf12b92"": ""69"", ""e8aff60f-d124-4b8d-872a-90e88c9697d2"": {""distance"": ""63"", ""par"": ""3""}}"
2c969366-8268-4b39-9662-a319a07f2a7f,9964d760-f6be-4e29-accc-13afda5f1d64,11,3,"{""a7ccf403-0429-4d60-86d6-9b84b9cf90e0"": ""87"", ""10f5e04c-0185-4015-9c4a-26be4bf12b92"": ""80"", ""e8aff60f-d124-4b8d-872a-90e88c9697d2"": {""distance"": ""72"", ""par"": ""3""}}"
2c969366-8268-4b39-9662-a319a07f2a7f,9964d760-f6be-4e29-accc-13afda5f1d64,12,3,"{""a7ccf403-0429-4d60-86d6-9b84b9cf90e0"": ""71"", ""10f5e04c-0185-4015-9c4a-26be4bf12b92"": ""64"", ""e8aff60f-d124-4b8d-872a-90e88c9697d2"": {""distance"": ""57"", ""par"": ""3""}}"
2c969366-8268-4b39-9662-a319a07f2a7f,9964d760-f6be-4e29-accc-13afda5f1d64,13,3,"{""a7ccf403-0429-4d60-86d6-9b84b9cf90e0"": ""112"", ""10f5e04c-0185-4015-9c4a-26be4bf12b92"": ""106"", ""e8aff60f-d124-4b8d-872a-90e88c9697d2"": {""distance"": ""99"", ""par"": ""3""}}"
2c969366-8268-4b39-9662-a319a07f2a7f,9964d760-f6be-4e29-accc-13afda5f1d64,14,3,"{""a7ccf403-0429-4d60-86d6-9b84b9cf90e0"": ""92"", ""10f5e04c-0185-4015-9c4a-26be4bf12b92"": ""86"", ""e8aff60f-d124-4b8d-872a-90e88c9697d2"": {""distance"": ""79"", ""par"": ""3""}}"
2c969366-8268-4b39-9662-a319a07f2a7f,9964d760-f6be-4e29-accc-13afda5f1d64,15,3,"{""a7ccf403-0429-4d60-86d6-9b84b9cf90e0"": ""60"", ""10f5e04c-0185-4015-9c4a-26be4bf12b92"": ""53"", ""e8aff60f-d124-4b8d-872a-90e88c9697d2"": {""distance"": ""46"", ""par"": ""3""}}"
2c969366-8268-4b39-9662-a319a07f2a7f,9964d760-f6be-4e29-accc-13afda5f1d64,16,3,"{""a7ccf403-0429-4d60-86d6-9b84b9cf90e0"": ""84"", ""10f5e04c-0185-4015-9c4a-26be4bf12b92"": ""78"", ""e8aff60f-d124-4b8d-872a-90e88c9697d2"": {""distance"": ""72"", ""par"": ""3""}}"
2c969366-8268-4b39-9662-a319a07f2a7f,9964d760-f6be-4e29-accc-13afda5f1d64,17,3,"{""a7ccf403-0429-4d60-86d6-9b84b9cf90e0"": ""58"", ""10f5e04c-0185-4015-9c4a-26be4bf12b92"": ""52"", ""e8aff60f-d124-4b8d-872a-90e88c9697d2"": {""distance"": ""46"", ""par"": ""3""}}"
2c969366-8268-4b39-9662-a319a07f2a7f,9964d760-f6be-4e29-accc-13afda5f1d64,18,3,"{""a7ccf403-0429-4d60-86d6-9b84b9cf90e0"": ""101"", ""10f5e04c-0185-4015-9c4a-26be4bf12b92"": ""96"", ""e8aff60f-d124-4b8d-872a-90e88c9697d2"": {""distance"": ""90"", ""par"": ""3""}}"
2181f07e-f053-48fc-b8bc-e0fd57f606e6,3942afba-9421-432d-9938-d1271123bccb,1,4,"{""4b3e07e3-3b14-4c4f-8430-a0b50ca8bf36"": ""366"", ""e9988abd-51d6-4eb4-91f6-3e3af918fc6e"": {""distance"": ""353"", ""par"": ""4""}}"
2181f07e-f053-48fc-b8bc-e0fd57f606e6,3942afba-9421-432d-9938-d1271123bccb,2,5,"{""4b3e07e3-3b14-4c4f-8430-a0b50ca8bf36"": ""461"", ""e9988abd-51d6-4eb4-91f6-3e3af918fc6e"": {""distance"": ""403"", ""par"": ""5""}}"
2181f07e-f053-48fc-b8bc-e0fd57f606e6,3942afba-9421-432d-9938-d1271123bccb,3,4,"{""4b3e07e3-3b14-4c4f-8430-a0b50ca8bf36"": ""250"", ""e9988abd-51d6-4eb4-91f6-3e3af918fc6e"": {""distance"": ""220"", ""par"": ""4""}}"
2181f07e-f053-48fc-b8bc-e0fd57f606e6,3942afba-9421-432d-9938-d1271123bccb,4,3,"{""4b3e07e3-3b14-4c4f-8430-a0b50ca8bf36"": ""90"", ""e9988abd-51d6-4eb4-91f6-3e3af918fc6e"": {""distance"": ""80"", ""par"": ""3""}}"
2181f07e-f053-48fc-b8bc-e0fd57f606e6,3942afba-9421-432d-9938-d1271123bccb,5,4,"{""4b3e07e3-3b14-4c4f-8430-a0b50ca8bf36"": ""368"", ""e9988abd-51d6-4eb4-91f6-3e3af918fc6e"": {""distance"": ""342"", ""par"": ""4""}}"
2181f07e-f053-48fc-b8bc-e0fd57f606e6,3942afba-9421-432d-9938-d1271123bccb,6,5,"{""4b3e07e3-3b14-4c4f-8430-a0b50ca8bf36"": ""468"", ""e9988abd-51d6-4eb4-91f6-3e3af918fc6e"": {""distance"": ""423"", ""par"": ""5""}}"
2181f07e-f053-48fc-b8bc-e0fd57f606e6,3942afba-9421-432d-9938-d1271123bccb,7,4,"{""4b3e07e3-3b14-4c4f-8430-a0b50ca8bf36"": ""320"", ""e9988abd-51d6-4eb4-91f6-3e3af918fc6e"": {""distance"": ""266"", ""par"": ""4""}}"
2181f07e-f053-48fc-b8bc-e0fd57f606e6,3942afba-9421-432d-9938-d1271123bccb,8,3,"{""4b3e07e3-3b14-4c4f-8430-a0b50ca8bf36"": ""144"", ""e9988abd-51d6-4eb4-91f6-3e3af918fc6e"": {""distance"": ""116"", ""par"": ""3""}}"
2181f07e-f053-48fc-b8bc-e0fd57f606e6,3942afba-9421-432d-9938-d1271123bccb,9,4,"{""4b3e07e3-3b14-4c4f-8430-a0b50ca8bf36"": ""341"", ""e9988abd-51d6-4eb4-91f6-3e3af918fc6e"": {""distance"": ""301"", ""par"": ""4""}}"
2181f07e-f053-48fc-b8bc-e0fd57f606e6,3942afba-9421-432d-9938-d1271123bccb,10,4,"{""4b3e07e3-3b14-4c4f-8430-a0b50ca8bf36"": ""366"", ""e9988abd-51d6-4eb4-91f6-3e3af918fc6e"": {""distance"": ""353"", ""par"": ""4""}}"
2181f07e-f053-48fc-b8bc-e0fd57f606e6,3942afba-9421-432d-9938-d1271123bccb,11,5,"{""4b3e07e3-3b14-4c4f-8430-a0b50ca8bf36"": ""461"", ""e9988abd-51d6-4eb4-91f6-3e3af918fc6e"": {""distance"": ""403"", ""par"": ""5""}}"
2181f07e-f053-48fc-b8bc-e0fd57f606e6,3942afba-9421-432d-9938-d1271123bccb,12,4,"{""4b3e07e3-3b14-4c4f-8430-a0b50ca8bf36"": ""250"", ""e9988abd-51d6-4eb4-91f6-3e3af918fc6e"": {""distance"": ""220"", ""par"": ""4""}}"
2181f07e-f053-48fc-b8bc-e0fd57f606e6,3942afba-9421-432d-9938-d1271123bccb,13,3,"{""4b3e07e3-3b14-4c4f-8430-a0b50ca8bf36"": ""90"", ""e9988abd-51d6-4eb4-91f6-3e3af918fc6e"": {""distance"": ""80"", ""par"": ""3""}}"
2181f07e-f053-48fc-b8bc-e0fd57f606e6,3942afba-9421-432d-9938-d1271123bccb,14,4,"{""4b3e07e3-3b14-4c4f-8430-a0b50ca8bf36"": ""368"", ""e9988abd-51d6-4eb4-91f6-3e3af918fc6e"": {""distance"": ""342"", ""par"": ""4""}}"
2181f07e-f053-48fc-b8bc-e0fd57f606e6,3942afba-9421-432d-9938-d1271123bccb,15,5,"{""4b3e07e3-3b14-4c4f-8430-a0b50ca8bf36"": ""468"", ""e9988abd-51d6-4eb4-91f6-3e3af918fc6e"": {""distance"": ""423"", ""par"": ""5""}}"
2181f07e-f053-48fc-b8bc-e0fd57f606e6,3942afba-9421-432d-9938-d1271123bccb,16,4,"{""4b3e07e3-3b14-4c4f-8430-a0b50ca8bf36"": ""320"", ""e9988abd-51d6-4eb4-91f6-3e3af918fc6e"": {""distance"": ""266"", ""par"": ""4""}}"
2181f07e-f053-48fc-b8bc-e0fd57f606e6,3942afba-9421-432d-9938-d1271123bccb,17,3,"{""4b3e07e3-3b14-4c4f-8430-a0b50ca8bf36"": ""144"", ""e9988abd-51d6-4eb4-91f6-3e3af918fc6e"": {""distance"": ""116"", ""par"": ""3""}}"
2181f07e-f053-48fc-b8bc-e0fd57f606e6,3942afba-9421-432d-9938-d1271123bccb,18,4,"{""4b3e07e3-3b14-4c4f-8430-a0b50ca8bf36"": ""341"", ""e9988abd-51d6-4eb4-91f6-3e3af918fc6e"": {""distance"": ""301"", ""par"": ""4""}}"
c9fc6b41-04db-4e46-adb7-ed16f7859eab,3942afba-9421-432d-9938-d1271123bccb,1,4,"{""797010ff-39ee-41b6-ad5c-7b7afac12991"": ""366"", ""0987f051-e839-4a3b-9e86-8ecc1470ca54"": {""distance"": ""353"", ""par"": ""4""}}"
c9fc6b41-04db-4e46-adb7-ed16f7859eab,3942afba-9421-432d-9938-d1271123bccb,2,5,"{""797010ff-39ee-41b6-ad5c-7b7afac12991"": ""461"", ""0987f051-e839-4a3b-9e86-8ecc1470ca54"": {""distance"": ""403"", ""par"": ""5""}}"
c9fc6b41-04db-4e46-adb7-ed16f7859eab,3942afba-9421-432d-9938-d1271123bccb,3,4,"{""797010ff-39ee-41b6-ad5c-7b7afac12991"": ""250"", ""0987f051-e839-4a3b-9e86-8ecc1470ca54"": {""distance"": ""220"", ""par"": ""4""}}"
c9fc6b41-04db-4e46-adb7-ed16f7859eab,3942afba-9421-432d-9938-d1271123bccb,4,3,"{""797010ff-39ee-41b6-ad5c-7b7afac12991"": ""90"", ""0987f051-e839-4a3b-9e86-8ecc1470ca54"": {""distance"": ""80"", ""par"": ""3""}}"
c9fc6b41-04db-4e46-adb7-ed16f7859eab,3942afba-9421-432d-9938-d1271123bccb,5,4,"{""797010ff-39ee-41b6-ad5c-7b7afac12991"": ""368"", ""0987f051-e839-4a3b-9e86-8ecc1470ca54"": {""distance"": ""342"", ""par"": ""4""}}"
c9fc6b41-04db-4e46-adb7-ed16f7859eab,3942afba-9421-432d-9938-d1271123bccb,6,5,"{""797010ff-39ee-41b6-ad5c-7b7afac12991"": ""468"", ""0987f051-e839-4a3b-9e86-8ecc1470ca54"": {""distance"": ""423"", ""par"": ""5""}}"
c9fc6b41-04db-4e46-adb7-ed16f7859eab,3942afba-9421-432d-9938-d1271123bccb,7,4,"{""797010ff-39ee-41b6-ad5c-7b7afac12991"": ""320"", ""0987f051-e839-4a3b-9e86-8ecc1470ca54"": {""distance"": ""266"", ""par"": ""4""}}"
c9fc6b41-04db-4e46-adb7-ed16f7859eab,3942afba-9421-432d-9938-d1271123bccb,8,4,"{""797010ff-39ee-41b6-ad5c-7b7afac12991"": ""341"", ""0987f051-e839-4a3b-9e86-8ecc1470ca54"": {""distance"": ""301"", ""par"": ""4""}}"
c9fc6b41-04db-4e46-adb7-ed16f7859eab,3942afba-9421-432d-9938-d1271123bccb,9,3,"{""797010ff-39ee-41b6-ad5c-7b7afac12991"": ""111"", ""0987f051-e839-4a3b-9e86-8ecc1470ca54"": {""distance"": ""100"", ""par"": ""3""}}"
c9fc6b41-04db-4e46-adb7-ed16f7859eab,3942afba-9421-432d-9938-d1271123bccb,10,4,"{""797010ff-39ee-41b6-ad5c-7b7afac12991"": ""366"", ""0987f051-e839-4a3b-9e86-8ecc1470ca54"": {""distance"": ""353"", ""par"": ""4""}}"
c9fc6b41-04db-4e46-adb7-ed16f7859eab,3942afba-9421-432d-9938-d1271123bccb,11,5,"{""797010ff-39ee-41b6-ad5c-7b7afac12991"": ""461"", ""0987f051-e839-4a3b-9e86-8ecc1470ca54"": {""distance"": ""403"", ""par"": ""5""}}"
c9fc6b41-04db-4e46-adb7-ed16f7859eab,3942afba-9421-432d-9938-d1271123bccb,12,4,"{""797010ff-39ee-41b6-ad5c-7b7afac12991"": ""250"", ""0987f051-e839-4a3b-9e86-8ecc1470ca54"": {""distance"": ""220"", ""par"": ""4""}}"
c9fc6b41-04db-4e46-adb7-ed16f7859eab,3942afba-9421-432d-9938-d1271123bccb,13,3,"{""797010ff-39ee-41b6-ad5c-7b7afac12991"": ""90"", ""0987f051-e839-4a3b-9e86-8ecc1470ca54"": {""distance"": ""80"", ""par"": ""3""}}"
c9fc6b41-04db-4e46-adb7-ed16f7859eab,3942afba-9421-432d-9938-d1271123bccb,14,4,"{""797010ff-39ee-41b6-ad5c-7b7afac12991"": ""368"", ""0987f051-e839-4a3b-9e86-8ecc1470ca54"": {""distance"": ""342"", ""par"": ""4""}}"
c9fc6b41-04db-4e46-adb7-ed16f7859eab,3942afba-9421-432d-9938-d1271123bccb,15,5,"{""797010ff-39ee-41b6-ad5c-7b7afac12991"": ""468"", ""0987f051-e839-4a3b-9e86-8ecc1470ca54"": {""distance"": ""423"", ""par"": ""5""}}"
c9fc6b41-04db-4e46-adb7-ed16f7859eab,3942afba-9421-432d-9938-d1271123bccb,16,4,"{""797010ff-39ee-41b6-ad5c-7b7afac12991"": ""320"", ""0987f051-e839-4a3b-9e86-8ecc1470ca54"": {""distance"": ""266"", ""par"": ""4""}}"
c9fc6b41-04db-4e46-adb7-ed16f7859eab,3942afba-9421-432d-9938-d1271123bccb,17,4,"{""797010ff-39ee-41b6-ad5c-7b7afac12991"": ""341"", ""0987f051-e839-4a3b-9e86-8ecc1470ca54"": {""distance"": ""301"", ""par"": ""4""}}"
c9fc6b41-04db-4e46-adb7-ed16f7859eab,3942afba-9421-432d-9938-d1271123bccb,18,3,"{""797010ff-39ee-41b6-ad5c-7b7afac12991"": ""111"", ""0987f051-e839-4a3b-9e86-8ecc1470ca54"": {""distance"": ""100"", ""par"": ""3""}}"
16973b5e-16e9-4aa8-8c9e-9552e2fa68b2,3942afba-9421-432d-9938-d1271123bccb,1,4,"{""03deead0-7bc8-49bd-ac9c-d10afc75dda2"": ""366"", ""e4213a08-bfe8-4b97-ab1f-5787fa31f4a3"": {""distance"": ""353"", ""par"": ""4""}}"
16973b5e-16e9-4aa8-8c9e-9552e2fa68b2,3942afba-9421-432d-9938-d1271123bccb,2,5,"{""03deead0-7bc8-49bd-ac9c-d10afc75dda2"": ""461"", ""e4213a08-bfe8-4b97-ab1f-5787fa31f4a3"": {""distance"": ""403"", ""par"": ""5""}}"
16973b5e-16e9-4aa8-8c9e-9552e2fa68b2,3942afba-9421-432d-9938-d1271123bccb,3,4,"{""03deead0-7bc8-49bd-ac9c-d10afc75dda2"": ""250"", ""e4213a08-bfe8-4b97-ab1f-5787fa31f4a3"": {""distance"": ""220"", ""par"": ""4""}}"
16973b5e-16e9-4aa8-8c9e-9552e2fa68b2,3942afba-9421-432d-9938-d1271123bccb,4,4,"{""03deead0-7bc8-49bd-ac9c-d10afc75dda2"": ""368"", ""e4213a08-bfe8-4b97-ab1f-5787fa31f4a3"": {""distance"": ""342"", ""par"": ""4""}}"
16973b5e-16e9-4aa8-8c9e-9552e2fa68b2,3942afba-9421-432d-9938-d1271123bccb,5,5,"{""03deead0-7bc8-49bd-ac9c-d10afc75dda2"": ""468"", ""e4213a08-bfe8-4b97-ab1f-5787fa31f4a3"": {""distance"": ""423"", ""par"": ""5""}}"
16973b5e-16e9-4aa8-8c9e-9552e2fa68b2,3942afba-9421-432d-9938-d1271123bccb,6,4,"{""03deead0-7bc8-49bd-ac9c-d10afc75dda2"": ""320"", ""e4213a08-bfe8-4b97-ab1f-5787fa31f4a3"": {""distance"": ""266"", ""par"": ""4""}}"
16973b5e-16e9-4aa8-8c9e-9552e2fa68b2,3942afba-9421-432d-9938-d1271123bccb,7,3,"{""03deead0-7bc8-49bd-ac9c-d10afc75dda2"": ""144"", ""e4213a08-bfe8-4b97-ab1f-5787fa31f4a3"": {""distance"": ""116"", ""par"": ""3""}}"
16973b5e-16e9-4aa8-8c9e-9552e2fa68b2,3942afba-9421-432d-9938-d1271123bccb,8,4,"{""03deead0-7bc8-49bd-ac9c-d10afc75dda2"": ""341"", ""e4213a08-bfe8-4b97-ab1f-5787fa31f4a3"": {""distance"": ""301"", ""par"": ""4""}}"
16973b5e-16e9-4aa8-8c9e-9552e2fa68b2,3942afba-9421-432d-9938-d1271123bccb,9,3,"{""03deead0-7bc8-49bd-ac9c-d10afc75dda2"": ""111"", ""e4213a08-bfe8-4b97-ab1f-5787fa31f4a3"": {""distance"": ""100"", ""par"": ""3""}}"
16973b5e-16e9-4aa8-8c9e-9552e2fa68b2,3942afba-9421-432d-9938-d1271123bccb,10,4,"{""03deead0-7bc8-49bd-ac9c-d10afc75dda2"": ""366"", ""e4213a08-bfe8-4b97-ab1f-5787fa31f4a3"": {""distance"": ""353"", ""par"": ""4""}}"
16973b5e-16e9-4aa8-8c9e-9552e2fa68b2,3942afba-9421-432d-9938-d1271123bccb,11,5,"{""03deead0-7bc8-49bd-ac9c-d10afc75dda2"": ""461"", ""e4213a08-bfe8-4b97-ab1f-5787fa31f4a3"": {""distance"": ""403"", ""par"": ""5""}}"
16973b5e-16e9-4aa8-8c9e-9552e2fa68b2,3942afba-9421-432d-9938-d1271123bccb,12,4,"{""03deead0-7bc8-49bd-ac9c-d10afc75dda2"": ""250"", ""e4213a08-bfe8-4b97-ab1f-5787fa31f4a3"": {""distance"": ""220"", ""par"": ""4""}}"
16973b5e-16e9-4aa8-8c9e-9552e2fa68b2,3942afba-9421-432d-9938-d1271123bccb,13,4,"{""03deead0-7bc8-49bd-ac9c-d10afc75dda2"": ""368"", ""e4213a08-bfe8-4b97-ab1f-5787fa31f4a3"": {""distance"": ""342"", ""par"": ""4""}}"
16973b5e-16e9-4aa8-8c9e-9552e2fa68b2,3942afba-9421-432d-9938-d1271123bccb,14,5,"{""03deead0-7bc8-49bd-ac9c-d10afc75dda2"": ""468"", ""e4213a08-bfe8-4b97-ab1f-5787fa31f4a3"": {""distance"": ""423"", ""par"": ""5""}}"
16973b5e-16e9-4aa8-8c9e-9552e2fa68b2,3942afba-9421-432d-9938-d1271123bccb,15,4,"{""03deead0-7bc8-49bd-ac9c-d10afc75dda2"": ""320"", ""e4213a08-bfe8-4b97-ab1f-5787fa31f4a3"": {""distance"": ""266"", ""par"": ""4""}}"
16973b5e-16e9-4aa8-8c9e-9552e2fa68b2,3942afba-9421-432d-9938-d1271123bccb,16,3,"{""03deead0-7bc8-49bd-ac9c-d10afc75dda2"": ""144"", ""e4213a08-bfe8-4b97-ab1f-5787fa31f4a3"": {""distance"": ""116"", ""par"": ""3""}}"
16973b5e-16e9-4aa8-8c9e-9552e2fa68b2,3942afba-9421-432d-9938-d1271123bccb,17,4,"{""03deead0-7bc8-49bd-ac9c-d10afc75dda2"": ""341"", ""e4213a08-bfe8-4b97-ab1f-5787fa31f4a3"": {""distance"": ""301"", ""par"": ""4""}}"
16973b5e-16e9-4aa8-8c9e-9552e2fa68b2,3942afba-9421-432d-9938-d1271123bccb,18,3,"{""03deead0-7bc8-49bd-ac9c-d10afc75dda2"": ""111"", ""e4213a08-bfe8-4b97-ab1f-5787fa31f4a3"": {""distance"": ""100"", ""par"": ""3""}}"
fb49227c-b7e6-42fc-ad48-68b777f5cd57,3942afba-9421-432d-9938-d1271123bccb,1,4,"{""fc13fbb9-cc8c-48b8-845c-dd1beb09f9c2"": ""370"", ""30629053-b4fa-4058-a467-052f0058849e"": ""366"", ""89e013b3-0443-45b0-88bc-14b90719f9c9"": ""360"", ""80121886-6144-4c8f-830c-46120abee3cd"": {""distance"": ""353"", ""par"": ""4""}}"
fb49227c-b7e6-42fc-ad48-68b777f5cd57,3942afba-9421-432d-9938-d1271123bccb,2,5,"{""fc13fbb9-cc8c-48b8-845c-dd1beb09f9c2"": ""471"", ""30629053-b4fa-4058-a467-052f0058849e"": ""461"", ""89e013b3-0443-45b0-88bc-14b90719f9c9"": ""413"", ""80121886-6144-4c8f-830c-46120abee3cd"": {""distance"": ""403"", ""par"": ""5""}}"
fb49227c-b7e6-42fc-ad48-68b777f5cd57,3942afba-9421-432d-9938-d1271123bccb,3,4,"{""fc13fbb9-cc8c-48b8-845c-dd1beb09f9c2"": ""257"", ""30629053-b4fa-4058-a467-052f0058849e"": ""250"", ""89e013b3-0443-45b0-88bc-14b90719f9c9"": ""240"", ""80121886-6144-4c8f-830c-46120abee3cd"": {""distance"": ""220"", ""par"": ""4""}}"
fb49227c-b7e6-42fc-ad48-68b777f5cd57,3942afba-9421-432d-9938-d1271123bccb,4,3,"{""fc13fbb9-cc8c-48b8-845c-dd1beb09f9c2"": ""372"", ""30629053-b4fa-4058-a467-052f0058849e"": ""90"", ""89e013b3-0443-45b0-88bc-14b90719f9c9"": ""85"", ""80121886-6144-4c8f-830c-46120abee3cd"": {""distance"": ""80"", ""par"": ""3""}}"
fb49227c-b7e6-42fc-ad48-68b777f5cd57,3942afba-9421-432d-9938-d1271123bccb,5,4,"{""fc13fbb9-cc8c-48b8-845c-dd1beb09f9c2"": ""473"", ""30629053-b4fa-4058-a467-052f0058849e"": ""368"", ""89e013b3-0443-45b0-88bc-14b90719f9c9"": ""430"", ""80121886-6144-4c8f-830c-46120abee3cd"": {""distance"": ""342"", ""par"": ""4""}}"
fb49227c-b7e6-42fc-ad48-68b777f5cd57,3942afba-9421-432d-9938-d1271123bccb,6,5,"{""fc13fbb9-cc8c-48b8-845c-dd1beb09f9c2"": ""330"", ""30629053-b4fa-4058-a467-052f0058849e"": ""468"", ""89e013b3-0443-45b0-88bc-14b90719f9c9"": ""286"", ""80121886-6144-4c8f-830c-46120abee3cd"": {""distance"": ""423"", ""par"": ""5""}}"
fb49227c-b7e6-42fc-ad48-68b777f5cd57,3942afba-9421-432d-9938-d1271123bccb,7,4,"{""fc13fbb9-cc8c-48b8-845c-dd1beb09f9c2"": ""160"", ""30629053-b4fa-4058-a467-052f0058849e"": ""320"", ""89e013b3-0443-45b0-88bc-14b90719f9c9"": ""128"", ""80121886-6144-4c8f-830c-46120abee3cd"": {""distance"": ""266"", ""par"": ""4""}}"
fb49227c-b7e6-42fc-ad48-68b777f5cd57,3942afba-9421-432d-9938-d1271123bccb,8,4,"{""fc13fbb9-cc8c-48b8-845c-dd1beb09f9c2"": ""350"", ""30629053-b4fa-4058-a467-052f0058849e"": ""341"", ""89e013b3-0443-45b0-88bc-14b90719f9c9"": ""311"", ""80121886-6144-4c8f-830c-46120abee3cd"": {""distance"": ""301"", ""par"": ""4""}}"
fb49227c-b7e6-42fc-ad48-68b777f5cd57,3942afba-9421-432d-9938-d1271123bccb,9,3,"{""fc13fbb9-cc8c-48b8-845c-dd1beb09f9c2"": ""120"", ""30629053-b4fa-4058-a467-052f0058849e"": ""111"", ""89e013b3-0443-45b0-88bc-14b90719f9c9"": ""105"", ""80121886-6144-4c8f-830c-46120abee3cd"": {""distance"": ""100"", ""par"": ""3""}}"
48516018-496f-4969-900c-5a56229603e8,f19c220d-2f58-48bb-b678-5b834061437c,1,4,"{""31a0391f-273d-4c11-b5b7-7ab9e17dee33"": ""341""}"
48516018-496f-4969-900c-5a56229603e8,f19c220d-2f58-48bb-b678-5b834061437c,2,5,"{""31a0391f-273d-4c11-b5b7-7ab9e17dee33"": ""453""}"
48516018-496f-4969-900c-5a56229603e8,f19c220d-2f58-48bb-b678-5b834061437c,3,5,"{""31a0391f-273d-4c11-b5b7-7ab9e17dee33"": ""442""}"
48516018-496f-4969-900c-5a56229603e8,f19c220d-2f58-48bb-b678-5b834061437c,4,3,"{""31a0391f-273d-4c11-b5b7-7ab9e17dee33"": ""174""}"
48516018-496f-4969-900c-5a56229603e8,f19c220d-2f58-48bb-b678-5b834061437c,5,4,"{""31a0391f-273d-4c11-b5b7-7ab9e17dee33"": ""388""}"
48516018-496f-4969-900c-5a56229603e8,f19c220d-2f58-48bb-b678-5b834061437c,6,4,"{""31a0391f-273d-4c11-b5b7-7ab9e17dee33"": ""325""}"
48516018-496f-4969-900c-5a56229603e8,f19c220d-2f58-48bb-b678-5b834061437c,7,4,"{""31a0391f-273d-4c11-b5b7-7ab9e17dee33"": ""254""}"
48516018-496f-4969-900c-5a56229603e8,f19c220d-2f58-48bb-b678-5b834061437c,8,3,"{""31a0391f-273d-4c11-b5b7-7ab9e17dee33"": ""161""}"
48516018-496f-4969-900c-5a56229603e8,f19c220d-2f58-48bb-b678-5b834061437c,9,4,"{""31a0391f-273d-4c11-b5b7-7ab9e17dee33"": ""358""}"
48516018-496f-4969-900c-5a56229603e8,f19c220d-2f58-48bb-b678-5b834061437c,10,4,"{""31a0391f-273d-4c11-b5b7-7ab9e17dee33"": ""360""}"
48516018-496f-4969-900c-5a56229603e8,f19c220d-2f58-48bb-b678-5b834061437c,11,4,"{""31a0391f-273d-4c11-b5b7-7ab9e17dee33"": ""284""}"
48516018-496f-4969-900c-5a56229603e8,f19c220d-2f58-48bb-b678-5b834061437c,12,5,"{""31a0391f-273d-4c11-b5b7-7ab9e17dee33"": ""548""}"
48516018-496f-4969-900c-5a56229603e8,f19c220d-2f58-48bb-b678-5b834061437c,13,4,"{""31a0391f-273d-4c11-b5b7-7ab9e17dee33"": ""308""}"
48516018-496f-4969-900c-5a56229603e8,f19c220d-2f58-48bb-b678-5b834061437c,14,3,"{""31a0391f-273d-4c11-b5b7-7ab9e17dee33"": ""128""}"
48516018-496f-4969-900c-5a56229603e8,f19c220d-2f58-48bb-b678-5b834061437c,15,4,"{""31a0391f-273d-4c11-b5b7-7ab9e17dee33"": ""266""}"
48516018-496f-4969-900c-5a56229603e8,f19c220d-2f58-48bb-b678-5b834061437c,16,4,"{""31a0391f-273d-4c11-b5b7-7ab9e17dee33"": ""354""}"
48516018-496f-4969-900c-5a56229603e8,f19c220d-2f58-48bb-b678-5b834061437c,17,3,"{""31a0391f-273d-4c11-b5b7-7ab9e17dee33"": ""162""}"
48516018-496f-4969-900c-5a56229603e8,f19c220d-2f58-48bb-b678-5b834061437c,18,4,"{""31a0391f-273d-4c11-b5b7-7ab9e17dee33"": ""372""}"
25c88c98-2867-417c-b2cc-a8f3a47ca663,6783d25c-dd86-48e3-8709-c4d11f5ad372,1,5,"{""11512d0a-d297-42fe-a6ef-422da2fd9647"": ""472"", ""5fc0c711-fadc-4251-95e0-54499fc1fc48"": ""468"", ""6a1f82d2-5845-42e2-860f-0cb215433e3d"": ""410"", ""50b720e1-132e-48cf-b4ba-d89d95339b43"": {""distance"": ""404"", ""par"": ""5""}}"
25c88c98-2867-417c-b2cc-a8f3a47ca663,6783d25c-dd86-48e3-8709-c4d11f5ad372,2,3,"{""11512d0a-d297-42fe-a6ef-422da2fd9647"": ""183"", ""5fc0c711-fadc-4251-95e0-54499fc1fc48"": ""177"", ""6a1f82d2-5845-42e2-860f-0cb215433e3d"": ""146"", ""50b720e1-132e-48cf-b4ba-d89d95339b43"": {""distance"": ""142"", ""par"": ""3""}}"
25c88c98-2867-417c-b2cc-a8f3a47ca663,6783d25c-dd86-48e3-8709-c4d11f5ad372,3,5,"{""11512d0a-d297-42fe-a6ef-422da2fd9647"": ""455"", ""5fc0c711-fadc-4251-95e0-54499fc1fc48"": ""450"", ""6a1f82d2-5845-42e2-860f-0cb215433e3d"": ""392"", ""50b720e1-132e-48cf-b4ba-d89d95339b43"": {""distance"": ""384"", ""par"": ""5""}}"
25c88c98-2867-417c-b2cc-a8f3a47ca663,6783d25c-dd86-48e3-8709-c4d11f5ad372,4,3,"{""11512d0a-d297-42fe-a6ef-422da2fd9647"": ""194"", ""5fc0c711-fadc-4251-95e0-54499fc1fc48"": ""189"", ""6a1f82d2-5845-42e2-860f-0cb215433e3d"": ""159"", ""50b720e1-132e-48cf-b4ba-d89d95339b43"": {""distance"": ""142"", ""par"": ""3""}}"
25c88c98-2867-417c-b2cc-a8f3a47ca663,6783d25c-dd86-48e3-8709-c4d11f5ad372,5,4,"{""11512d0a-d297-42fe-a6ef-422da2fd9647"": ""324"", ""5fc0c711-fadc-4251-95e0-54499fc1fc48"": ""315"", ""6a1f82d2-5845-42e2-860f-0cb215433e3d"": ""290"", ""50b720e1-132e-48cf-b4ba-d89d95339b43"": {""distance"": ""282"", ""par"": ""4""}}"
25c88c98-2867-417c-b2cc-a8f3a47ca663,6783d25c-dd86-48e3-8709-c4d11f5ad372,6,5,"{""11512d0a-d297-42fe-a6ef-422da2fd9647"": ""466"", ""5fc0c711-fadc-4251-95e0-54499fc1fc48"": ""462"", ""6a1f82d2-5845-42e2-860f-0cb215433e3d"": ""439"", ""50b720e1-132e-48cf-b4ba-d89d95339b43"": {""distance"": ""414"", ""par"": ""5""}}"
25c88c98-2867-417c-b2cc-a8f3a47ca663,6783d25c-dd86-48e3-8709-c4d11f5ad372,7,4,"{""11512d0a-d297-42fe-a6ef-422da2fd9647"": ""332"", ""5fc0c711-fadc-4251-95e0-54499fc1fc48"": ""307"", ""6a1f82d2-5845-42e2-860f-0cb215433e3d"": ""290"", ""50b720e1-132e-48cf-b4ba-d89d95339b43"": {""distance"": ""282"", ""par"": ""4""}}"
25c88c98-2867-417c-b2cc-a8f3a47ca663,6783d25c-dd86-48e3-8709-c4d11f5ad372,8,3,"{""11512d0a-d297-42fe-a6ef-422da2fd9647"": ""136"", ""5fc0c711-fadc-4251-95e0-54499fc1fc48"": ""130"", ""6a1f82d2-5845-42e2-860f-0cb215433e3d"": ""125"", ""50b720e1-132e-48cf-b4ba-d89d95339b43"": {""distance"": ""123"", ""par"": ""3""}}"
25c88c98-2867-417c-b2cc-a8f3a47ca663,6783d25c-dd86-48e3-8709-c4d11f5ad372,9,4,"{""11512d0a-d297-42fe-a6ef-422da2fd9647"": ""375"", ""5fc0c711-fadc-4251-95e0-54499fc1fc48"": ""365"", ""6a1f82d2-5845-42e2-860f-0cb215433e3d"": ""320"", ""50b720e1-132e-48cf-b4ba-d89d95339b43"": {""distance"": ""314"", ""par"": ""4""}}"
25c88c98-2867-417c-b2cc-a8f3a47ca663,6783d25c-dd86-48e3-8709-c4d11f5ad372,10,4,"{""11512d0a-d297-42fe-a6ef-422da2fd9647"": ""358"", ""5fc0c711-fadc-4251-95e0-54499fc1fc48"": ""352"", ""6a1f82d2-5845-42e2-860f-0cb215433e3d"": ""305"", ""50b720e1-132e-48cf-b4ba-d89d95339b43"": {""distance"": ""288"", ""par"": ""4""}}"
25c88c98-2867-417c-b2cc-a8f3a47ca663,6783d25c-dd86-48e3-8709-c4d11f5ad372,11,4,"{""11512d0a-d297-42fe-a6ef-422da2fd9647"": ""305"", ""5fc0c711-fadc-4251-95e0-54499fc1fc48"": ""297"", ""6a1f82d2-5845-42e2-860f-0cb215433e3d"": ""264"", ""50b720e1-132e-48cf-b4ba-d89d95339b43"": {""distance"": ""260"", ""par"": ""4""}}"
25c88c98-2867-417c-b2cc-a8f3a47ca663,6783d25c-dd86-48e3-8709-c4d11f5ad372,12,4,"{""11512d0a-d297-42fe-a6ef-422da2fd9647"": ""392"", ""5fc0c711-fadc-4251-95e0-54499fc1fc48"": ""384"", ""6a1f82d2-5845-42e2-860f-0cb215433e3d"": ""325"", ""50b720e1-132e-48cf-b4ba-d89d95339b43"": {""distance"": ""314"", ""par"": ""4""}}"
25c88c98-2867-417c-b2cc-a8f3a47ca663,6783d25c-dd86-48e3-8709-c4d11f5ad372,13,4,"{""11512d0a-d297-42fe-a6ef-422da2fd9647"": ""332"", ""5fc0c711-fadc-4251-95e0-54499fc1fc48"": ""325"", ""6a1f82d2-5845-42e2-860f-0cb215433e3d"": ""298"", ""50b720e1-132e-48cf-b4ba-d89d95339b43"": {""distance"": ""295"", ""par"": ""4""}}"
25c88c98-2867-417c-b2cc-a8f3a47ca663,6783d25c-dd86-48e3-8709-c4d11f5ad372,14,3,"{""11512d0a-d297-42fe-a6ef-422da2fd9647"": ""150"", ""5fc0c711-fadc-4251-95e0-54499fc1fc48"": ""145"", ""6a1f82d2-5845-42e2-860f-0cb215433e3d"": ""136"", ""50b720e1-132e-48cf-b4ba-d89d95339b43"": {""distance"": ""128"", ""par"": ""3""}}"
25c88c98-2867-417c-b2cc-a8f3a47ca663,6783d25c-dd86-48e3-8709-c4d11f5ad372,15,5,"{""11512d0a-d297-42fe-a6ef-422da2fd9647"": ""470"", ""5fc0c711-fadc-4251-95e0-54499fc1fc48"": ""462"", ""6a1f82d2-5845-42e2-860f-0cb215433e3d"": ""396"", ""50b720e1-132e-48cf-b4ba-d89d95339b43"": {""distance"": ""384"", ""par"": ""5""}}"
25c88c98-2867-417c-b2cc-a8f3a47ca663,6783d25c-dd86-48e3-8709-c4d11f5ad372,16,4,"{""11512d0a-d297-42fe-a6ef-422da2fd9647"": ""338"", ""5fc0c711-fadc-4251-95e0-54499fc1fc48"": ""331"", ""6a1f82d2-5845-42e2-860f-0cb215433e3d"": ""318"", ""50b720e1-132e-48cf-b4ba-d89d95339b43"": {""distance"": ""304"", ""par"": ""4""}}"
25c88c98-2867-417c-b2cc-a8f3a47ca663,6783d25c-dd86-48e3-8709-c4d11f5ad372,17,3,"{""11512d0a-d297-42fe-a6ef-422da2fd9647"": ""185"", ""5fc0c711-fadc-4251-95e0-54499fc1fc48"": ""176"", ""6a1f82d2-5845-42e2-860f-0cb215433e3d"": ""147"", ""50b720e1-132e-48cf-b4ba-d89d95339b43"": {""distance"": ""140"", ""par"": ""3""}}"
25c88c98-2867-417c-b2cc-a8f3a47ca663,6783d25c-dd86-48e3-8709-c4d11f5ad372,18,4,"{""11512d0a-d297-42fe-a6ef-422da2fd9647"": ""407"", ""5fc0c711-fadc-4251-95e0-54499fc1fc48"": ""391"", ""6a1f82d2-5845-42e2-860f-0cb215433e3d"": ""339"", ""50b720e1-132e-48cf-b4ba-d89d95339b43"": {""distance"": ""331"", ""par"": ""4""}}"
dfd27fd7-5d22-48cb-a4bf-04ab3399deac,52d517d6-4ae9-448d-9319-799627c031c1,1,4,{}
dfd27fd7-5d22-48cb-a4bf-04ab3399deac,52d517d6-4ae9-448d-9319-799627c031c1,2,4,{}
dfd27fd7-5d22-48cb-a4bf-04ab3399deac,52d517d6-4ae9-448d-9319-799627c031c1,3,5,{}
dfd27fd7-5d22-48cb-a4bf-04ab3399deac,52d517d6-4ae9-448d-9319-799627c031c1,4,4,{}
dfd27fd7-5d22-48cb-a4bf-04ab3399deac,52d517d6-4ae9-448d-9319-799627c031c1,5,4,{}
dfd27fd7-5d22-48cb-a4bf-04ab3399deac,52d517d6-4ae9-448d-9319-799627c031c1,6,3,{}
dfd27fd7-5d22-48cb-a4bf-04ab3399deac,52d517d6-4ae9-448d-9319-799627c031c1,7,5,{}
dfd27fd7-5d22-48cb-a4bf-04ab3399deac,52d517d6-4ae9-448d-9319-799627c031c1,8,3,{}
dfd27fd7-5d22-48cb-a4bf-04ab3399deac,52d517d6-4ae9-448d-9319-799627c031c1,9,4,{}
dfd27fd7-5d22-48cb-a4bf-04ab3399deac,52d517d6-4ae9-448d-9319-799627c031c1,10,4,{}
dfd27fd7-5d22-48cb-a4bf-04ab3399deac,52d517d6-4ae9-448d-9319-799627c031c1,11,4,{}
dfd27fd7-5d22-48cb-a4bf-04ab3399deac,52d517d6-4ae9-448d-9319-799627c031c1,12,4,{}
dfd27fd7-5d22-48cb-a4bf-04ab3399deac,52d517d6-4ae9-448d-9319-799627c031c1,13,3,{}
dfd27fd7-5d22-48cb-a4bf-04ab3399deac,52d517d6-4ae9-448d-9319-799627c031c1,14,5,{}
dfd27fd7-5d22-48cb-a4bf-04ab3399deac,52d517d6-4ae9-448d-9319-799627c031c1,15,4,{}
dfd27fd7-5d22-48cb-a4bf-04ab3399deac,52d517d6-4ae9-448d-9319-799627c031c1,16,3,{}
dfd27fd7-5d22-48cb-a4bf-04ab3399deac,52d517d6-4ae9-448d-9319-799627c031c1,17,5,{}
dfd27fd7-5d22-48cb-a4bf-04ab3399deac,52d517d6-4ae9-448d-9319-799627c031c1,18,4,{}
fb6e2545-670f-4f47-a84f-b3e983b79cb9,ad6d752b-e02b-4953-9276-3eb64fa789bb,1,4,"{""fa4715d6-7423-46be-baa0-0b76a1804cc0"": ""341"", ""ec95c792-f80c-4f31-a290-9c5152550b1e"": {""distance"": ""269"", ""par"": ""4""}}"
fb6e2545-670f-4f47-a84f-b3e983b79cb9,ad6d752b-e02b-4953-9276-3eb64fa789bb,2,4,"{""fa4715d6-7423-46be-baa0-0b76a1804cc0"": ""366"", ""ec95c792-f80c-4f31-a290-9c5152550b1e"": {""distance"": ""333"", ""par"": ""4""}}"
fb6e2545-670f-4f47-a84f-b3e983b79cb9,ad6d752b-e02b-4953-9276-3eb64fa789bb,3,3,"{""fa4715d6-7423-46be-baa0-0b76a1804cc0"": ""167"", ""ec95c792-f80c-4f31-a290-9c5152550b1e"": {""distance"": ""142"", ""par"": ""3""}}"
fb6e2545-670f-4f47-a84f-b3e983b79cb9,ad6d752b-e02b-4953-9276-3eb64fa789bb,4,5,"{""fa4715d6-7423-46be-baa0-0b76a1804cc0"": ""464"", ""ec95c792-f80c-4f31-a290-9c5152550b1e"": {""distance"": ""394"", ""par"": ""5""}}"
fb6e2545-670f-4f47-a84f-b3e983b79cb9,ad6d752b-e02b-4953-9276-3eb64fa789bb,5,4,"{""fa4715d6-7423-46be-baa0-0b76a1804cc0"": ""325"", ""ec95c792-f80c-4f31-a290-9c5152550b1e"": {""distance"": ""301"", ""par"": ""4""}}"
fb6e2545-670f-4f47-a84f-b3e983b79cb9,ad6d752b-e02b-4953-9276-3eb64fa789bb,6,3,"{""fa4715d6-7423-46be-baa0-0b76a1804cc0"": ""134"", ""ec95c792-f80c-4f31-a290-9c5152550b1e"": {""distance"": ""114"", ""par"": ""3""}}"
fb6e2545-670f-4f47-a84f-b3e983b79cb9,ad6d752b-e02b-4953-9276-3eb64fa789bb,7,5,"{""fa4715d6-7423-46be-baa0-0b76a1804cc0"": ""502"", ""ec95c792-f80c-4f31-a290-9c5152550b1e"": {""distance"": ""429"", ""par"": ""5""}}"
fb6e2545-670f-4f47-a84f-b3e983b79cb9,ad6d752b-e02b-4953-9276-3eb64fa789bb,8,4,"{""fa4715d6-7423-46be-baa0-0b76a1804cc0"": ""380"", ""ec95c792-f80c-4f31-a290-9c5152550b1e"": {""distance"": ""315"", ""par"": ""4""}}"
fb6e2545-670f-4f47-a84f-b3e983b79cb9,ad6d752b-e02b-4953-9276-3eb64fa789bb,9,4,"{""fa4715d6-7423-46be-baa0-0b76a1804cc0"": ""376"", ""ec95c792-f80c-4f31-a290-9c5152550b1e"": {""distance"": ""332"", ""par"": ""4""}}"
fb6e2545-670f-4f47-a84f-b3e983b79cb9,ad6d752b-e02b-4953-9276-3eb64fa789bb,10,4,"{""fa4715d6-7423-46be-baa0-0b76a1804cc0"": ""341"", ""ec95c792-f80c-4f31-a290-9c5152550b1e"": {""distance"": ""279"", ""par"": ""4""}}"
fb6e2545-670f-4f47-a84f-b3e983b79cb9,ad6d752b-e02b-4953-9276-3eb64fa789bb,11,4,"{""fa4715d6-7423-46be-baa0-0b76a1804cc0"": ""366"", ""ec95c792-f80c-4f31-a290-9c5152550b1e"": {""distance"": ""333"", ""par"": ""4""}}"
fb6e2545-670f-4f47-a84f-b3e983b79cb9,ad6d752b-e02b-4953-9276-3eb64fa789bb,12,3,"{""fa4715d6-7423-46be-baa0-0b76a1804cc0"": ""192"", ""ec95c792-f80c-4f31-a290-9c5152550b1e"": {""distance"": ""167"", ""par"": ""3""}}"
fb6e2545-670f-4f47-a84f-b3e983b79cb9,ad6d752b-e02b-4953-9276-3eb64fa789bb,13,5,"{""fa4715d6-7423-46be-baa0-0b76a1804cc0"": ""464"", ""ec95c792-f80c-4f31-a290-9c5152550b1e"": {""distance"": ""394"", ""par"": ""5""}}"
fb6e2545-670f-4f47-a84f-b3e983b79cb9,ad6d752b-e02b-4953-9276-3eb64fa789bb,14,4,"{""fa4715d6-7423-46be-baa0-0b76a1804cc0"": ""325"", ""ec95c792-f80c-4f31-a290-9c5152550b1e"": {""distance"": ""235"", ""par"": ""4""}}"
fb6e2545-670f-4f47-a84f-b3e983b79cb9,ad6d752b-e02b-4953-9276-3eb64fa789bb,15,3,"{""fa4715d6-7423-46be-baa0-0b76a1804cc0"": ""166"", ""ec95c792-f80c-4f31-a290-9c5152550b1e"": {""distance"": ""147"", ""par"": ""3""}}"
fb6e2545-670f-4f47-a84f-b3e983b79cb9,ad6d752b-e02b-4953-9276-3eb64fa789bb,16,5,"{""fa4715d6-7423-46be-baa0-0b76a1804cc0"": ""502"", ""ec95c792-f80c-4f31-a290-9c5152550b1e"": {""distance"": ""429"", ""par"": ""5""}}"
fb6e2545-670f-4f47-a84f-b3e983b79cb9,ad6d752b-e02b-4953-9276-3eb64fa789bb,17,4,"{""fa4715d6-7423-46be-baa0-0b76a1804cc0"": ""380"", ""ec95c792-f80c-4f31-a290-9c5152550b1e"": {""distance"": ""315"", ""par"": ""4""}}"
fb6e2545-670f-4f47-a84f-b3e983b79cb9,ad6d752b-e02b-4953-9276-3eb64fa789bb,18,4,"{""fa4715d6-7423-46be-baa0-0b76a1804cc0"": ""376"", ""ec95c792-f80c-4f31-a290-9c5152550b1e"": {""distance"": ""332"", ""par"": ""4""}}"
61469139-adb7-46e1-8ace-a16af34c27c3,331626df-a81e-4960-856a-0e7b231e0e62,1,5,"{""2acd32fa-2e3c-46f5-b677-c142865f0332"": ""470"", ""81d17ee7-d4ea-4434-89c2-acb2e2107102"": ""455"", ""a360a1d1-0155-41c8-bd2d-adc344244213"": ""442"", ""416134e2-235e-4239-9203-68c52be7992f"": ""431"", ""e9667d12-7ad8-474d-bb13-56d0e7c9e819"": ""421"", ""773404fe-f0ed-4149-891d-c68a436d19ff"": ""392"", ""6f0f55bc-c525-43b2-a0e9-ba575a0f8348"": {""distance"": ""360"", ""par"": ""5""}}"
61469139-adb7-46e1-8ace-a16af34c27c3,331626df-a81e-4960-856a-0e7b231e0e62,2,4,"{""2acd32fa-2e3c-46f5-b677-c142865f0332"": ""334"", ""81d17ee7-d4ea-4434-89c2-acb2e2107102"": ""325"", ""a360a1d1-0155-41c8-bd2d-adc344244213"": ""313"", ""416134e2-235e-4239-9203-68c52be7992f"": ""303"", ""e9667d12-7ad8-474d-bb13-56d0e7c9e819"": ""280"", ""773404fe-f0ed-4149-891d-c68a436d19ff"": ""260"", ""6f0f55bc-c525-43b2-a0e9-ba575a0f8348"": {""distance"": ""233"", ""par"": ""4""}}"
61469139-adb7-46e1-8ace-a16af34c27c3,331626df-a81e-4960-856a-0e7b231e0e62,3,4,"{""2acd32fa-2e3c-46f5-b677-c142865f0332"": ""374"", ""81d17ee7-d4ea-4434-89c2-acb2e2107102"": ""355"", ""a360a1d1-0155-41c8-bd2d-adc344244213"": ""344"", ""416134e2-235e-4239-9203-68c52be7992f"": ""318"", ""e9667d12-7ad8-474d-bb13-56d0e7c9e819"": ""304"", ""773404fe-f0ed-4149-891d-c68a436d19ff"": ""283"", ""6f0f55bc-c525-43b2-a0e9-ba575a0f8348"": {""distance"": ""256"", ""par"": ""4""}}"
61469139-adb7-46e1-8ace-a16af34c27c3,331626df-a81e-4960-856a-0e7b231e0e62,4,4,"{""2acd32fa-2e3c-46f5-b677-c142865f0332"": ""417"", ""81d17ee7-d4ea-4434-89c2-acb2e2107102"": ""384"", ""a360a1d1-0155-41c8-bd2d-adc344244213"": ""377"", ""416134e2-235e-4239-9203-68c52be7992f"": ""368"", ""e9667d12-7ad8-474d-bb13-56d0e7c9e819"": ""333"", ""773404fe-f0ed-4149-891d-c68a436d19ff"": ""313"", ""6f0f55bc-c525-43b2-a0e9-ba575a0f8348"": {""distance"": ""282"", ""par"": ""4""}}"
61469139-adb7-46e1-8ace-a16af34c27c3,331626df-a81e-4960-856a-0e7b231e0e62,5,4,"{""2acd32fa-2e3c-46f5-b677-c142865f0332"": ""373"", ""81d17ee7-d4ea-4434-89c2-acb2e2107102"": ""359"", ""a360a1d1-0155-41c8-bd2d-adc344244213"": ""340"", ""416134e2-235e-4239-9203-68c52be7992f"": ""332"", ""e9667d12-7ad8-474d-bb13-56d0e7c9e819"": ""323"", ""773404fe-f0ed-4149-891d-c68a436d19ff"": ""294"", ""6f0f55bc-c525-43b2-a0e9-ba575a0f8348"": {""distance"": ""252"", ""par"": ""4""}}"
61469139-adb7-46e1-8ace-a16af34c27c3,331626df-a81e-4960-856a-0e7b231e0e62,6,3,"{""2acd32fa-2e3c-46f5-b677-c142865f0332"": ""161"", ""81d17ee7-d4ea-4434-89c2-acb2e2107102"": ""147"", ""a360a1d1-0155-41c8-bd2d-adc344244213"": ""138"", ""416134e2-235e-4239-9203-68c52be7992f"": ""136"", ""e9667d12-7ad8-474d-bb13-56d0e7c9e819"": ""124"", ""773404fe-f0ed-4149-891d-c68a436d19ff"": ""111"", ""6f0f55bc-c525-43b2-a0e9-ba575a0f8348"": {""distance"": ""103"", ""par"": ""3""}}"
61469139-adb7-46e1-8ace-a16af34c27c3,331626df-a81e-4960-856a-0e7b231e0e62,7,4,"{""2acd32fa-2e3c-46f5-b677-c142865f0332"": ""369"", ""81d17ee7-d4ea-4434-89c2-acb2e2107102"": ""355"", ""a360a1d1-0155-41c8-bd2d-adc344244213"": ""339"", ""416134e2-235e-4239-9203-68c52be7992f"": ""333"", ""e9667d12-7ad8-474d-bb13-56d0e7c9e819"": ""315"", ""773404fe-f0ed-4149-891d-c68a436d19ff"": ""292"", ""6f0f55bc-c525-43b2-a0e9-ba575a0f8348"": {""distance"": ""244"", ""par"": ""4""}}"
61469139-adb7-46e1-8ace-a16af34c27c3,331626df-a81e-4960-856a-0e7b231e0e62,8,3,"{""2acd32fa-2e3c-46f5-b677-c142865f0332"": ""178"", ""81d17ee7-d4ea-4434-89c2-acb2e2107102"": ""166"", ""a360a1d1-0155-41c8-bd2d-adc344244213"": ""154"", ""416134e2-235e-4239-9203-68c52be7992f"": ""143"", ""e9667d12-7ad8-474d-bb13-56d0e7c9e819"": ""134"", ""773404fe-f0ed-4149-891d-c68a436d19ff"": ""129"", ""6f0f55bc-c525-43b2-a0e9-ba575a0f8348"": {""distance"": ""112"", ""par"": ""3""}}"
61469139-adb7-46e1-8ace-a16af34c27c3,331626df-a81e-4960-856a-0e7b231e0e62,9,4,"{""2acd32fa-2e3c-46f5-b677-c142865f0332"": ""389"", ""81d17ee7-d4ea-4434-89c2-acb2e2107102"": ""361"", ""a360a1d1-0155-41c8-bd2d-adc344244213"": ""346"", ""416134e2-235e-4239-9203-68c52be7992f"": ""429"", ""e9667d12-7ad8-474d-bb13-56d0e7c9e819"": ""300"", ""773404fe-f0ed-4149-891d-c68a436d19ff"": ""379"", ""6f0f55bc-c525-43b2-a0e9-ba575a0f8348"": {""distance"": ""337"", ""par"": ""5""}}"
61469139-adb7-46e1-8ace-a16af34c27c3,331626df-a81e-4960-856a-0e7b231e0e62,10,5,"{""2acd32fa-2e3c-46f5-b677-c142865f0332"": ""470"", ""81d17ee7-d4ea-4434-89c2-acb2e2107102"": ""455"", ""a360a1d1-0155-41c8-bd2d-adc344244213"": ""442"", ""416134e2-235e-4239-9203-68c52be7992f"": ""431"", ""e9667d12-7ad8-474d-bb13-56d0e7c9e819"": ""421"", ""773404fe-f0ed-4149-891d-c68a436d19ff"": ""392"", ""6f0f55bc-c525-43b2-a0e9-ba575a0f8348"": {""distance"": ""360"", ""par"": ""5""}}"
61469139-adb7-46e1-8ace-a16af34c27c3,331626df-a81e-4960-856a-0e7b231e0e62,11,4,"{""2acd32fa-2e3c-46f5-b677-c142865f0332"": ""334"", ""81d17ee7-d4ea-4434-89c2-acb2e2107102"": ""325"", ""a360a1d1-0155-41c8-bd2d-adc344244213"": ""313"", ""416134e2-235e-4239-9203-68c52be7992f"": ""303"", ""e9667d12-7ad8-474d-bb13-56d0e7c9e819"": ""280"", ""773404fe-f0ed-4149-891d-c68a436d19ff"": ""260"", ""6f0f55bc-c525-43b2-a0e9-ba575a0f8348"": {""distance"": ""233"", ""par"": ""4""}}"
61469139-adb7-46e1-8ace-a16af34c27c3,331626df-a81e-4960-856a-0e7b231e0e62,12,4,"{""2acd32fa-2e3c-46f5-b677-c142865f0332"": ""374"", ""81d17ee7-d4ea-4434-89c2-acb2e2107102"": ""355"", ""a360a1d1-0155-41c8-bd2d-adc344244213"": ""344"", ""416134e2-235e-4239-9203-68c52be7992f"": ""318"", ""e9667d12-7ad8-474d-bb13-56d0e7c9e819"": ""304"", ""773404fe-f0ed-4149-891d-c68a436d19ff"": ""283"", ""6f0f55bc-c525-43b2-a0e9-ba575a0f8348"": {""distance"": ""256"", ""par"": ""4""}}"
61469139-adb7-46e1-8ace-a16af34c27c3,331626df-a81e-4960-856a-0e7b231e0e62,13,4,"{""2acd32fa-2e3c-46f5-b677-c142865f0332"": ""417"", ""81d17ee7-d4ea-4434-89c2-acb2e2107102"": ""384"", ""a360a1d1-0155-41c8-bd2d-adc344244213"": ""377"", ""416134e2-235e-4239-9203-68c52be7992f"": ""368"", ""e9667d12-7ad8-474d-bb13-56d0e7c9e819"": ""333"", ""773404fe-f0ed-4149-891d-c68a436d19ff"": ""313"", ""6f0f55bc-c525-43b2-a0e9-ba575a0f8348"": {""distance"": ""282"", ""par"": ""4""}}"
61469139-adb7-46e1-8ace-a16af34c27c3,331626df-a81e-4960-856a-0e7b231e0e62,14,4,"{""2acd32fa-2e3c-46f5-b677-c142865f0332"": ""373"", ""81d17ee7-d4ea-4434-89c2-acb2e2107102"": ""359"", ""a360a1d1-0155-41c8-bd2d-adc344244213"": ""340"", ""416134e2-235e-4239-9203-68c52be7992f"": ""332"", ""e9667d12-7ad8-474d-bb13-56d0e7c9e819"": ""323"", ""773404fe-f0ed-4149-891d-c68a436d19ff"": ""294"", ""6f0f55bc-c525-43b2-a0e9-ba575a0f8348"": {""distance"": ""252"", ""par"": ""4""}}"
61469139-adb7-46e1-8ace-a16af34c27c3,331626df-a81e-4960-856a-0e7b231e0e62,15,3,"{""2acd32fa-2e3c-46f5-b677-c142865f0332"": ""161"", ""81d17ee7-d4ea-4434-89c2-acb2e2107102"": ""147"", ""a360a1d1-0155-41c8-bd2d-adc344244213"": ""138"", ""416134e2-235e-4239-9203-68c52be7992f"": ""136"", ""e9667d12-7ad8-474d-bb13-56d0e7c9e819"": ""124"", ""773404fe-f0ed-4149-891d-c68a436d19ff"": ""111"", ""6f0f55bc-c525-43b2-a0e9-ba575a0f8348"": {""distance"": ""103"", ""par"": ""3""}}"
61469139-adb7-46e1-8ace-a16af34c27c3,331626df-a81e-4960-856a-0e7b231e0e62,16,4,"{""2acd32fa-2e3c-46f5-b677-c142865f0332"": ""369"", ""81d17ee7-d4ea-4434-89c2-acb2e2107102"": ""355"", ""a360a1d1-0155-41c8-bd2d-adc344244213"": ""339"", ""416134e2-235e-4239-9203-68c52be7992f"": ""333"", ""e9667d12-7ad8-474d-bb13-56d0e7c9e819"": ""315"", ""773404fe-f0ed-4149-891d-c68a436d19ff"": ""292"", ""6f0f55bc-c525-43b2-a0e9-ba575a0f8348"": {""distance"": ""244"", ""par"": ""4""}}"
61469139-adb7-46e1-8ace-a16af34c27c3,331626df-a81e-4960-856a-0e7b231e0e62,17,3,"{""2acd32fa-2e3c-46f5-b677-c142865f0332"": ""178"", ""81d17ee7-d4ea-4434-89c2-acb2e2107102"": ""166"", ""a360a1d1-0155-41c8-bd2d-adc344244213"": ""154"", ""416134e2-235e-4239-9203-68c52be7992f"": ""143"", ""e9667d12-7ad8-474d-bb13-56d0e7c9e819"": ""134"", ""773404fe-f0ed-4149-891d-c68a436d19ff"": ""129"", ""6f0f55bc-c525-43b2-a0e9-ba575a0f8348"": {""distance"": ""112"", ""par"": ""3""}}"
61469139-adb7-46e1-8ace-a16af34c27c3,331626df-a81e-4960-856a-0e7b231e0e62,18,4,"{""2acd32fa-2e3c-46f5-b677-c142865f0332"": ""389"", ""81d17ee7-d4ea-4434-89c2-acb2e2107102"": ""361"", ""a360a1d1-0155-41c8-bd2d-adc344244213"": ""346"", ""416134e2-235e-4239-9203-68c52be7992f"": ""429"", ""e9667d12-7ad8-474d-bb13-56d0e7c9e819"": ""300"", ""773404fe-f0ed-4149-891d-c68a436d19ff"": ""379"", ""6f0f55bc-c525-43b2-a0e9-ba575a0f8348"": {""distance"": ""337"", ""par"": ""5""}}"
3ef6d8c2-2a47-4862-a82d-a4368286965d,331626df-a81e-4960-856a-0e7b231e0e62,1,4,"{""0766228b-79e8-4072-93a3-9bac17338318"": ""402"", ""b36efbbf-4b13-478b-adaa-dd7b9882abfe"": ""384"", ""6550e792-a031-4432-8933-7ea848cce5eb"": ""366"", ""8155078e-38e5-4da9-acb8-079cd5848d9a"": ""358"", ""84cb4ed2-b3e7-47f2-8f7a-27ccba072bf1"": ""340"", ""618585ed-186f-421f-b9b4-9cf888a6d515"": ""318"", ""72b70cf2-58ba-49ab-ab10-bd3572c7fec7"": {""distance"": ""275"", ""par"": ""4""}}"
3ef6d8c2-2a47-4862-a82d-a4368286965d,331626df-a81e-4960-856a-0e7b231e0e62,2,4,"{""0766228b-79e8-4072-93a3-9bac17338318"": ""350"", ""b36efbbf-4b13-478b-adaa-dd7b9882abfe"": ""332"", ""6550e792-a031-4432-8933-7ea848cce5eb"": ""318"", ""8155078e-38e5-4da9-acb8-079cd5848d9a"": ""295"", ""84cb4ed2-b3e7-47f2-8f7a-27ccba072bf1"": ""284"", ""618585ed-186f-421f-b9b4-9cf888a6d515"": ""283"", ""72b70cf2-58ba-49ab-ab10-bd3572c7fec7"": {""distance"": ""239"", ""par"": ""4""}}"
3ef6d8c2-2a47-4862-a82d-a4368286965d,331626df-a81e-4960-856a-0e7b231e0e62,3,3,"{""0766228b-79e8-4072-93a3-9bac17338318"": ""161"", ""b36efbbf-4b13-478b-adaa-dd7b9882abfe"": ""148"", ""6550e792-a031-4432-8933-7ea848cce5eb"": ""141"", ""8155078e-38e5-4da9-acb8-079cd5848d9a"": ""136"", ""84cb4ed2-b3e7-47f2-8f7a-27ccba072bf1"": ""120"", ""618585ed-186f-421f-b9b4-9cf888a6d515"": ""110"", ""72b70cf2-58ba-49ab-ab10-bd3572c7fec7"": {""distance"": ""97"", ""par"": ""3""}}"
3ef6d8c2-2a47-4862-a82d-a4368286965d,331626df-a81e-4960-856a-0e7b231e0e62,4,4,"{""0766228b-79e8-4072-93a3-9bac17338318"": ""372"", ""b36efbbf-4b13-478b-adaa-dd7b9882abfe"": ""352"", ""6550e792-a031-4432-8933-7ea848cce5eb"": ""331"", ""8155078e-38e5-4da9-acb8-079cd5848d9a"": ""314"", ""84cb4ed2-b3e7-47f2-8f7a-27ccba072bf1"": ""305"", ""618585ed-186f-421f-b9b4-9cf888a6d515"": ""275"", ""72b70cf2-58ba-49ab-ab10-bd3572c7fec7"": {""distance"": ""263"", ""par"": ""4""}}"
3ef6d8c2-2a47-4862-a82d-a4368286965d,331626df-a81e-4960-856a-0e7b231e0e62,5,3,"{""0766228b-79e8-4072-93a3-9bac17338318"": ""143"", ""b36efbbf-4b13-478b-adaa-dd7b9882abfe"": ""126"", ""6550e792-a031-4432-8933-7ea848cce5eb"": ""120"", ""8155078e-38e5-4da9-acb8-079cd5848d9a"": ""114"", ""84cb4ed2-b3e7-47f2-8f7a-27ccba072bf1"": ""108"", ""618585ed-186f-421f-b9b4-9cf888a6d515"": ""97"", ""72b70cf2-58ba-49ab-ab10-bd3572c7fec7"": {""distance"": ""92"", ""par"": ""3""}}"
3ef6d8c2-2a47-4862-a82d-a4368286965d,331626df-a81e-4960-856a-0e7b231e0e62,6,5,"{""0766228b-79e8-4072-93a3-9bac17338318"": ""525"", ""b36efbbf-4b13-478b-adaa-dd7b9882abfe"": ""504"", ""6550e792-a031-4432-8933-7ea848cce5eb"": ""471"", ""8155078e-38e5-4da9-acb8-079cd5848d9a"": ""455"", ""84cb4ed2-b3e7-47f2-8f7a-27ccba072bf1"": ""421"", ""618585ed-186f-421f-b9b4-9cf888a6d515"": ""409"", ""72b70cf2-58ba-49ab-ab10-bd3572c7fec7"": {""distance"": ""391"", ""par"": ""5""}}"
3ef6d8c2-2a47-4862-a82d-a4368286965d,331626df-a81e-4960-856a-0e7b231e0e62,7,4,"{""0766228b-79e8-4072-93a3-9bac17338318"": ""337"", ""b36efbbf-4b13-478b-adaa-dd7b9882abfe"": ""330"", ""6550e792-a031-4432-8933-7ea848cce5eb"": ""323"", ""8155078e-38e5-4da9-acb8-079cd5848d9a"": ""305"", ""84cb4ed2-b3e7-47f2-8f7a-27ccba072bf1"": ""281"", ""618585ed-186f-421f-b9b4-9cf888a6d515"": ""270"", ""72b70cf2-58ba-49ab-ab10-bd3572c7fec7"": {""distance"": ""86"", ""par"": ""4""}}"
3ef6d8c2-2a47-4862-a82d-a4368286965d,331626df-a81e-4960-856a-0e7b231e0e62,8,3,"{""0766228b-79e8-4072-93a3-9bac17338318"": ""202"", ""b36efbbf-4b13-478b-adaa-dd7b9882abfe"": ""171"", ""6550e792-a031-4432-8933-7ea848cce5eb"": ""159"", ""8155078e-38e5-4da9-acb8-079cd5848d9a"": ""155"", ""84cb4ed2-b3e7-47f2-8f7a-27ccba072bf1"": ""151"", ""618585ed-186f-421f-b9b4-9cf888a6d515"": ""128"", ""72b70cf2-58ba-49ab-ab10-bd3572c7fec7"": {""distance"": ""103"", ""par"": ""3""}}"
3ef6d8c2-2a47-4862-a82d-a4368286965d,331626df-a81e-4960-856a-0e7b231e0e62,9,5,"{""0766228b-79e8-4072-93a3-9bac17338318"": ""506"", ""b36efbbf-4b13-478b-adaa-dd7b9882abfe"": ""458"", ""6550e792-a031-4432-8933-7ea848cce5eb"": ""435"", ""8155078e-38e5-4da9-acb8-079cd5848d9a"": ""413"", ""84cb4ed2-b3e7-47f2-8f7a-27ccba072bf1"": ""403"", ""618585ed-186f-421f-b9b4-9cf888a6d515"": ""356"", ""72b70cf2-58ba-49ab-ab10-bd3572c7fec7"": {""distance"": ""354"", ""par"": ""5""}}"
3ef6d8c2-2a47-4862-a82d-a4368286965d,331626df-a81e-4960-856a-0e7b231e0e62,10,4,"{""0766228b-79e8-4072-93a3-9bac17338318"": ""402"", ""b36efbbf-4b13-478b-adaa-dd7b9882abfe"": ""384"", ""6550e792-a031-4432-8933-7ea848cce5eb"": ""366"", ""8155078e-38e5-4da9-acb8-079cd5848d9a"": ""358"", ""84cb4ed2-b3e7-47f2-8f7a-27ccba072bf1"": ""340"", ""618585ed-186f-421f-b9b4-9cf888a6d515"": ""318"", ""72b70cf2-58ba-49ab-ab10-bd3572c7fec7"": {""distance"": ""275"", ""par"": ""4""}}"
3ef6d8c2-2a47-4862-a82d-a4368286965d,331626df-a81e-4960-856a-0e7b231e0e62,11,4,"{""0766228b-79e8-4072-93a3-9bac17338318"": ""350"", ""b36efbbf-4b13-478b-adaa-dd7b9882abfe"": ""332"", ""6550e792-a031-4432-8933-7ea848cce5eb"": ""318"", ""8155078e-38e5-4da9-acb8-079cd5848d9a"": ""295"", ""84cb4ed2-b3e7-47f2-8f7a-27ccba072bf1"": ""284"", ""618585ed-186f-421f-b9b4-9cf888a6d515"": ""283"", ""72b70cf2-58ba-49ab-ab10-bd3572c7fec7"": {""distance"": ""239"", ""par"": ""4""}}"
3ef6d8c2-2a47-4862-a82d-a4368286965d,331626df-a81e-4960-856a-0e7b231e0e62,12,3,"{""0766228b-79e8-4072-93a3-9bac17338318"": ""161"", ""b36efbbf-4b13-478b-adaa-dd7b9882abfe"": ""148"", ""6550e792-a031-4432-8933-7ea848cce5eb"": ""141"", ""8155078e-38e5-4da9-acb8-079cd5848d9a"": ""136"", ""84cb4ed2-b3e7-47f2-8f7a-27ccba072bf1"": ""120"", ""618585ed-186f-421f-b9b4-9cf888a6d515"": ""110"", ""72b70cf2-58ba-49ab-ab10-bd3572c7fec7"": {""distance"": ""97"", ""par"": ""3""}}"
3ef6d8c2-2a47-4862-a82d-a4368286965d,331626df-a81e-4960-856a-0e7b231e0e62,13,4,"{""0766228b-79e8-4072-93a3-9bac17338318"": ""372"", ""b36efbbf-4b13-478b-adaa-dd7b9882abfe"": ""352"", ""6550e792-a031-4432-8933-7ea848cce5eb"": ""331"", ""8155078e-38e5-4da9-acb8-079cd5848d9a"": ""314"", ""84cb4ed2-b3e7-47f2-8f7a-27ccba072bf1"": ""305"", ""618585ed-186f-421f-b9b4-9cf888a6d515"": ""275"", ""72b70cf2-58ba-49ab-ab10-bd3572c7fec7"": {""distance"": ""263"", ""par"": ""4""}}"
3ef6d8c2-2a47-4862-a82d-a4368286965d,331626df-a81e-4960-856a-0e7b231e0e62,14,3,"{""0766228b-79e8-4072-93a3-9bac17338318"": ""143"", ""b36efbbf-4b13-478b-adaa-dd7b9882abfe"": ""126"", ""6550e792-a031-4432-8933-7ea848cce5eb"": ""120"", ""8155078e-38e5-4da9-acb8-079cd5848d9a"": ""114"", ""84cb4ed2-b3e7-47f2-8f7a-27ccba072bf1"": ""108"", ""618585ed-186f-421f-b9b4-9cf888a6d515"": ""97"", ""72b70cf2-58ba-49ab-ab10-bd3572c7fec7"": {""distance"": ""92"", ""par"": ""3""}}"
3ef6d8c2-2a47-4862-a82d-a4368286965d,331626df-a81e-4960-856a-0e7b231e0e62,15,5,"{""0766228b-79e8-4072-93a3-9bac17338318"": ""525"", ""b36efbbf-4b13-478b-adaa-dd7b9882abfe"": ""504"", ""6550e792-a031-4432-8933-7ea848cce5eb"": ""471"", ""8155078e-38e5-4da9-acb8-079cd5848d9a"": ""455"", ""84cb4ed2-b3e7-47f2-8f7a-27ccba072bf1"": ""421"", ""618585ed-186f-421f-b9b4-9cf888a6d515"": ""409"", ""72b70cf2-58ba-49ab-ab10-bd3572c7fec7"": {""distance"": ""391"", ""par"": ""5""}}"
3ef6d8c2-2a47-4862-a82d-a4368286965d,331626df-a81e-4960-856a-0e7b231e0e62,16,4,"{""0766228b-79e8-4072-93a3-9bac17338318"": ""337"", ""b36efbbf-4b13-478b-adaa-dd7b9882abfe"": ""330"", ""6550e792-a031-4432-8933-7ea848cce5eb"": ""323"", ""8155078e-38e5-4da9-acb8-079cd5848d9a"": ""305"", ""84cb4ed2-b3e7-47f2-8f7a-27ccba072bf1"": ""281"", ""618585ed-186f-421f-b9b4-9cf888a6d515"": ""270"", ""72b70cf2-58ba-49ab-ab10-bd3572c7fec7"": {""distance"": ""86"", ""par"": ""4""}}"
3ef6d8c2-2a47-4862-a82d-a4368286965d,331626df-a81e-4960-856a-0e7b231e0e62,17,3,"{""0766228b-79e8-4072-93a3-9bac17338318"": ""202"", ""b36efbbf-4b13-478b-adaa-dd7b9882abfe"": ""171"", ""6550e792-a031-4432-8933-7ea848cce5eb"": ""159"", ""8155078e-38e5-4da9-acb8-079cd5848d9a"": ""155"", ""84cb4ed2-b3e7-47f2-8f7a-27ccba072bf1"": ""151"", ""618585ed-186f-421f-b9b4-9cf888a6d515"": ""128"", ""72b70cf2-58ba-49ab-ab10-bd3572c7fec7"": {""distance"": ""103"", ""par"": ""3""}}"
3ef6d8c2-2a47-4862-a82d-a4368286965d,331626df-a81e-4960-856a-0e7b231e0e62,18,5,"{""0766228b-79e8-4072-93a3-9bac17338318"": ""506"", ""b36efbbf-4b13-478b-adaa-dd7b9882abfe"": ""458"", ""6550e792-a031-4432-8933-7ea848cce5eb"": ""435"", ""8155078e-38e5-4da9-acb8-079cd5848d9a"": ""413"", ""84cb4ed2-b3e7-47f2-8f7a-27ccba072bf1"": ""403"", ""618585ed-186f-421f-b9b4-9cf888a6d515"": ""356"", ""72b70cf2-58ba-49ab-ab10-bd3572c7fec7"": {""distance"": ""354"", ""par"": ""5""}}"
517d2670-d0ad-415e-a382-494d18958a59,331626df-a81e-4960-856a-0e7b231e0e62,1,5,"{""fb5f9294-c7a7-408a-aff0-aef9172f4382"": ""453"", ""cae1cc27-f47e-4e56-afc4-2ce5cb27ed80"": ""446"", ""06461317-0e06-42ac-8a2c-1568f04884fb"": ""438"", ""2df3dc7a-cdc6-4107-9964-99064249727d"": ""425"", ""2f3e8c5d-ad79-4c26-986c-1114fc47b88d"": ""404"", ""bd457a72-8c9a-4fec-8dea-0f8421854b10"": ""387"", ""f7f0835f-7eeb-41be-9e2f-c9b9a55ab72d"": {""distance"": ""383"", ""par"": ""5""}}"
517d2670-d0ad-415e-a382-494d18958a59,331626df-a81e-4960-856a-0e7b231e0e62,2,4,"{""fb5f9294-c7a7-408a-aff0-aef9172f4382"": ""350"", ""cae1cc27-f47e-4e56-afc4-2ce5cb27ed80"": ""339"", ""06461317-0e06-42ac-8a2c-1568f04884fb"": ""329"", ""2df3dc7a-cdc6-4107-9964-99064249727d"": ""299"", ""2f3e8c5d-ad79-4c26-986c-1114fc47b88d"": ""284"", ""bd457a72-8c9a-4fec-8dea-0f8421854b10"": ""253"", ""f7f0835f-7eeb-41be-9e2f-c9b9a55ab72d"": {""distance"": ""247"", ""par"": ""4""}}"
517d2670-d0ad-415e-a382-494d18958a59,331626df-a81e-4960-856a-0e7b231e0e62,3,4,"{""fb5f9294-c7a7-408a-aff0-aef9172f4382"": ""405"", ""cae1cc27-f47e-4e56-afc4-2ce5cb27ed80"": ""398"", ""06461317-0e06-42ac-8a2c-1568f04884fb"": ""386"", ""2df3dc7a-cdc6-4107-9964-99064249727d"": ""428"", ""2f3e8c5d-ad79-4c26-986c-1114fc47b88d"": ""338"", ""bd457a72-8c9a-4fec-8dea-0f8421854b10"": ""383"", ""f7f0835f-7eeb-41be-9e2f-c9b9a55ab72d"": {""distance"": ""355"", ""par"": ""5""}}"
517d2670-d0ad-415e-a382-494d18958a59,331626df-a81e-4960-856a-0e7b231e0e62,4,3,"{""fb5f9294-c7a7-408a-aff0-aef9172f4382"": ""136"", ""cae1cc27-f47e-4e56-afc4-2ce5cb27ed80"": ""128"", ""06461317-0e06-42ac-8a2c-1568f04884fb"": ""126"", ""2df3dc7a-cdc6-4107-9964-99064249727d"": ""118"", ""2f3e8c5d-ad79-4c26-986c-1114fc47b88d"": ""103"", ""bd457a72-8c9a-4fec-8dea-0f8421854b10"": ""94"", ""f7f0835f-7eeb-41be-9e2f-c9b9a55ab72d"": {""distance"": ""58"", ""par"": ""3""}}"
517d2670-d0ad-415e-a382-494d18958a59,331626df-a81e-4960-856a-0e7b231e0e62,5,5,"{""fb5f9294-c7a7-408a-aff0-aef9172f4382"": ""526"", ""cae1cc27-f47e-4e56-afc4-2ce5cb27ed80"": ""510"", ""06461317-0e06-42ac-8a2c-1568f04884fb"": ""474"", ""2df3dc7a-cdc6-4107-9964-99064249727d"": ""465"", ""2f3e8c5d-ad79-4c26-986c-1114fc47b88d"": ""457"", ""bd457a72-8c9a-4fec-8dea-0f8421854b10"": ""430"", ""f7f0835f-7eeb-41be-9e2f-c9b9a55ab72d"": {""distance"": ""372"", ""par"": ""5""}}"
517d2670-d0ad-415e-a382-494d18958a59,331626df-a81e-4960-856a-0e7b231e0e62,6,4,"{""fb5f9294-c7a7-408a-aff0-aef9172f4382"": ""421"", ""cae1cc27-f47e-4e56-afc4-2ce5cb27ed80"": ""395"", ""06461317-0e06-42ac-8a2c-1568f04884fb"": ""380"", ""2df3dc7a-cdc6-4107-9964-99064249727d"": ""368"", ""2f3e8c5d-ad79-4c26-986c-1114fc47b88d"": ""338"", ""bd457a72-8c9a-4fec-8dea-0f8421854b10"": ""318"", ""f7f0835f-7eeb-41be-9e2f-c9b9a55ab72d"": {""distance"": ""297"", ""par"": ""4""}}"
517d2670-d0ad-415e-a382-494d18958a59,331626df-a81e-4960-856a-0e7b231e0e62,7,4,"{""fb5f9294-c7a7-408a-aff0-aef9172f4382"": ""420"", ""cae1cc27-f47e-4e56-afc4-2ce5cb27ed80"": ""379"", ""06461317-0e06-42ac-8a2c-1568f04884fb"": ""353"", ""2df3dc7a-cdc6-4107-9964-99064249727d"": ""345"", ""2f3e8c5d-ad79-4c26-986c-1114fc47b88d"": ""336"", ""bd457a72-8c9a-4fec-8dea-0f8421854b10"": ""301"", ""f7f0835f-7eeb-41be-9e2f-c9b9a55ab72d"": {""distance"": ""271"", ""par"": ""4""}}"
517d2670-d0ad-415e-a382-494d18958a59,331626df-a81e-4960-856a-0e7b231e0e62,8,3,"{""fb5f9294-c7a7-408a-aff0-aef9172f4382"": ""215"", ""cae1cc27-f47e-4e56-afc4-2ce5cb27ed80"": ""184"", ""06461317-0e06-42ac-8a2c-1568f04884fb"": ""177"", ""2df3dc7a-cdc6-4107-9964-99064249727d"": ""170"", ""2f3e8c5d-ad79-4c26-986c-1114fc47b88d"": ""150"", ""bd457a72-8c9a-4fec-8dea-0f8421854b10"": ""143"", ""f7f0835f-7eeb-41be-9e2f-c9b9a55ab72d"": {""distance"": ""102"", ""par"": ""3""}}"
517d2670-d0ad-415e-a382-494d18958a59,331626df-a81e-4960-856a-0e7b231e0e62,9,4,"{""fb5f9294-c7a7-408a-aff0-aef9172f4382"": ""374"", ""cae1cc27-f47e-4e56-afc4-2ce5cb27ed80"": ""362"", ""06461317-0e06-42ac-8a2c-1568f04884fb"": ""352"", ""2df3dc7a-cdc6-4107-9964-99064249727d"": ""329"", ""2f3e8c5d-ad79-4c26-986c-1114fc47b88d"": ""308"", ""bd457a72-8c9a-4fec-8dea-0f8421854b10"": ""287"", ""f7f0835f-7eeb-41be-9e2f-c9b9a55ab72d"": {""distance"": ""264"", ""par"": ""4""}}"
517d2670-d0ad-415e-a382-494d18958a59,331626df-a81e-4960-856a-0e7b231e0e62,10,5,"{""fb5f9294-c7a7-408a-aff0-aef9172f4382"": ""453"", ""cae1cc27-f47e-4e56-afc4-2ce5cb27ed80"": ""446"", ""06461317-0e06-42ac-8a2c-1568f04884fb"": ""438"", ""2df3dc7a-cdc6-4107-9964-99064249727d"": ""425"", ""2f3e8c5d-ad79-4c26-986c-1114fc47b88d"": ""404"", ""bd457a72-8c9a-4fec-8dea-0f8421854b10"": ""387"", ""f7f0835f-7eeb-41be-9e2f-c9b9a55ab72d"": {""distance"": ""383"", ""par"": ""5""}}"
517d2670-d0ad-415e-a382-494d18958a59,331626df-a81e-4960-856a-0e7b231e0e62,11,4,"{""fb5f9294-c7a7-408a-aff0-aef9172f4382"": ""350"", ""cae1cc27-f47e-4e56-afc4-2ce5cb27ed80"": ""339"", ""06461317-0e06-42ac-8a2c-1568f04884fb"": ""329"", ""2df3dc7a-cdc6-4107-9964-99064249727d"": ""299"", ""2f3e8c5d-ad79-4c26-986c-1114fc47b88d"": ""284"", ""bd457a72-8c9a-4fec-8dea-0f8421854b10"": ""253"", ""f7f0835f-7eeb-41be-9e2f-c9b9a55ab72d"": {""distance"": ""247"", ""par"": ""4""}}"
517d2670-d0ad-415e-a382-494d18958a59,331626df-a81e-4960-856a-0e7b231e0e62,12,4,"{""fb5f9294-c7a7-408a-aff0-aef9172f4382"": ""405"", ""cae1cc27-f47e-4e56-afc4-2ce5cb27ed80"": ""398"", ""06461317-0e06-42ac-8a2c-1568f04884fb"": ""386"", ""2df3dc7a-cdc6-4107-9964-99064249727d"": ""428"", ""2f3e8c5d-ad79-4c26-986c-1114fc47b88d"": ""338"", ""bd457a72-8c9a-4fec-8dea-0f8421854b10"": ""383"", ""f7f0835f-7eeb-41be-9e2f-c9b9a55ab72d"": {""distance"": ""355"", ""par"": ""5""}}"
517d2670-d0ad-415e-a382-494d18958a59,331626df-a81e-4960-856a-0e7b231e0e62,13,3,"{""fb5f9294-c7a7-408a-aff0-aef9172f4382"": ""136"", ""cae1cc27-f47e-4e56-afc4-2ce5cb27ed80"": ""128"", ""06461317-0e06-42ac-8a2c-1568f04884fb"": ""126"", ""2df3dc7a-cdc6-4107-9964-99064249727d"": ""118"", ""2f3e8c5d-ad79-4c26-986c-1114fc47b88d"": ""103"", ""bd457a72-8c9a-4fec-8dea-0f8421854b10"": ""94"", ""f7f0835f-7eeb-41be-9e2f-c9b9a55ab72d"": {""distance"": ""58"", ""par"": ""3""}}"
517d2670-d0ad-415e-a382-494d18958a59,331626df-a81e-4960-856a-0e7b231e0e62,14,5,"{""fb5f9294-c7a7-408a-aff0-aef9172f4382"": ""526"", ""cae1cc27-f47e-4e56-afc4-2ce5cb27ed80"": ""510"", ""06461317-0e06-42ac-8a2c-1568f04884fb"": ""474"", ""2df3dc7a-cdc6-4107-9964-99064249727d"": ""465"", ""2f3e8c5d-ad79-4c26-986c-1114fc47b88d"": ""457"", ""bd457a72-8c9a-4fec-8dea-0f8421854b10"": ""430"", ""f7f0835f-7eeb-41be-9e2f-c9b9a55ab72d"": {""distance"": ""372"", ""par"": ""5""}}"
517d2670-d0ad-415e-a382-494d18958a59,331626df-a81e-4960-856a-0e7b231e0e62,15,4,"{""fb5f9294-c7a7-408a-aff0-aef9172f4382"": ""421"", ""cae1cc27-f47e-4e56-afc4-2ce5cb27ed80"": ""395"", ""06461317-0e06-42ac-8a2c-1568f04884fb"": ""380"", ""2df3dc7a-cdc6-4107-9964-99064249727d"": ""368"", ""2f3e8c5d-ad79-4c26-986c-1114fc47b88d"": ""338"", ""bd457a72-8c9a-4fec-8dea-0f8421854b10"": ""318"", ""f7f0835f-7eeb-41be-9e2f-c9b9a55ab72d"": {""distance"": ""297"", ""par"": ""4""}}"
517d2670-d0ad-415e-a382-494d18958a59,331626df-a81e-4960-856a-0e7b231e0e62,16,4,"{""fb5f9294-c7a7-408a-aff0-aef9172f4382"": ""420"", ""cae1cc27-f47e-4e56-afc4-2ce5cb27ed80"": ""379"", ""06461317-0e06-42ac-8a2c-1568f04884fb"": ""353"", ""2df3dc7a-cdc6-4107-9964-99064249727d"": ""345"", ""2f3e8c5d-ad79-4c26-986c-1114fc47b88d"": ""336"", ""bd457a72-8c9a-4fec-8dea-0f8421854b10"": ""301"", ""f7f0835f-7eeb-41be-9e2f-c9b9a55ab72d"": {""distance"": ""271"", ""par"": ""4""}}"
517d2670-d0ad-415e-a382-494d18958a59,331626df-a81e-4960-856a-0e7b231e0e62,17,3,"{""fb5f9294-c7a7-408a-aff0-aef9172f4382"": ""215"", ""cae1cc27-f47e-4e56-afc4-2ce5cb27ed80"": ""184"", ""06461317-0e06-42ac-8a2c-1568f04884fb"": ""177"", ""2df3dc7a-cdc6-4107-9964-99064249727d"": ""170"", ""2f3e8c5d-ad79-4c26-986c-1114fc47b88d"": ""150"", ""bd457a72-8c9a-4fec-8dea-0f8421854b10"": ""143"", ""f7f0835f-7eeb-41be-9e2f-c9b9a55ab72d"": {""distance"": ""102"", ""par"": ""3""}}"
517d2670-d0ad-415e-a382-494d18958a59,331626df-a81e-4960-856a-0e7b231e0e62,18,4,"{""fb5f9294-c7a7-408a-aff0-aef9172f4382"": ""374"", ""cae1cc27-f47e-4e56-afc4-2ce5cb27ed80"": ""362"", ""06461317-0e06-42ac-8a2c-1568f04884fb"": ""352"", ""2df3dc7a-cdc6-4107-9964-99064249727d"": ""329"", ""2f3e8c5d-ad79-4c26-986c-1114fc47b88d"": ""308"", ""bd457a72-8c9a-4fec-8dea-0f8421854b10"": ""287"", ""f7f0835f-7eeb-41be-9e2f-c9b9a55ab72d"": {""distance"": ""264"", ""par"": ""4""}}"
91bca1a8-36b8-4b3f-897c-2517d0076198,331626df-a81e-4960-856a-0e7b231e0e62,1,5,"{""5ff906f0-5e08-4d19-b8c0-b08a75a1166d"": {""distance"": ""470"", ""par"": ""5""}, ""cd185a5d-d704-45ca-ac99-8f74551522b8"": ""455"", ""0b9544e8-0cbb-45eb-89b9-f3d6cbb08005"": ""442"", ""7e004e3e-a4a7-4f8b-935b-1b9e7040935c"": ""431"", ""9f05da84-0e35-4016-96b6-82f8c2248fe6"": ""421"", ""d91ebf48-efd9-43cb-9f80-06b9195c66f5"": ""392"", ""7a21aba2-be95-44eb-9c44-ab44cfb32b23"": {""distance"": ""360"", ""par"": ""5""}}"
91bca1a8-36b8-4b3f-897c-2517d0076198,331626df-a81e-4960-856a-0e7b231e0e62,2,4,"{""5ff906f0-5e08-4d19-b8c0-b08a75a1166d"": {""distance"": ""334"", ""par"": ""4""}, ""cd185a5d-d704-45ca-ac99-8f74551522b8"": ""325"", ""0b9544e8-0cbb-45eb-89b9-f3d6cbb08005"": ""313"", ""7e004e3e-a4a7-4f8b-935b-1b9e7040935c"": ""303"", ""9f05da84-0e35-4016-96b6-82f8c2248fe6"": ""280"", ""d91ebf48-efd9-43cb-9f80-06b9195c66f5"": ""260"", ""7a21aba2-be95-44eb-9c44-ab44cfb32b23"": {""distance"": ""233"", ""par"": ""4""}}"
91bca1a8-36b8-4b3f-897c-2517d0076198,331626df-a81e-4960-856a-0e7b231e0e62,3,4,"{""5ff906f0-5e08-4d19-b8c0-b08a75a1166d"": {""distance"": ""374"", ""par"": ""4""}, ""cd185a5d-d704-45ca-ac99-8f74551522b8"": ""355"", ""0b9544e8-0cbb-45eb-89b9-f3d6cbb08005"": ""344"", ""7e004e3e-a4a7-4f8b-935b-1b9e7040935c"": ""318"", ""9f05da84-0e35-4016-96b6-82f8c2248fe6"": ""304"", ""d91ebf48-efd9-43cb-9f80-06b9195c66f5"": ""283"", ""7a21aba2-be95-44eb-9c44-ab44cfb32b23"": {""distance"": ""256"", ""par"": ""4""}}"
91bca1a8-36b8-4b3f-897c-2517d0076198,331626df-a81e-4960-856a-0e7b231e0e62,4,4,"{""5ff906f0-5e08-4d19-b8c0-b08a75a1166d"": {""distance"": ""417"", ""par"": ""4""}, ""cd185a5d-d704-45ca-ac99-8f74551522b8"": ""384"", ""0b9544e8-0cbb-45eb-89b9-f3d6cbb08005"": ""377"", ""7e004e3e-a4a7-4f8b-935b-1b9e7040935c"": ""368"", ""9f05da84-0e35-4016-96b6-82f8c2248fe6"": ""333"", ""d91ebf48-efd9-43cb-9f80-06b9195c66f5"": ""313"", ""7a21aba2-be95-44eb-9c44-ab44cfb32b23"": {""distance"": ""282"", ""par"": ""4""}}"
91bca1a8-36b8-4b3f-897c-2517d0076198,331626df-a81e-4960-856a-0e7b231e0e62,5,4,"{""5ff906f0-5e08-4d19-b8c0-b08a75a1166d"": {""distance"": ""373"", ""par"": ""4""}, ""cd185a5d-d704-45ca-ac99-8f74551522b8"": ""359"", ""0b9544e8-0cbb-45eb-89b9-f3d6cbb08005"": ""340"", ""7e004e3e-a4a7-4f8b-935b-1b9e7040935c"": ""332"", ""9f05da84-0e35-4016-96b6-82f8c2248fe6"": ""323"", ""d91ebf48-efd9-43cb-9f80-06b9195c66f5"": ""294"", ""7a21aba2-be95-44eb-9c44-ab44cfb32b23"": {""distance"": ""252"", ""par"": ""4""}}"
91bca1a8-36b8-4b3f-897c-2517d0076198,331626df-a81e-4960-856a-0e7b231e0e62,6,3,"{""5ff906f0-5e08-4d19-b8c0-b08a75a1166d"": {""distance"": ""161"", ""par"": ""3""}, ""cd185a5d-d704-45ca-ac99-8f74551522b8"": ""147"", ""0b9544e8-0cbb-45eb-89b9-f3d6cbb08005"": ""138"", ""7e004e3e-a4a7-4f8b-935b-1b9e7040935c"": ""136"", ""9f05da84-0e35-4016-96b6-82f8c2248fe6"": ""124"", ""d91ebf48-efd9-43cb-9f80-06b9195c66f5"": ""111"", ""7a21aba2-be95-44eb-9c44-ab44cfb32b23"": {""distance"": ""103"", ""par"": ""3""}}"
91bca1a8-36b8-4b3f-897c-2517d0076198,331626df-a81e-4960-856a-0e7b231e0e62,7,4,"{""5ff906f0-5e08-4d19-b8c0-b08a75a1166d"": {""distance"": ""369"", ""par"": ""4""}, ""cd185a5d-d704-45ca-ac99-8f74551522b8"": ""355"", ""0b9544e8-0cbb-45eb-89b9-f3d6cbb08005"": ""339"", ""7e004e3e-a4a7-4f8b-935b-1b9e7040935c"": ""333"", ""9f05da84-0e35-4016-96b6-82f8c2248fe6"": ""315"", ""d91ebf48-efd9-43cb-9f80-06b9195c66f5"": ""292"", ""7a21aba2-be95-44eb-9c44-ab44cfb32b23"": {""distance"": ""244"", ""par"": ""4""}}"
91bca1a8-36b8-4b3f-897c-2517d0076198,331626df-a81e-4960-856a-0e7b231e0e62,8,3,"{""5ff906f0-5e08-4d19-b8c0-b08a75a1166d"": {""distance"": ""178"", ""par"": ""3""}, ""cd185a5d-d704-45ca-ac99-8f74551522b8"": ""166"", ""0b9544e8-0cbb-45eb-89b9-f3d6cbb08005"": ""154"", ""7e004e3e-a4a7-4f8b-935b-1b9e7040935c"": ""143"", ""9f05da84-0e35-4016-96b6-82f8c2248fe6"": ""134"", ""d91ebf48-efd9-43cb-9f80-06b9195c66f5"": ""129"", ""7a21aba2-be95-44eb-9c44-ab44cfb32b23"": {""distance"": ""112"", ""par"": ""3""}}"
91bca1a8-36b8-4b3f-897c-2517d0076198,331626df-a81e-4960-856a-0e7b231e0e62,9,5,"{""5ff906f0-5e08-4d19-b8c0-b08a75a1166d"": {""distance"": ""389"", ""par"": ""4""}, ""cd185a5d-d704-45ca-ac99-8f74551522b8"": ""361"", ""0b9544e8-0cbb-45eb-89b9-f3d6cbb08005"": ""346"", ""7e004e3e-a4a7-4f8b-935b-1b9e7040935c"": ""429"", ""9f05da84-0e35-4016-96b6-82f8c2248fe6"": ""300"", ""d91ebf48-efd9-43cb-9f80-06b9195c66f5"": ""379"", ""7a21aba2-be95-44eb-9c44-ab44cfb32b23"": {""distance"": ""337"", ""par"": ""5""}}"
91bca1a8-36b8-4b3f-897c-2517d0076198,331626df-a81e-4960-856a-0e7b231e0e62,10,4,"{""5ff906f0-5e08-4d19-b8c0-b08a75a1166d"": {""distance"": ""402"", ""par"": ""4""}, ""cd185a5d-d704-45ca-ac99-8f74551522b8"": ""384"", ""0b9544e8-0cbb-45eb-89b9-f3d6cbb08005"": ""366"", ""7e004e3e-a4a7-4f8b-935b-1b9e7040935c"": ""358"", ""9f05da84-0e35-4016-96b6-82f8c2248fe6"": ""340"", ""d91ebf48-efd9-43cb-9f80-06b9195c66f5"": ""318"", ""7a21aba2-be95-44eb-9c44-ab44cfb32b23"": {""distance"": ""275"", ""par"": ""4""}}"
91bca1a8-36b8-4b3f-897c-2517d0076198,331626df-a81e-4960-856a-0e7b231e0e62,11,4,"{""5ff906f0-5e08-4d19-b8c0-b08a75a1166d"": {""distance"": ""350"", ""par"": ""4""}, ""cd185a5d-d704-45ca-ac99-8f74551522b8"": ""332"", ""0b9544e8-0cbb-45eb-89b9-f3d6cbb08005"": ""318"", ""7e004e3e-a4a7-4f8b-935b-1b9e7040935c"": ""295"", ""9f05da84-0e35-4016-96b6-82f8c2248fe6"": ""284"", ""d91ebf48-efd9-43cb-9f80-06b9195c66f5"": ""283"", ""7a21aba2-be95-44eb-9c44-ab44cfb32b23"": {""distance"": ""239"", ""par"": ""4""}}"
91bca1a8-36b8-4b3f-897c-2517d0076198,331626df-a81e-4960-856a-0e7b231e0e62,12,3,"{""5ff906f0-5e08-4d19-b8c0-b08a75a1166d"": {""distance"": ""161"", ""par"": ""3""}, ""cd185a5d-d704-45ca-ac99-8f74551522b8"": ""148"", ""0b9544e8-0cbb-45eb-89b9-f3d6cbb08005"": ""141"", ""7e004e3e-a4a7-4f8b-935b-1b9e7040935c"": ""136"", ""9f05da84-0e35-4016-96b6-82f8c2248fe6"": ""120"", ""d91ebf48-efd9-43cb-9f80-06b9195c66f5"": ""110"", ""7a21aba2-be95-44eb-9c44-ab44cfb32b23"": {""distance"": ""97"", ""par"": ""3""}}"
91bca1a8-36b8-4b3f-897c-2517d0076198,331626df-a81e-4960-856a-0e7b231e0e62,13,4,"{""5ff906f0-5e08-4d19-b8c0-b08a75a1166d"": {""distance"": ""372"", ""par"": ""4""}, ""cd185a5d-d704-45ca-ac99-8f74551522b8"": ""352"", ""0b9544e8-0cbb-45eb-89b9-f3d6cbb08005"": ""331"", ""7e004e3e-a4a7-4f8b-935b-1b9e7040935c"": ""314"", ""9f05da84-0e35-4016-96b6-82f8c2248fe6"": ""305"", ""d91ebf48-efd9-43cb-9f80-06b9195c66f5"": ""275"", ""7a21aba2-be95-44eb-9c44-ab44cfb32b23"": {""distance"": ""263"", ""par"": ""4""}}"
91bca1a8-36b8-4b3f-897c-2517d0076198,331626df-a81e-4960-856a-0e7b231e0e62,14,3,"{""5ff906f0-5e08-4d19-b8c0-b08a75a1166d"": {""distance"": ""143"", ""par"": ""3""}, ""cd185a5d-d704-45ca-ac99-8f74551522b8"": ""126"", ""0b9544e8-0cbb-45eb-89b9-f3d6cbb08005"": ""120"", ""7e004e3e-a4a7-4f8b-935b-1b9e7040935c"": ""114"", ""9f05da84-0e35-4016-96b6-82f8c2248fe6"": ""108"", ""d91ebf48-efd9-43cb-9f80-06b9195c66f5"": ""97"", ""7a21aba2-be95-44eb-9c44-ab44cfb32b23"": {""distance"": ""92"", ""par"": ""3""}}"
91bca1a8-36b8-4b3f-897c-2517d0076198,331626df-a81e-4960-856a-0e7b231e0e62,15,5,"{""5ff906f0-5e08-4d19-b8c0-b08a75a1166d"": {""distance"": ""525"", ""par"": ""5""}, ""cd185a5d-d704-45ca-ac99-8f74551522b8"": ""504"", ""0b9544e8-0cbb-45eb-89b9-f3d6cbb08005"": ""471"", ""7e004e3e-a4a7-4f8b-935b-1b9e7040935c"": ""455"", ""9f05da84-0e35-4016-96b6-82f8c2248fe6"": ""421"", ""d91ebf48-efd9-43cb-9f80-06b9195c66f5"": ""409"", ""7a21aba2-be95-44eb-9c44-ab44cfb32b23"": {""distance"": ""391"", ""par"": ""5""}}"
91bca1a8-36b8-4b3f-897c-2517d0076198,331626df-a81e-4960-856a-0e7b231e0e62,16,4,"{""5ff906f0-5e08-4d19-b8c0-b08a75a1166d"": {""distance"": ""337"", ""par"": ""4""}, ""cd185a5d-d704-45ca-ac99-8f74551522b8"": ""330"", ""0b9544e8-0cbb-45eb-89b9-f3d6cbb08005"": ""323"", ""7e004e3e-a4a7-4f8b-935b-1b9e7040935c"": ""305"", ""9f05da84-0e35-4016-96b6-82f8c2248fe6"": ""281"", ""d91ebf48-efd9-43cb-9f80-06b9195c66f5"": ""270"", ""7a21aba2-be95-44eb-9c44-ab44cfb32b23"": {""distance"": ""86"", ""par"": ""3""}}"
91bca1a8-36b8-4b3f-897c-2517d0076198,331626df-a81e-4960-856a-0e7b231e0e62,17,3,"{""5ff906f0-5e08-4d19-b8c0-b08a75a1166d"": {""distance"": ""202"", ""par"": ""3""}, ""cd185a5d-d704-45ca-ac99-8f74551522b8"": ""171"", ""0b9544e8-0cbb-45eb-89b9-f3d6cbb08005"": ""159"", ""7e004e3e-a4a7-4f8b-935b-1b9e7040935c"": ""155"", ""9f05da84-0e35-4016-96b6-82f8c2248fe6"": ""151"", ""d91ebf48-efd9-43cb-9f80-06b9195c66f5"": ""128"", ""7a21aba2-be95-44eb-9c44-ab44cfb32b23"": {""distance"": ""103"", ""par"": ""3""}}"
91bca1a8-36b8-4b3f-897c-2517d0076198,331626df-a81e-4960-856a-0e7b231e0e62,18,5,"{""5ff906f0-5e08-4d19-b8c0-b08a75a1166d"": {""distance"": ""506"", ""par"": ""5""}, ""cd185a5d-d704-45ca-ac99-8f74551522b8"": ""458"", ""0b9544e8-0cbb-45eb-89b9-f3d6cbb08005"": ""435"", ""7e004e3e-a4a7-4f8b-935b-1b9e7040935c"": ""413"", ""9f05da84-0e35-4016-96b6-82f8c2248fe6"": ""403"", ""d91ebf48-efd9-43cb-9f80-06b9195c66f5"": ""356"", ""7a21aba2-be95-44eb-9c44-ab44cfb32b23"": {""distance"": ""354"", ""par"": ""5""}}"
f14fd97e-e5d7-4630-82cd-9d30d123a3e9,331626df-a81e-4960-856a-0e7b231e0e62,1,5,"{""31d2caa7-ab13-47bc-aadf-96c58502608e"": ""470"", ""8dea0ac2-ff67-47c4-9172-36b3c3a8a0d5"": ""455"", ""461cbf5c-4cdd-4d2e-a488-24e37eed7a59"": ""442"", ""2ad23e0c-8576-4441-bacc-f09a90707f43"": {""distance"": ""431"", ""par"": ""5""}, ""a5060c64-997c-484d-8349-7a23303a81d1"": ""421"", ""791891f0-1be4-4f9a-ac86-643ffbe2f4ee"": {""distance"": ""392"", ""par"": ""5""}, ""e6b9962e-d24d-47c9-bb42-5c64ee04c71a"": {""distance"": ""360"", ""par"": ""5""}}"
f14fd97e-e5d7-4630-82cd-9d30d123a3e9,331626df-a81e-4960-856a-0e7b231e0e62,2,4,"{""31d2caa7-ab13-47bc-aadf-96c58502608e"": ""334"", ""8dea0ac2-ff67-47c4-9172-36b3c3a8a0d5"": ""325"", ""461cbf5c-4cdd-4d2e-a488-24e37eed7a59"": ""313"", ""2ad23e0c-8576-4441-bacc-f09a90707f43"": {""distance"": ""303"", ""par"": ""4""}, ""a5060c64-997c-484d-8349-7a23303a81d1"": ""280"", ""791891f0-1be4-4f9a-ac86-643ffbe2f4ee"": {""distance"": ""260"", ""par"": ""4""}, ""e6b9962e-d24d-47c9-bb42-5c64ee04c71a"": {""distance"": ""233"", ""par"": ""4""}}"
f14fd97e-e5d7-4630-82cd-9d30d123a3e9,331626df-a81e-4960-856a-0e7b231e0e62,3,4,"{""31d2caa7-ab13-47bc-aadf-96c58502608e"": ""374"", ""8dea0ac2-ff67-47c4-9172-36b3c3a8a0d5"": ""355"", ""461cbf5c-4cdd-4d2e-a488-24e37eed7a59"": ""344"", ""2ad23e0c-8576-4441-bacc-f09a90707f43"": {""distance"": ""318"", ""par"": ""4""}, ""a5060c64-997c-484d-8349-7a23303a81d1"": ""304"", ""791891f0-1be4-4f9a-ac86-643ffbe2f4ee"": {""distance"": ""283"", ""par"": ""4""}, ""e6b9962e-d24d-47c9-bb42-5c64ee04c71a"": {""distance"": ""256"", ""par"": ""4""}}"
f14fd97e-e5d7-4630-82cd-9d30d123a3e9,331626df-a81e-4960-856a-0e7b231e0e62,4,4,"{""31d2caa7-ab13-47bc-aadf-96c58502608e"": ""417"", ""8dea0ac2-ff67-47c4-9172-36b3c3a8a0d5"": ""384"", ""461cbf5c-4cdd-4d2e-a488-24e37eed7a59"": ""377"", ""2ad23e0c-8576-4441-bacc-f09a90707f43"": {""distance"": ""368"", ""par"": ""4""}, ""a5060c64-997c-484d-8349-7a23303a81d1"": ""333"", ""791891f0-1be4-4f9a-ac86-643ffbe2f4ee"": {""distance"": ""313"", ""par"": ""4""}, ""e6b9962e-d24d-47c9-bb42-5c64ee04c71a"": {""distance"": ""282"", ""par"": ""4""}}"
f14fd97e-e5d7-4630-82cd-9d30d123a3e9,331626df-a81e-4960-856a-0e7b231e0e62,5,4,"{""31d2caa7-ab13-47bc-aadf-96c58502608e"": ""373"", ""8dea0ac2-ff67-47c4-9172-36b3c3a8a0d5"": ""359"", ""461cbf5c-4cdd-4d2e-a488-24e37eed7a59"": ""340"", ""2ad23e0c-8576-4441-bacc-f09a90707f43"": {""distance"": ""332"", ""par"": ""4""}, ""a5060c64-997c-484d-8349-7a23303a81d1"": ""323"", ""791891f0-1be4-4f9a-ac86-643ffbe2f4ee"": {""distance"": ""294"", ""par"": ""4""}, ""e6b9962e-d24d-47c9-bb42-5c64ee04c71a"": {""distance"": ""252"", ""par"": ""4""}}"
f14fd97e-e5d7-4630-82cd-9d30d123a3e9,331626df-a81e-4960-856a-0e7b231e0e62,6,3,"{""31d2caa7-ab13-47bc-aadf-96c58502608e"": ""161"", ""8dea0ac2-ff67-47c4-9172-36b3c3a8a0d5"": ""147"", ""461cbf5c-4cdd-4d2e-a488-24e37eed7a59"": ""138"", ""2ad23e0c-8576-4441-bacc-f09a90707f43"": {""distance"": ""136"", ""par"": ""3""}, ""a5060c64-997c-484d-8349-7a23303a81d1"": ""124"", ""791891f0-1be4-4f9a-ac86-643ffbe2f4ee"": {""distance"": ""111"", ""par"": ""3""}, ""e6b9962e-d24d-47c9-bb42-5c64ee04c71a"": {""distance"": ""103"", ""par"": ""3""}}"
f14fd97e-e5d7-4630-82cd-9d30d123a3e9,331626df-a81e-4960-856a-0e7b231e0e62,7,4,"{""31d2caa7-ab13-47bc-aadf-96c58502608e"": ""369"", ""8dea0ac2-ff67-47c4-9172-36b3c3a8a0d5"": ""355"", ""461cbf5c-4cdd-4d2e-a488-24e37eed7a59"": ""339"", ""2ad23e0c-8576-4441-bacc-f09a90707f43"": {""distance"": ""333"", ""par"": ""4""}, ""a5060c64-997c-484d-8349-7a23303a81d1"": ""315"", ""791891f0-1be4-4f9a-ac86-643ffbe2f4ee"": {""distance"": ""292"", ""par"": ""4""}, ""e6b9962e-d24d-47c9-bb42-5c64ee04c71a"": {""distance"": ""244"", ""par"": ""4""}}"
f14fd97e-e5d7-4630-82cd-9d30d123a3e9,331626df-a81e-4960-856a-0e7b231e0e62,8,3,"{""31d2caa7-ab13-47bc-aadf-96c58502608e"": ""178"", ""8dea0ac2-ff67-47c4-9172-36b3c3a8a0d5"": ""166"", ""461cbf5c-4cdd-4d2e-a488-24e37eed7a59"": ""154"", ""2ad23e0c-8576-4441-bacc-f09a90707f43"": {""distance"": ""143"", ""par"": ""3""}, ""a5060c64-997c-484d-8349-7a23303a81d1"": ""134"", ""791891f0-1be4-4f9a-ac86-643ffbe2f4ee"": {""distance"": ""129"", ""par"": ""3""}, ""e6b9962e-d24d-47c9-bb42-5c64ee04c71a"": {""distance"": ""112"", ""par"": ""3""}}"
f14fd97e-e5d7-4630-82cd-9d30d123a3e9,331626df-a81e-4960-856a-0e7b231e0e62,9,4,"{""31d2caa7-ab13-47bc-aadf-96c58502608e"": ""389"", ""8dea0ac2-ff67-47c4-9172-36b3c3a8a0d5"": ""361"", ""461cbf5c-4cdd-4d2e-a488-24e37eed7a59"": ""346"", ""2ad23e0c-8576-4441-bacc-f09a90707f43"": {""distance"": ""429"", ""par"": ""5""}, ""a5060c64-997c-484d-8349-7a23303a81d1"": ""300"", ""791891f0-1be4-4f9a-ac86-643ffbe2f4ee"": {""distance"": ""379"", ""par"": ""5""}, ""e6b9962e-d24d-47c9-bb42-5c64ee04c71a"": {""distance"": ""337"", ""par"": ""5""}}"
f14fd97e-e5d7-4630-82cd-9d30d123a3e9,331626df-a81e-4960-856a-0e7b231e0e62,10,5,"{""31d2caa7-ab13-47bc-aadf-96c58502608e"": ""453"", ""8dea0ac2-ff67-47c4-9172-36b3c3a8a0d5"": ""446"", ""461cbf5c-4cdd-4d2e-a488-24e37eed7a59"": ""438"", ""2ad23e0c-8576-4441-bacc-f09a90707f43"": {""distance"": ""425"", ""par"": ""5""}, ""a5060c64-997c-484d-8349-7a23303a81d1"": ""404"", ""791891f0-1be4-4f9a-ac86-643ffbe2f4ee"": {""distance"": ""387"", ""par"": ""5""}, ""e6b9962e-d24d-47c9-bb42-5c64ee04c71a"": {""distance"": ""383"", ""par"": ""5""}}"
f14fd97e-e5d7-4630-82cd-9d30d123a3e9,331626df-a81e-4960-856a-0e7b231e0e62,11,4,"{""31d2caa7-ab13-47bc-aadf-96c58502608e"": ""350"", ""8dea0ac2-ff67-47c4-9172-36b3c3a8a0d5"": ""339"", ""461cbf5c-4cdd-4d2e-a488-24e37eed7a59"": ""329"", ""2ad23e0c-8576-4441-bacc-f09a90707f43"": {""distance"": ""299"", ""par"": ""4""}, ""a5060c64-997c-484d-8349-7a23303a81d1"": ""284"", ""791891f0-1be4-4f9a-ac86-643ffbe2f4ee"": {""distance"": ""253"", ""par"": ""4""}, ""e6b9962e-d24d-47c9-bb42-5c64ee04c71a"": {""distance"": ""247"", ""par"": ""4""}}"
f14fd97e-e5d7-4630-82cd-9d30d123a3e9,331626df-a81e-4960-856a-0e7b231e0e62,12,5,"{""31d2caa7-ab13-47bc-aadf-96c58502608e"": ""405"", ""8dea0ac2-ff67-47c4-9172-36b3c3a8a0d5"": ""398"", ""461cbf5c-4cdd-4d2e-a488-24e37eed7a59"": ""386"", ""2ad23e0c-8576-4441-bacc-f09a90707f43"": {""distance"": ""428"", ""par"": ""5""}, ""a5060c64-997c-484d-8349-7a23303a81d1"": ""338"", ""791891f0-1be4-4f9a-ac86-643ffbe2f4ee"": {""distance"": ""383"", ""par"": ""5""}, ""e6b9962e-d24d-47c9-bb42-5c64ee04c71a"": {""distance"": ""355"", ""par"": ""5""}}"
f14fd97e-e5d7-4630-82cd-9d30d123a3e9,331626df-a81e-4960-856a-0e7b231e0e62,13,3,"{""31d2caa7-ab13-47bc-aadf-96c58502608e"": ""136"", ""8dea0ac2-ff67-47c4-9172-36b3c3a8a0d5"": ""128"", ""461cbf5c-4cdd-4d2e-a488-24e37eed7a59"": ""126"", ""2ad23e0c-8576-4441-bacc-f09a90707f43"": {""distance"": ""118"", ""par"": ""3""}, ""a5060c64-997c-484d-8349-7a23303a81d1"": ""103"", ""791891f0-1be4-4f9a-ac86-643ffbe2f4ee"": {""distance"": ""94"", ""par"": ""3""}, ""e6b9962e-d24d-47c9-bb42-5c64ee04c71a"": {""distance"": ""58"", ""par"": ""3""}}"
f14fd97e-e5d7-4630-82cd-9d30d123a3e9,331626df-a81e-4960-856a-0e7b231e0e62,14,5,"{""31d2caa7-ab13-47bc-aadf-96c58502608e"": ""526"", ""8dea0ac2-ff67-47c4-9172-36b3c3a8a0d5"": ""510"", ""461cbf5c-4cdd-4d2e-a488-24e37eed7a59"": ""474"", ""2ad23e0c-8576-4441-bacc-f09a90707f43"": {""distance"": ""465"", ""par"": ""5""}, ""a5060c64-997c-484d-8349-7a23303a81d1"": ""457"", ""791891f0-1be4-4f9a-ac86-643ffbe2f4ee"": {""distance"": ""430"", ""par"": ""5""}, ""e6b9962e-d24d-47c9-bb42-5c64ee04c71a"": {""distance"": ""372"", ""par"": ""5""}}"
f14fd97e-e5d7-4630-82cd-9d30d123a3e9,331626df-a81e-4960-856a-0e7b231e0e62,15,4,"{""31d2caa7-ab13-47bc-aadf-96c58502608e"": ""421"", ""8dea0ac2-ff67-47c4-9172-36b3c3a8a0d5"": ""395"", ""461cbf5c-4cdd-4d2e-a488-24e37eed7a59"": ""380"", ""2ad23e0c-8576-4441-bacc-f09a90707f43"": {""distance"": ""368"", ""par"": ""4""}, ""a5060c64-997c-484d-8349-7a23303a81d1"": ""338"", ""791891f0-1be4-4f9a-ac86-643ffbe2f4ee"": {""distance"": ""318"", ""par"": ""4""}, ""e6b9962e-d24d-47c9-bb42-5c64ee04c71a"": {""distance"": ""297"", ""par"": ""4""}}"
f14fd97e-e5d7-4630-82cd-9d30d123a3e9,331626df-a81e-4960-856a-0e7b231e0e62,16,4,"{""31d2caa7-ab13-47bc-aadf-96c58502608e"": ""420"", ""8dea0ac2-ff67-47c4-9172-36b3c3a8a0d5"": ""379"", ""461cbf5c-4cdd-4d2e-a488-24e37eed7a59"": ""353"", ""2ad23e0c-8576-4441-bacc-f09a90707f43"": {""distance"": ""345"", ""par"": ""4""}, ""a5060c64-997c-484d-8349-7a23303a81d1"": ""336"", ""791891f0-1be4-4f9a-ac86-643ffbe2f4ee"": {""distance"": ""301"", ""par"": ""4""}, ""e6b9962e-d24d-47c9-bb42-5c64ee04c71a"": {""distance"": ""271"", ""par"": ""4""}}"
f14fd97e-e5d7-4630-82cd-9d30d123a3e9,331626df-a81e-4960-856a-0e7b231e0e62,17,3,"{""31d2caa7-ab13-47bc-aadf-96c58502608e"": ""215"", ""8dea0ac2-ff67-47c4-9172-36b3c3a8a0d5"": ""184"", ""461cbf5c-4cdd-4d2e-a488-24e37eed7a59"": ""177"", ""2ad23e0c-8576-4441-bacc-f09a90707f43"": {""distance"": ""170"", ""par"": ""3""}, ""a5060c64-997c-484d-8349-7a23303a81d1"": ""150"", ""791891f0-1be4-4f9a-ac86-643ffbe2f4ee"": {""distance"": ""143"", ""par"": ""3""}, ""e6b9962e-d24d-47c9-bb42-5c64ee04c71a"": {""distance"": ""102"", ""par"": ""3""}}"
f14fd97e-e5d7-4630-82cd-9d30d123a3e9,331626df-a81e-4960-856a-0e7b231e0e62,18,4,"{""31d2caa7-ab13-47bc-aadf-96c58502608e"": ""374"", ""8dea0ac2-ff67-47c4-9172-36b3c3a8a0d5"": ""362"", ""461cbf5c-4cdd-4d2e-a488-24e37eed7a59"": ""352"", ""2ad23e0c-8576-4441-bacc-f09a90707f43"": {""distance"": ""329"", ""par"": ""4""}, ""a5060c64-997c-484d-8349-7a23303a81d1"": ""308"", ""791891f0-1be4-4f9a-ac86-643ffbe2f4ee"": {""distance"": ""287"", ""par"": ""4""}, ""e6b9962e-d24d-47c9-bb42-5c64ee04c71a"": {""distance"": ""264"", ""par"": ""4""}}"
efb2d507-f14c-45e4-9d6c-70b93f8e6a77,331626df-a81e-4960-856a-0e7b231e0e62,1,4,"{""6ca78667-3638-4ba6-b914-9bd02bb430d9"": ""402"", ""62bb6d00-80ef-4a01-8d79-36ded7ef5162"": ""384"", ""6d06f2d7-54ed-4397-9ad0-68a43ec9ddfa"": ""366"", ""4e1493cb-984d-4b90-be8b-e2091760246a"": {""distance"": ""358"", ""par"": ""4""}, ""d46de172-8627-4c7c-8cba-579cc0b2ebcc"": ""340"", ""4f0ae416-0194-4952-8c23-601ef02950c3"": {""distance"": ""318"", ""par"": ""4""}, ""c6be1452-526f-4da2-9ce6-b94bc05ef275"": {""distance"": ""275"", ""par"": ""4""}}"
efb2d507-f14c-45e4-9d6c-70b93f8e6a77,331626df-a81e-4960-856a-0e7b231e0e62,2,4,"{""6ca78667-3638-4ba6-b914-9bd02bb430d9"": ""350"", ""62bb6d00-80ef-4a01-8d79-36ded7ef5162"": ""332"", ""6d06f2d7-54ed-4397-9ad0-68a43ec9ddfa"": ""318"", ""4e1493cb-984d-4b90-be8b-e2091760246a"": {""distance"": ""295"", ""par"": ""4""}, ""d46de172-8627-4c7c-8cba-579cc0b2ebcc"": ""284"", ""4f0ae416-0194-4952-8c23-601ef02950c3"": {""distance"": ""283"", ""par"": ""4""}, ""c6be1452-526f-4da2-9ce6-b94bc05ef275"": {""distance"": ""239"", ""par"": ""4""}}"
efb2d507-f14c-45e4-9d6c-70b93f8e6a77,331626df-a81e-4960-856a-0e7b231e0e62,3,3,"{""6ca78667-3638-4ba6-b914-9bd02bb430d9"": ""161"", ""62bb6d00-80ef-4a01-8d79-36ded7ef5162"": ""148"", ""6d06f2d7-54ed-4397-9ad0-68a43ec9ddfa"": ""141"", ""4e1493cb-984d-4b90-be8b-e2091760246a"": {""distance"": ""136"", ""par"": ""3""}, ""d46de172-8627-4c7c-8cba-579cc0b2ebcc"": ""120"", ""4f0ae416-0194-4952-8c23-601ef02950c3"": {""distance"": ""110"", ""par"": ""3""}, ""c6be1452-526f-4da2-9ce6-b94bc05ef275"": {""distance"": ""97"", ""par"": ""3""}}"
efb2d507-f14c-45e4-9d6c-70b93f8e6a77,331626df-a81e-4960-856a-0e7b231e0e62,4,4,"{""6ca78667-3638-4ba6-b914-9bd02bb430d9"": ""372"", ""62bb6d00-80ef-4a01-8d79-36ded7ef5162"": ""352"", ""6d06f2d7-54ed-4397-9ad0-68a43ec9ddfa"": ""331"", ""4e1493cb-984d-4b90-be8b-e2091760246a"": {""distance"": ""314"", ""par"": ""4""}, ""d46de172-8627-4c7c-8cba-579cc0b2ebcc"": ""305"", ""4f0ae416-0194-4952-8c23-601ef02950c3"": {""distance"": ""275"", ""par"": ""4""}, ""c6be1452-526f-4da2-9ce6-b94bc05ef275"": {""distance"": ""263"", ""par"": ""4""}}"
efb2d507-f14c-45e4-9d6c-70b93f8e6a77,331626df-a81e-4960-856a-0e7b231e0e62,5,3,"{""6ca78667-3638-4ba6-b914-9bd02bb430d9"": ""143"", ""62bb6d00-80ef-4a01-8d79-36ded7ef5162"": ""126"", ""6d06f2d7-54ed-4397-9ad0-68a43ec9ddfa"": ""120"", ""4e1493cb-984d-4b90-be8b-e2091760246a"": {""distance"": ""114"", ""par"": ""3""}, ""d46de172-8627-4c7c-8cba-579cc0b2ebcc"": ""108"", ""4f0ae416-0194-4952-8c23-601ef02950c3"": {""distance"": ""97"", ""par"": ""3""}, ""c6be1452-526f-4da2-9ce6-b94bc05ef275"": {""distance"": ""92"", ""par"": ""3""}}"
efb2d507-f14c-45e4-9d6c-70b93f8e6a77,331626df-a81e-4960-856a-0e7b231e0e62,6,5,"{""6ca78667-3638-4ba6-b914-9bd02bb430d9"": ""525"", ""62bb6d00-80ef-4a01-8d79-36ded7ef5162"": ""504"", ""6d06f2d7-54ed-4397-9ad0-68a43ec9ddfa"": ""471"", ""4e1493cb-984d-4b90-be8b-e2091760246a"": {""distance"": ""455"", ""par"": ""5""}, ""d46de172-8627-4c7c-8cba-579cc0b2ebcc"": ""421"", ""4f0ae416-0194-4952-8c23-601ef02950c3"": {""distance"": ""409"", ""par"": ""5""}, ""c6be1452-526f-4da2-9ce6-b94bc05ef275"": {""distance"": ""391"", ""par"": ""5""}}"
efb2d507-f14c-45e4-9d6c-70b93f8e6a77,331626df-a81e-4960-856a-0e7b231e0e62,7,4,"{""6ca78667-3638-4ba6-b914-9bd02bb430d9"": ""337"", ""62bb6d00-80ef-4a01-8d79-36ded7ef5162"": ""330"", ""6d06f2d7-54ed-4397-9ad0-68a43ec9ddfa"": ""323"", ""4e1493cb-984d-4b90-be8b-e2091760246a"": {""distance"": ""305"", ""par"": ""4""}, ""d46de172-8627-4c7c-8cba-579cc0b2ebcc"": ""281"", ""4f0ae416-0194-4952-8c23-601ef02950c3"": {""distance"": ""270"", ""par"": ""4""}, ""c6be1452-526f-4da2-9ce6-b94bc05ef275"": {""distance"": ""86"", ""par"": ""4""}}"
efb2d507-f14c-45e4-9d6c-70b93f8e6a77,331626df-a81e-4960-856a-0e7b231e0e62,8,3,"{""6ca78667-3638-4ba6-b914-9bd02bb430d9"": ""202"", ""62bb6d00-80ef-4a01-8d79-36ded7ef5162"": ""171"", ""6d06f2d7-54ed-4397-9ad0-68a43ec9ddfa"": ""159"", ""4e1493cb-984d-4b90-be8b-e2091760246a"": {""distance"": ""155"", ""par"": ""3""}, ""d46de172-8627-4c7c-8cba-579cc0b2ebcc"": ""151"", ""4f0ae416-0194-4952-8c23-601ef02950c3"": {""distance"": ""128"", ""par"": ""3""}, ""c6be1452-526f-4da2-9ce6-b94bc05ef275"": {""distance"": ""103"", ""par"": ""3""}}"
efb2d507-f14c-45e4-9d6c-70b93f8e6a77,331626df-a81e-4960-856a-0e7b231e0e62,9,5,"{""6ca78667-3638-4ba6-b914-9bd02bb430d9"": ""506"", ""62bb6d00-80ef-4a01-8d79-36ded7ef5162"": ""458"", ""6d06f2d7-54ed-4397-9ad0-68a43ec9ddfa"": ""435"", ""4e1493cb-984d-4b90-be8b-e2091760246a"": {""distance"": ""413"", ""par"": ""5""}, ""d46de172-8627-4c7c-8cba-579cc0b2ebcc"": ""403"", ""4f0ae416-0194-4952-8c23-601ef02950c3"": {""distance"": ""356"", ""par"": ""5""}, ""c6be1452-526f-4da2-9ce6-b94bc05ef275"": {""distance"": ""354"", ""par"": ""5""}}"
efb2d507-f14c-45e4-9d6c-70b93f8e6a77,331626df-a81e-4960-856a-0e7b231e0e62,10,5,"{""6ca78667-3638-4ba6-b914-9bd02bb430d9"": ""453"", ""62bb6d00-80ef-4a01-8d79-36ded7ef5162"": ""446"", ""6d06f2d7-54ed-4397-9ad0-68a43ec9ddfa"": ""438"", ""4e1493cb-984d-4b90-be8b-e2091760246a"": {""distance"": ""425"", ""par"": ""5""}, ""d46de172-8627-4c7c-8cba-579cc0b2ebcc"": ""404"", ""4f0ae416-0194-4952-8c23-601ef02950c3"": {""distance"": ""387"", ""par"": ""5""}, ""c6be1452-526f-4da2-9ce6-b94bc05ef275"": {""distance"": ""383"", ""par"": ""5""}}"
efb2d507-f14c-45e4-9d6c-70b93f8e6a77,331626df-a81e-4960-856a-0e7b231e0e62,11,4,"{""6ca78667-3638-4ba6-b914-9bd02bb430d9"": ""350"", ""62bb6d00-80ef-4a01-8d79-36ded7ef5162"": ""339"", ""6d06f2d7-54ed-4397-9ad0-68a43ec9ddfa"": ""329"", ""4e1493cb-984d-4b90-be8b-e2091760246a"": {""distance"": ""299"", ""par"": ""4""}, ""d46de172-8627-4c7c-8cba-579cc0b2ebcc"": ""284"", ""4f0ae416-0194-4952-8c23-601ef02950c3"": {""distance"": ""253"", ""par"": ""4""}, ""c6be1452-526f-4da2-9ce6-b94bc05ef275"": {""distance"": ""247"", ""par"": ""4""}}"
efb2d507-f14c-45e4-9d6c-70b93f8e6a77,331626df-a81e-4960-856a-0e7b231e0e62,12,4,"{""6ca78667-3638-4ba6-b914-9bd02bb430d9"": ""405"", ""62bb6d00-80ef-4a01-8d79-36ded7ef5162"": ""398"", ""6d06f2d7-54ed-4397-9ad0-68a43ec9ddfa"": ""386"", ""4e1493cb-984d-4b90-be8b-e2091760246a"": {""distance"": ""428"", ""par"": ""5""}, ""d46de172-8627-4c7c-8cba-579cc0b2ebcc"": ""338"", ""4f0ae416-0194-4952-8c23-601ef02950c3"": {""distance"": ""383"", ""par"": ""5""}, ""c6be1452-526f-4da2-9ce6-b94bc05ef275"": {""distance"": ""355"", ""par"": ""5""}}"
efb2d507-f14c-45e4-9d6c-70b93f8e6a77,331626df-a81e-4960-856a-0e7b231e0e62,13,3,"{""6ca78667-3638-4ba6-b914-9bd02bb430d9"": ""136"", ""62bb6d00-80ef-4a01-8d79-36ded7ef5162"": ""128"", ""6d06f2d7-54ed-4397-9ad0-68a43ec9ddfa"": ""126"", ""4e1493cb-984d-4b90-be8b-e2091760246a"": {""distance"": ""118"", ""par"": ""3""}, ""d46de172-8627-4c7c-8cba-579cc0b2ebcc"": ""103"", ""4f0ae416-0194-4952-8c23-601ef02950c3"": {""distance"": ""94"", ""par"": ""3""}, ""c6be1452-526f-4da2-9ce6-b94bc05ef275"": {""distance"": ""58"", ""par"": ""3""}}"
efb2d507-f14c-45e4-9d6c-70b93f8e6a77,331626df-a81e-4960-856a-0e7b231e0e62,14,5,"{""6ca78667-3638-4ba6-b914-9bd02bb430d9"": ""526"", ""62bb6d00-80ef-4a01-8d79-36ded7ef5162"": ""510"", ""6d06f2d7-54ed-4397-9ad0-68a43ec9ddfa"": ""474"", ""4e1493cb-984d-4b90-be8b-e2091760246a"": {""distance"": ""465"", ""par"": ""5""}, ""d46de172-8627-4c7c-8cba-579cc0b2ebcc"": ""457"", ""4f0ae416-0194-4952-8c23-601ef02950c3"": {""distance"": ""430"", ""par"": ""5""}, ""c6be1452-526f-4da2-9ce6-b94bc05ef275"": {""distance"": ""372"", ""par"": ""5""}}"
efb2d507-f14c-45e4-9d6c-70b93f8e6a77,331626df-a81e-4960-856a-0e7b231e0e62,15,4,"{""6ca78667-3638-4ba6-b914-9bd02bb430d9"": ""421"", ""62bb6d00-80ef-4a01-8d79-36ded7ef5162"": ""395"", ""6d06f2d7-54ed-4397-9ad0-68a43ec9ddfa"": ""380"", ""4e1493cb-984d-4b90-be8b-e2091760246a"": {""distance"": ""368"", ""par"": ""4""}, ""d46de172-8627-4c7c-8cba-579cc0b2ebcc"": ""338"", ""4f0ae416-0194-4952-8c23-601ef02950c3"": {""distance"": ""318"", ""par"": ""4""}, ""c6be1452-526f-4da2-9ce6-b94bc05ef275"": {""distance"": ""297"", ""par"": ""4""}}"
efb2d507-f14c-45e4-9d6c-70b93f8e6a77,331626df-a81e-4960-856a-0e7b231e0e62,16,4,"{""6ca78667-3638-4ba6-b914-9bd02bb430d9"": ""420"", ""62bb6d00-80ef-4a01-8d79-36ded7ef5162"": ""379"", ""6d06f2d7-54ed-4397-9ad0-68a43ec9ddfa"": ""353"", ""4e1493cb-984d-4b90-be8b-e2091760246a"": {""distance"": ""345"", ""par"": ""4""}, ""d46de172-8627-4c7c-8cba-579cc0b2ebcc"": ""336"", ""4f0ae416-0194-4952-8c23-601ef02950c3"": {""distance"": ""301"", ""par"": ""4""}, ""c6be1452-526f-4da2-9ce6-b94bc05ef275"": {""distance"": ""271"", ""par"": ""4""}}"
efb2d507-f14c-45e4-9d6c-70b93f8e6a77,331626df-a81e-4960-856a-0e7b231e0e62,17,3,"{""6ca78667-3638-4ba6-b914-9bd02bb430d9"": ""215"", ""62bb6d00-80ef-4a01-8d79-36ded7ef5162"": ""184"", ""6d06f2d7-54ed-4397-9ad0-68a43ec9ddfa"": ""177"", ""4e1493cb-984d-4b90-be8b-e2091760246a"": {""distance"": ""170"", ""par"": ""3""}, ""d46de172-8627-4c7c-8cba-579cc0b2ebcc"": ""150"", ""4f0ae416-0194-4952-8c23-601ef02950c3"": {""distance"": ""143"", ""par"": ""3""}, ""c6be1452-526f-4da2-9ce6-b94bc05ef275"": {""distance"": ""102"", ""par"": ""3""}}"
efb2d507-f14c-45e4-9d6c-70b93f8e6a77,331626df-a81e-4960-856a-0e7b231e0e62,18,4,"{""6ca78667-3638-4ba6-b914-9bd02bb430d9"": ""374"", ""62bb6d00-80ef-4a01-8d79-36ded7ef5162"": ""362"", ""6d06f2d7-54ed-4397-9ad0-68a43ec9ddfa"": ""352"", ""4e1493cb-984d-4b90-be8b-e2091760246a"": {""distance"": ""329"", ""par"": ""4""}, ""d46de172-8627-4c7c-8cba-579cc0b2ebcc"": ""308"", ""4f0ae416-0194-4952-8c23-601ef02950c3"": {""distance"": ""287"", ""par"": ""4""}, ""c6be1452-526f-4da2-9ce6-b94bc05ef275"": {""distance"": ""264"", ""par"": ""4""}}"
6b7d2163-0e21-4678-9626-8f2ab6bec3eb,bfa2aa35-7204-478c-a6c2-43b06a517adb,1,5,"{""5cdeaf78-bad5-47a9-834b-7b2cd2278040"": ""475"", ""a5012f6d-0482-464f-8d04-7ef51d302207"": ""462"", ""0a5c5974-b859-4d8a-a0f3-213f0c3e135d"": ""432"", ""7bf8587e-d13a-4d95-bbd4-602da9000c92"": {""distance"": ""412"", ""par"": ""5""}}"
6b7d2163-0e21-4678-9626-8f2ab6bec3eb,bfa2aa35-7204-478c-a6c2-43b06a517adb,2,4,"{""5cdeaf78-bad5-47a9-834b-7b2cd2278040"": ""316"", ""a5012f6d-0482-464f-8d04-7ef51d302207"": ""300"", ""0a5c5974-b859-4d8a-a0f3-213f0c3e135d"": ""260"", ""7bf8587e-d13a-4d95-bbd4-602da9000c92"": {""distance"": ""242"", ""par"": ""4""}}"
6b7d2163-0e21-4678-9626-8f2ab6bec3eb,bfa2aa35-7204-478c-a6c2-43b06a517adb,3,4,"{""5cdeaf78-bad5-47a9-834b-7b2cd2278040"": ""320"", ""a5012f6d-0482-464f-8d04-7ef51d302207"": ""317"", ""0a5c5974-b859-4d8a-a0f3-213f0c3e135d"": ""269"", ""7bf8587e-d13a-4d95-bbd4-602da9000c92"": {""distance"": ""251"", ""par"": ""4""}}"
6b7d2163-0e21-4678-9626-8f2ab6bec3eb,bfa2aa35-7204-478c-a6c2-43b06a517adb,4,4,"{""5cdeaf78-bad5-47a9-834b-7b2cd2278040"": ""328"", ""a5012f6d-0482-464f-8d04-7ef51d302207"": ""309"", ""0a5c5974-b859-4d8a-a0f3-213f0c3e135d"": ""289"", ""7bf8587e-d13a-4d95-bbd4-602da9000c92"": {""distance"": ""248"", ""par"": ""4""}}"
6b7d2163-0e21-4678-9626-8f2ab6bec3eb,bfa2aa35-7204-478c-a6c2-43b06a517adb,5,3,"{""5cdeaf78-bad5-47a9-834b-7b2cd2278040"": ""168"", ""a5012f6d-0482-464f-8d04-7ef51d302207"": ""157"", ""0a5c5974-b859-4d8a-a0f3-213f0c3e135d"": ""128"", ""7bf8587e-d13a-4d95-bbd4-602da9000c92"": {""distance"": ""116"", ""par"": ""3""}}"
6b7d2163-0e21-4678-9626-8f2ab6bec3eb,bfa2aa35-7204-478c-a6c2-43b06a517adb,6,3,"{""5cdeaf78-bad5-47a9-834b-7b2cd2278040"": ""108"", ""a5012f6d-0482-464f-8d04-7ef51d302207"": ""105"", ""0a5c5974-b859-4d8a-a0f3-213f0c3e135d"": ""80"", ""7bf8587e-d13a-4d95-bbd4-602da9000c92"": {""distance"": ""98"", ""par"": ""3""}}"
6b7d2163-0e21-4678-9626-8f2ab6bec3eb,bfa2aa35-7204-478c-a6c2-43b06a517adb,7,3,"{""5cdeaf78-bad5-47a9-834b-7b2cd2278040"": ""139"", ""a5012f6d-0482-464f-8d04-7ef51d302207"": ""121"", ""0a5c5974-b859-4d8a-a0f3-213f0c3e135d"": ""107"", ""7bf8587e-d13a-4d95-bbd4-602da9000c92"": {""distance"": ""94"", ""par"": ""3""}}"
6b7d2163-0e21-4678-9626-8f2ab6bec3eb,bfa2aa35-7204-478c-a6c2-43b06a517adb,8,5,"{""5cdeaf78-bad5-47a9-834b-7b2cd2278040"": ""444"", ""a5012f6d-0482-464f-8d04-7ef51d302207"": ""439"", ""0a5c5974-b859-4d8a-a0f3-213f0c3e135d"": ""428"", ""7bf8587e-d13a-4d95-bbd4-602da9000c92"": {""distance"": ""395"", ""par"": ""5""}}"
6b7d2163-0e21-4678-9626-8f2ab6bec3eb,bfa2aa35-7204-478c-a6c2-43b06a517adb,9,3,"{""5cdeaf78-bad5-47a9-834b-7b2cd2278040"": ""137"", ""a5012f6d-0482-464f-8d04-7ef51d302207"": ""122"", ""0a5c5974-b859-4d8a-a0f3-213f0c3e135d"": ""102"", ""7bf8587e-d13a-4d95-bbd4-602da9000c92"": {""distance"": ""88"", ""par"": ""3""}}"
6b7d2163-0e21-4678-9626-8f2ab6bec3eb,bfa2aa35-7204-478c-a6c2-43b06a517adb,10,5,"{""5cdeaf78-bad5-47a9-834b-7b2cd2278040"": ""446"", ""a5012f6d-0482-464f-8d04-7ef51d302207"": ""443"", ""0a5c5974-b859-4d8a-a0f3-213f0c3e135d"": ""424"", ""7bf8587e-d13a-4d95-bbd4-602da9000c92"": {""distance"": ""402"", ""par"": ""5""}}"
6b7d2163-0e21-4678-9626-8f2ab6bec3eb,bfa2aa35-7204-478c-a6c2-43b06a517adb,11,3,"{""5cdeaf78-bad5-47a9-834b-7b2cd2278040"": ""126"", ""a5012f6d-0482-464f-8d04-7ef51d302207"": ""111"", ""0a5c5974-b859-4d8a-a0f3-213f0c3e135d"": ""109"", ""7bf8587e-d13a-4d95-bbd4-602da9000c92"": {""distance"": ""94"", ""par"": ""3""}}"
6b7d2163-0e21-4678-9626-8f2ab6bec3eb,bfa2aa35-7204-478c-a6c2-43b06a517adb,12,5,"{""5cdeaf78-bad5-47a9-834b-7b2cd2278040"": ""506"", ""a5012f6d-0482-464f-8d04-7ef51d302207"": ""481"", ""0a5c5974-b859-4d8a-a0f3-213f0c3e135d"": ""456"", ""7bf8587e-d13a-4d95-bbd4-602da9000c92"": {""distance"": ""434"", ""par"": ""5""}}"
6b7d2163-0e21-4678-9626-8f2ab6bec3eb,bfa2aa35-7204-478c-a6c2-43b06a517adb,13,4,"{""5cdeaf78-bad5-47a9-834b-7b2cd2278040"": ""428"", ""a5012f6d-0482-464f-8d04-7ef51d302207"": ""412"", ""0a5c5974-b859-4d8a-a0f3-213f0c3e135d"": ""363"", ""7bf8587e-d13a-4d95-bbd4-602da9000c92"": {""distance"": ""358"", ""par"": ""4""}}"
6b7d2163-0e21-4678-9626-8f2ab6bec3eb,bfa2aa35-7204-478c-a6c2-43b06a517adb,14,4,"{""5cdeaf78-bad5-47a9-834b-7b2cd2278040"": ""382"", ""a5012f6d-0482-464f-8d04-7ef51d302207"": ""360"", ""0a5c5974-b859-4d8a-a0f3-213f0c3e135d"": ""325"", ""7bf8587e-d13a-4d95-bbd4-602da9000c92"": {""distance"": ""308"", ""par"": ""4""}}"
6b7d2163-0e21-4678-9626-8f2ab6bec3eb,bfa2aa35-7204-478c-a6c2-43b06a517adb,15,3,"{""5cdeaf78-bad5-47a9-834b-7b2cd2278040"": ""195"", ""a5012f6d-0482-464f-8d04-7ef51d302207"": ""175"", ""0a5c5974-b859-4d8a-a0f3-213f0c3e135d"": ""151"", ""7bf8587e-d13a-4d95-bbd4-602da9000c92"": {""distance"": ""130"", ""par"": ""3""}}"
6b7d2163-0e21-4678-9626-8f2ab6bec3eb,bfa2aa35-7204-478c-a6c2-43b06a517adb,16,4,"{""5cdeaf78-bad5-47a9-834b-7b2cd2278040"": ""374"", ""a5012f6d-0482-464f-8d04-7ef51d302207"": ""348"", ""0a5c5974-b859-4d8a-a0f3-213f0c3e135d"": ""329"", ""7bf8587e-d13a-4d95-bbd4-602da9000c92"": {""distance"": ""314"", ""par"": ""4""}}"
6b7d2163-0e21-4678-9626-8f2ab6bec3eb,bfa2aa35-7204-478c-a6c2-43b06a517adb,17,4,"{""5cdeaf78-bad5-47a9-834b-7b2cd2278040"": ""246"", ""a5012f6d-0482-464f-8d04-7ef51d302207"": ""234"", ""0a5c5974-b859-4d8a-a0f3-213f0c3e135d"": ""218"", ""7bf8587e-d13a-4d95-bbd4-602da9000c92"": {""distance"": ""200"", ""par"": ""4""}}"
6b7d2163-0e21-4678-9626-8f2ab6bec3eb,bfa2aa35-7204-478c-a6c2-43b06a517adb,18,4,"{""5cdeaf78-bad5-47a9-834b-7b2cd2278040"": ""330"", ""a5012f6d-0482-464f-8d04-7ef51d302207"": ""313"", ""0a5c5974-b859-4d8a-a0f3-213f0c3e135d"": ""295"", ""7bf8587e-d13a-4d95-bbd4-602da9000c92"": {""distance"": ""280"", ""par"": ""4""}}"
