id,name,club_id,handicaps,slopes,course_ratings
07fde5f1-63b2-439e-9c2c-cebc92cd962c,18-hole course,13b48d48-e5c7-4e3c-8661-4a8c73392797,"[11, 9, 3, 1, 16, 6, 7, 17, 14, 12, 10, 4, 2, 15, 5, 8, 18, 13]","{""men"": {""be6a10d5-8493-42bc-927e-17fba150b09b"": ""71.9/13736.0/13735.9/137"", ""a3d6ecb7-d610-45c0-a250-14b428fc7965"": ""68.1/12634.1/12634.0/126"", ""935b94d8-3ef5-42f2-8fdd-24c81fce5353"": ""43.2/13521.6/13521.6/135""}, ""women"": {""be6a10d5-8493-42bc-927e-17fba150b09b"": ""78.2/13939.1/13939.1/139"", ""a3d6ecb7-d610-45c0-a250-14b428fc7965"": ""73.4/12836.7/12836.7/128"", ""935b94d8-3ef5-42f2-8fdd-24c81fce5353"": ""76.8/13738.4/13738.4/137""}}","{""men"": {}, ""women"": {""be6a10d5-8493-42bc-927e-17fba150b09b"": ""78.2/13939.1/13939.1/139"", ""a3d6ecb7-d610-45c0-a250-14b428fc7965"": ""73.4/12836.7/12836.7/128"", ""935b94d8-3ef5-42f2-8fdd-24c81fce5353"": ""76.8/13738.4/13738.4/137""}}"
6f06a7f2-77a0-4a5d-a890-4f0a7ed1d6f8,18-hole course,fed0b0c7-d9e8-4ae9-a216-45e19d405ee6,"[8, 14, 6, 4, 10, 18, 16, 12, 2, 11, 15, 13, 9, 17, 3, 5, 7, 1]","{""men"": {""06381c89-05c4-49ba-9c6c-3d320d3f1ccd"": ""74.8/13837.3/13437.5/141"", ""f0de8e09-0b3c-43db-957d-a44f845e75fc"": ""72.1/13536.0/13336.1/137"", ""83b74ddc-3dc7-4f0f-b96c-d1c6479974ee"": ""70.1/13235.0/12935.1/135"", ""fef89c13-5332-4ef7-9b7f-ed9ee8ed419e"": ""67.9/12134.1/12133.8/120""}, ""women"": {""06381c89-05c4-49ba-9c6c-3d320d3f1ccd"": ""81.0/14540.6/14540.4/144"", ""f0de8e09-0b3c-43db-957d-a44f845e75fc"": ""77.8/14039.0/13938.8/141"", ""83b74ddc-3dc7-4f0f-b96c-d1c6479974ee"": ""75.9/13837.9/13838.0/137"", ""fef89c13-5332-4ef7-9b7f-ed9ee8ed419e"": ""72.9/12836.5/13136.4/125""}}","{""men"": {}, ""women"": {""06381c89-05c4-49ba-9c6c-3d320d3f1ccd"": ""81.0/14540.6/14540.4/144"", ""f0de8e09-0b3c-43db-957d-a44f845e75fc"": ""77.8/14039.0/13938.8/141"", ""83b74ddc-3dc7-4f0f-b96c-d1c6479974ee"": ""75.9/13837.9/13838.0/137"", ""fef89c13-5332-4ef7-9b7f-ed9ee8ed419e"": ""72.9/12836.5/13136.4/125""}}"
f35e9646-4e8e-49f7-a644-7415308f095f,18-hole course,78737794-4ed2-4253-b0c0-d8cc577eb599,"[1, 2, 3, 4, 5, 6, 7, 8, 9, 10, 11, 12, 13, 14, 15, 16, 17, 18]","{""men"": {""1f9f9438-9b5d-473a-b82c-cf506426f3f0"": ""---"", ""099b9338-980c-438c-9a70-8476ec14ddb3"": ""---"", ""8f204ae0-1634-49b4-b966-5acf16ffa5ed"": ""---"", ""19df7755-4e44-4e24-ae54-c3afc53f59f2"": ""---""}, ""women"": {""1f9f9438-9b5d-473a-b82c-cf506426f3f0"": ""---"", ""099b9338-980c-438c-9a70-8476ec14ddb3"": ""---"", ""8f204ae0-1634-49b4-b966-5acf16ffa5ed"": ""---"", ""19df7755-4e44-4e24-ae54-c3afc53f59f2"": ""---""}}","{""men"": {}, ""women"": {""1f9f9438-9b5d-473a-b82c-cf506426f3f0"": ""---"", ""099b9338-980c-438c-9a70-8476ec14ddb3"": ""---"", ""8f204ae0-1634-49b4-b966-5acf16ffa5ed"": ""---"", ""19df7755-4e44-4e24-ae54-c3afc53f59f2"": ""---""}}"
8ac96137-4447-47c6-9053-5f56b5a90e96,18-hole course,11627635-5fc7-4880-b8ca-e86ffb7741d8,"[4, 12, 6, 9, 7, 8, 11, 18, 1, 10, 13, 5, 3, 15, 17, 16, 14, 2]","{""men"": {""1c3d39b3-51bd-4c71-a012-619d41344c14"": ""72.5/13538.1/14134.4/129"", ""80a53917-c97c-4eef-b25c-3d08728079b3"": ""71.3/13237.1/13734.2/126"", ""78d7457b-6c25-49cc-942d-ac893c8c1848"": ""67.9/12435.4/13032.5/117"", ""5c64e983-d2a3-4340-9a1c-05bc66213081"": ""62.9/10731.8/11131.1/103"", ""9fbf0462-76a8-44f6-9895-01016bcfbcd9"": ""\u00a0""}, ""women"": {""1c3d39b3-51bd-4c71-a012-619d41344c14"": ""---"", ""80a53917-c97c-4eef-b25c-3d08728079b3"": ""---"", ""78d7457b-6c25-49cc-942d-ac893c8c1848"": ""72.7/14038.3/14334.4/136"", ""5c64e983-d2a3-4340-9a1c-05bc66213081"": ""66.9/11933.9/11933.0/119"", ""9fbf0462-76a8-44f6-9895-01016bcfbcd9"": ""\u00a0""}}","{""men"": {}, ""women"": {""1c3d39b3-51bd-4c71-a012-619d41344c14"": ""---"", ""80a53917-c97c-4eef-b25c-3d08728079b3"": ""---"", ""78d7457b-6c25-49cc-942d-ac893c8c1848"": ""72.7/14038.3/14334.4/136"", ""5c64e983-d2a3-4340-9a1c-05bc66213081"": ""66.9/11933.9/11933.0/119"", ""9fbf0462-76a8-44f6-9895-01016bcfbcd9"": ""\u00a0""}}"
6025ebdf-25a5-4689-a170-8119b92515ab,18-hole course,83ced718-6184-4bcb-b66a-63b9326eaef8,"[7, 9, 17, 3, 5, 11, 13, 15, 1, 4, 6, 2, 12, 10, 16, 8, 18, 14]","{""men"": {""0dfdc8b3-9d21-42ae-be8a-7c3da67ed2e1"": ""72.0/13136.0/13136.0/131"", ""154e1d10-d636-4817-81b5-440f88f4bfe8"": ""70.4/12935.2/12935.2/129"", ""f86de61b-20be-4269-b0c5-2c01631b152a"": ""69.4/13734.7/13734.7/137"", ""b69ad631-50db-46cf-b7bc-26249836d290"": ""63.5/11131.8/11131.8/111""}, ""women"": {""0dfdc8b3-9d21-42ae-be8a-7c3da67ed2e1"": ""---"", ""154e1d10-d636-4817-81b5-440f88f4bfe8"": ""70.7/13135.4/13135.4/131"", ""f86de61b-20be-4269-b0c5-2c01631b152a"": ""---"", ""b69ad631-50db-46cf-b7bc-26249836d290"": ""67.2/12733.6/12733.6/127""}}","{""men"": {}, ""women"": {""0dfdc8b3-9d21-42ae-be8a-7c3da67ed2e1"": ""---"", ""154e1d10-d636-4817-81b5-440f88f4bfe8"": ""70.7/13135.4/13135.4/131"", ""f86de61b-20be-4269-b0c5-2c01631b152a"": ""---"", ""b69ad631-50db-46cf-b7bc-26249836d290"": ""67.2/12733.6/12733.6/127""}}"
e2436718-22c4-41b0-ae80-d00c22a53395,,47fa5618-3f60-4802-8b17-1140b6e33c40,[],"{""men"": {}, ""women"": {}}","{""men"": {}, ""women"": {}}"
5c98b612-a38a-4ede-8bb9-5fa1634ec70a,Albatros,b1396635-a267-49ab-ada1-82fb92742717,"[7, 5, 1, 15, 17, 13, 3, 11, 9, 8, 6, 2, 16, 18, 14, 4, 12, 10]","{""men"": {""6c1ea4dc-722e-45b3-824a-05c22df7711f"": ""52.0/6626.0/6626.0/66"", ""0479c0b0-c461-4a28-8a34-4be2c6c246a2"": ""---"", ""7721353f-ff8d-4664-a83c-946e426b1f32"": ""---"", ""24b34efd-42c4-4ce9-9703-304e5e8beda1"": ""---""}, ""women"": {""6c1ea4dc-722e-45b3-824a-05c22df7711f"": ""52.0/6626.0/6626.0/66"", ""0479c0b0-c461-4a28-8a34-4be2c6c246a2"": ""---"", ""7721353f-ff8d-4664-a83c-946e426b1f32"": ""---"", ""24b34efd-42c4-4ce9-9703-304e5e8beda1"": ""---""}}","{""men"": {}, ""women"": {""6c1ea4dc-722e-45b3-824a-05c22df7711f"": ""52.0/6626.0/6626.0/66"", ""0479c0b0-c461-4a28-8a34-4be2c6c246a2"": ""---"", ""7721353f-ff8d-4664-a83c-946e426b1f32"": ""---"", ""24b34efd-42c4-4ce9-9703-304e5e8beda1"": ""---""}}"
999e53d8-03e9-42f2-af3c-14564ede498b,18-hole course,f421c9ec-0c35-48d5-9a93-01a606caffcf,"[15, 13, 7, 9, 11, 5, 1, 3, 17, 8, 4, 18, 12, 2, 14, 10, 16, 6]","{""men"": {""3c383979-c5c3-49c3-ab56-c2f35e79d90b"": ""73.0/13236.5/13236.5/132"", ""f5aec1ad-4b05-4b27-b5cf-0e6b13bf2de7"": ""71.4/12835.7/12835.7/128"", ""092dea70-2f52-4949-9996-ffbbd7248a03"": ""69.8/12534.9/12534.9/125"", ""5e52b7c3-555d-4159-a904-d04355aa8ecd"": ""68.4/12434.2/12434.2/124"", ""d7bbc764-ca2d-4055-aec4-79e6670b7b93"": ""66.4/12033.2/12033.2/120""}, ""women"": {""3c383979-c5c3-49c3-ab56-c2f35e79d90b"": ""---"", ""f5aec1ad-4b05-4b27-b5cf-0e6b13bf2de7"": ""---"", ""092dea70-2f52-4949-9996-ffbbd7248a03"": ""75.7/13237.9/13237.8/132"", ""5e52b7c3-555d-4159-a904-d04355aa8ecd"": ""74.0/12837.0/12837.0/128"", ""d7bbc764-ca2d-4055-aec4-79e6670b7b93"": ""72.3/12436.2/12436.1/124""}}","{""men"": {}, ""women"": {""3c383979-c5c3-49c3-ab56-c2f35e79d90b"": ""---"", ""f5aec1ad-4b05-4b27-b5cf-0e6b13bf2de7"": ""---"", ""092dea70-2f52-4949-9996-ffbbd7248a03"": ""75.7/13237.9/13237.8/132"", ""5e52b7c3-555d-4159-a904-d04355aa8ecd"": ""74.0/12837.0/12837.0/128"", ""d7bbc764-ca2d-4055-aec4-79e6670b7b93"": ""72.3/12436.2/12436.1/124""}}"
10f4aa9b-e4a8-492c-a50b-3331e1e00089,Championship,9a6651e9-9aa6-460c-ab81-c9d6beae237a,"[7, 17, 6, 11, 12, 13, 1, 14, 9, 2, 4, 3, 18, 10, 8, 16, 5, 15]","{""men"": {""c50fc567-4216-45a3-a3ed-1b57cb253589"": ""68.7/12034.4/12034.3/120"", ""fea348c3-b4a4-4b12-a646-becf29c2f1e3"": ""---""}, ""women"": {""c50fc567-4216-45a3-a3ed-1b57cb253589"": ""70.0/11835.0/11835.0/118"", ""fea348c3-b4a4-4b12-a646-becf29c2f1e3"": ""---""}}","{""men"": {}, ""women"": {""c50fc567-4216-45a3-a3ed-1b57cb253589"": ""70.0/11835.0/11835.0/118"", ""fea348c3-b4a4-4b12-a646-becf29c2f1e3"": ""---""}}"
ac08304f-f883-4d52-bad2-8b2a3e1df4a0,Pares 3,9a6651e9-9aa6-460c-ab81-c9d6beae237a,"[15, 17, 9, 7, 1, 13, 5, 3, 11, 16, 18, 10, 8, 2, 14, 6, 4, 12]","{""men"": {""471c3225-83ba-42ea-88a8-841e0484c118"": ""---"", ""fe3a5bac-8658-4d5a-b84c-be9192fcc33e"": ""55.1/9427.6/9427.6/94"", ""e2d4c5b7-96a9-460e-8fd8-6c36f86f49d5"": ""---"", ""25fc9a69-0fef-4d0b-b157-767748513114"": ""---""}, ""women"": {""471c3225-83ba-42ea-88a8-841e0484c118"": ""---"", ""fe3a5bac-8658-4d5a-b84c-be9192fcc33e"": ""---"", ""e2d4c5b7-96a9-460e-8fd8-6c36f86f49d5"": ""---"", ""25fc9a69-0fef-4d0b-b157-767748513114"": ""57.6/9628.8/9628.8/96""}}","{""men"": {}, ""women"": {""471c3225-83ba-42ea-88a8-841e0484c118"": ""---"", ""fe3a5bac-8658-4d5a-b84c-be9192fcc33e"": ""---"", ""e2d4c5b7-96a9-460e-8fd8-6c36f86f49d5"": ""---"", ""25fc9a69-0fef-4d0b-b157-767748513114"": ""57.6/9628.8/9628.8/96""}}"
0cf757d9-a7c3-4fc2-b399-70f5deb548e9,18-hole course,2f463702-f0d1-4f76-a293-1aa18eeaee6d,"[4, 12, 8, 14, 18, 2, 16, 6, 10, 15, 11, 3, 9, 7, 13, 17, 1, 5]","{""men"": {""ed0c8fa1-d350-49a2-8f78-e156da1a118a"": ""73.7/13736.9/13736.8/137"", ""a3076e07-057a-4002-8dcb-63572fb1de05"": ""72.1/13336.1/13336.0/133"", ""916b7551-1507-4406-a6d4-ce6c59b49179"": ""69.8/12934.9/12934.9/129"", ""7a8ebfdc-e573-49fa-81fa-18fedfcceebd"": ""68.1/12334.1/12334.0/123""}, ""women"": {""ed0c8fa1-d350-49a2-8f78-e156da1a118a"": ""80.6/14840.3/14840.3/148"", ""a3076e07-057a-4002-8dcb-63572fb1de05"": ""78.5/14339.3/14339.2/143"", ""916b7551-1507-4406-a6d4-ce6c59b49179"": ""75.8/13837.9/13837.9/138"", ""7a8ebfdc-e573-49fa-81fa-18fedfcceebd"": ""73.5/13136.8/13136.7/131""}}","{""men"": {}, ""women"": {""ed0c8fa1-d350-49a2-8f78-e156da1a118a"": ""80.6/14840.3/14840.3/148"", ""a3076e07-057a-4002-8dcb-63572fb1de05"": ""78.5/14339.3/14339.2/143"", ""916b7551-1507-4406-a6d4-ce6c59b49179"": ""75.8/13837.9/13837.9/138"", ""7a8ebfdc-e573-49fa-81fa-18fedfcceebd"": ""73.5/13136.8/13136.7/131""}}"
8fd18dca-1a1d-47fe-9cd6-c1e6e88d9b26,18-hole course,968749e4-44d7-4a76-8f20-f63b87c8347c,"[14, 10, 18, 6, 8, 4, 16, 12, 2, 13, 9, 7, 5, 3, 15, 1, 17, 11]","{""men"": {""0d0c85a7-a907-4f0f-a686-415409f726c7"": ""77.5/13938.8/13938.7/139"", ""1dbc4db1-5aa6-4fba-9b7d-9cc86cbb424a"": ""72.2/13936.1/13936.1/139"", ""e061e1f8-cb19-481a-8b65-6c3d203e46b2"": ""71.1/13235.6/13235.5/132"", ""91f7f649-a8fb-4240-aadf-a774ae0842b5"": ""69.1/12834.6/12834.5/128"", ""0361c396-780f-452f-963c-590f17e7340c"": ""67.2/12433.6/12433.6/124""}, ""women"": {""0d0c85a7-a907-4f0f-a686-415409f726c7"": ""84.3/15521.1/15521.1/155"", ""1dbc4db1-5aa6-4fba-9b7d-9cc86cbb424a"": ""79.3/14639.7/14639.6/146"", ""e061e1f8-cb19-481a-8b65-6c3d203e46b2"": ""77.9/14239.0/14238.9/142"", ""91f7f649-a8fb-4240-aadf-a774ae0842b5"": ""75.4/13837.7/13837.7/138"", ""0361c396-780f-452f-963c-590f17e7340c"": ""72.3/13236.2/13236.1/132""}}","{""men"": {}, ""women"": {""0d0c85a7-a907-4f0f-a686-415409f726c7"": ""84.3/15521.1/15521.1/155"", ""1dbc4db1-5aa6-4fba-9b7d-9cc86cbb424a"": ""79.3/14639.7/14639.6/146"", ""e061e1f8-cb19-481a-8b65-6c3d203e46b2"": ""77.9/14239.0/14238.9/142"", ""91f7f649-a8fb-4240-aadf-a774ae0842b5"": ""75.4/13837.7/13837.7/138"", ""0361c396-780f-452f-963c-590f17e7340c"": ""72.3/13236.2/13236.1/132""}}"
0c9dc3e6-c274-4aa3-851f-559aa53e31b2,18-hole course,858c0aec-3c5d-49ba-97d1-3d2e458e5c3a,"[11, 13, 15, 7, 17, 3, 9, 5, 1, 14, 2, 10, 8, 18, 12, 6, 16, 4]","{""men"": {""ec13f992-5bc7-4c7c-a602-70e5eeac9125"": ""72.8/12736.4/12736.4/127"", ""1727afc8-f1f5-4868-81ea-a4b74fe48b12"": ""70.5/12635.3/12635.3/126"", ""40a681f0-ad3b-4e60-aa8b-599846577c57"": ""68.0/11734.0/11734.0/117"", ""60065bb8-2510-44a7-a2c4-0cab72504b53"": ""66.9/11433.5/11433.5/114""}, ""women"": {""ec13f992-5bc7-4c7c-a602-70e5eeac9125"": ""79.3/14639.7/14639.7/146"", ""1727afc8-f1f5-4868-81ea-a4b74fe48b12"": ""76.5/14038.3/14038.3/140"", ""40a681f0-ad3b-4e60-aa8b-599846577c57"": ""72.8/13236.4/13236.4/132"", ""60065bb8-2510-44a7-a2c4-0cab72504b53"": ""71.4/12935.7/12935.7/129""}}","{""men"": {}, ""women"": {""ec13f992-5bc7-4c7c-a602-70e5eeac9125"": ""79.3/14639.7/14639.7/146"", ""1727afc8-f1f5-4868-81ea-a4b74fe48b12"": ""76.5/14038.3/14038.3/140"", ""40a681f0-ad3b-4e60-aa8b-599846577c57"": ""72.8/13236.4/13236.4/132"", ""60065bb8-2510-44a7-a2c4-0cab72504b53"": ""71.4/12935.7/12935.7/129""}}"
cd4d588f-fd53-4399-aa9d-b15784dd70f6,18-hole course,9b95d42b-0f8a-41ff-adc7-eb7765b0b8f4,"[17, 5, 15, 13, 1, 9, 3, 7, 11, 18, 6, 16, 2, 12, 8, 14, 4, 10]","{""men"": {""23494fde-c222-42d6-b88a-feeaa4ed935b"": ""73.2/13636.3/13236.9/139"", ""3a8d41bf-c835-4b4d-9ed9-5a46b3209de6"": ""72.2/13535.7/13236.5/138"", ""f94541ca-5ac3-49ec-ad7c-dc75482a310c"": ""70.4/13034.7/12435.7/135"", ""65765d75-3545-4e13-b4fe-4be8ea55c9de"": ""68.1/12433.8/12334.3/126"", ""65821d3d-639e-473d-af80-bb1cc990db0b"": ""66.4/11932.8/11733.6/122""}, ""women"": {""23494fde-c222-42d6-b88a-feeaa4ed935b"": ""---"", ""3a8d41bf-c835-4b4d-9ed9-5a46b3209de6"": ""---"", ""f94541ca-5ac3-49ec-ad7c-dc75482a310c"": ""76.7/14137.7/13639.0/145"", ""65765d75-3545-4e13-b4fe-4be8ea55c9de"": ""74.0/13036.7/13037.3/130"", ""65821d3d-639e-473d-af80-bb1cc990db0b"": ""71.9/12935.5/12736.4/130""}}","{""men"": {}, ""women"": {""23494fde-c222-42d6-b88a-feeaa4ed935b"": ""---"", ""3a8d41bf-c835-4b4d-9ed9-5a46b3209de6"": ""---"", ""f94541ca-5ac3-49ec-ad7c-dc75482a310c"": ""76.7/14137.7/13639.0/145"", ""65765d75-3545-4e13-b4fe-4be8ea55c9de"": ""74.0/13036.7/13037.3/130"", ""65821d3d-639e-473d-af80-bb1cc990db0b"": ""71.9/12935.5/12736.4/130""}}"
2b89fc6a-10ad-4308-a417-6c996c75ea6e,Pinos + Pinos,675004f1-d448-4664-8d62-065a3cf8586d,"[9, 3, 5, 13, 7, 1, 17, 15, 11, 10, 4, 6, 14, 8, 2, 18, 16, 12]","{""men"": {""f4f13447-84a2-4012-a9f3-9a0ef9951e56"": ""70.8/12635.4/12635.4/126"", ""f55d171a-1979-44b0-8730-f9954426a398"": ""68.8/12634.4/12634.4/126"", ""e6cb2da0-df47-4b7c-8bac-38dd549dd309"": ""66.6/11733.3/11733.3/117"", ""2ef87b73-b575-4f6b-8faf-a41a4d6844d5"": ""64.6/11832.3/11832.3/118""}, ""women"": {""f4f13447-84a2-4012-a9f3-9a0ef9951e56"": ""75.8/12537.9/12537.9/125"", ""f55d171a-1979-44b0-8730-f9954426a398"": ""74.0/12837.0/12837.0/128"", ""e6cb2da0-df47-4b7c-8bac-38dd549dd309"": ""70.0/13035.0/13035.0/130"", ""2ef87b73-b575-4f6b-8faf-a41a4d6844d5"": ""69.2/11834.6/11834.6/118""}}","{""men"": {}, ""women"": {""f4f13447-84a2-4012-a9f3-9a0ef9951e56"": ""75.8/12537.9/12537.9/125"", ""f55d171a-1979-44b0-8730-f9954426a398"": ""74.0/12837.0/12837.0/128"", ""e6cb2da0-df47-4b7c-8bac-38dd549dd309"": ""70.0/13035.0/13035.0/130"", ""2ef87b73-b575-4f6b-8faf-a41a4d6844d5"": ""69.2/11834.6/11834.6/118""}}"
467b3f86-6405-420e-9649-c9dc0721db4e,Alcornoques + Alcornoques,675004f1-d448-4664-8d62-065a3cf8586d,"[7, 11, 9, 15, 17, 1, 13, 3, 5, 8, 12, 10, 16, 18, 2, 14, 4, 6]","{""men"": {""bbfb87ad-59ec-4f6a-8dd0-6e7f3ba1933d"": ""72.0/13436.0/13436.0/134"", ""a0018b12-70ea-4119-9699-34f4dc2b5dcf"": ""70.4/13035.2/13035.2/130"", ""b63008d5-4e7a-41a2-b36c-a1b090e8d6e2"": ""65.8/11532.9/11532.9/115"", ""6396a11a-ff7a-4776-a94a-72857aa1ccf8"": ""64.6/11432.3/11432.3/114""}, ""women"": {""bbfb87ad-59ec-4f6a-8dd0-6e7f3ba1933d"": ""77.0/13338.5/13338.5/133"", ""a0018b12-70ea-4119-9699-34f4dc2b5dcf"": ""75.0/12437.5/12437.5/124"", ""b63008d5-4e7a-41a2-b36c-a1b090e8d6e2"": ""70.2/12435.1/12435.1/124"", ""6396a11a-ff7a-4776-a94a-72857aa1ccf8"": ""69.2/12034.6/12034.6/120""}}","{""men"": {}, ""women"": {""bbfb87ad-59ec-4f6a-8dd0-6e7f3ba1933d"": ""77.0/13338.5/13338.5/133"", ""a0018b12-70ea-4119-9699-34f4dc2b5dcf"": ""75.0/12437.5/12437.5/124"", ""b63008d5-4e7a-41a2-b36c-a1b090e8d6e2"": ""70.2/12435.1/12435.1/124"", ""6396a11a-ff7a-4776-a94a-72857aa1ccf8"": ""69.2/12034.6/12034.6/120""}}"
9f5f3878-a169-49e2-b5a8-a0018a24ae7d,Lagos + Lagos,675004f1-d448-4664-8d62-065a3cf8586d,"[11, 17, 9, 13, 1, 7, 5, 15, 3, 12, 18, 10, 14, 2, 8, 6, 16, 4]","{""men"": {""c542c80a-1e98-4f5d-bb4b-0caddacd5ba1"": ""72.6/12836.3/12836.3/128"", ""7b070109-f417-4e75-bc1d-fdfe40c9b7ae"": ""70.8/12835.4/12835.4/128"", ""76c3ad71-6316-4353-b039-9cc8f1dac809"": ""68.4/11934.2/11934.2/119"", ""693f1516-6eb2-45f1-94ce-728502d778e0"": ""66.0/11833.0/11833.0/118""}, ""women"": {""c542c80a-1e98-4f5d-bb4b-0caddacd5ba1"": ""78.4/13739.2/13739.2/137"", ""7b070109-f417-4e75-bc1d-fdfe40c9b7ae"": ""76.8/13038.4/13038.4/130"", ""76c3ad71-6316-4353-b039-9cc8f1dac809"": ""74.2/12637.1/12637.1/126"", ""693f1516-6eb2-45f1-94ce-728502d778e0"": ""71.4/12635.7/12635.7/126""}}","{""men"": {}, ""women"": {""c542c80a-1e98-4f5d-bb4b-0caddacd5ba1"": ""78.4/13739.2/13739.2/137"", ""7b070109-f417-4e75-bc1d-fdfe40c9b7ae"": ""76.8/13038.4/13038.4/130"", ""76c3ad71-6316-4353-b039-9cc8f1dac809"": ""74.2/12637.1/12637.1/126"", ""693f1516-6eb2-45f1-94ce-728502d778e0"": ""71.4/12635.7/12635.7/126""}}"
8cd273cc-1765-4ea7-bd3b-fec37f278d26,Pinos + Alcornoques,675004f1-d448-4664-8d62-065a3cf8586d,"[12, 4, 7, 14, 9, 1, 17, 15, 13, 6, 10, 8, 11, 18, 2, 16, 3, 5]","{""men"": {""bb5816ce-fc56-4223-a3e2-f5ce52172460"": ""71.4/13035.4/12636.0/134"", ""1af88d01-701c-4e00-840e-16ed9675ea7d"": ""69.6/12834.4/12635.2/130"", ""955f8cb9-2ee3-4703-8a44-3fc050025042"": ""66.2/11633.3/11732.9/115"", ""f405bd1d-c1a7-479d-ac9c-d5b759a38648"": ""64.6/11632.3/11832.3/114""}, ""women"": {""bb5816ce-fc56-4223-a3e2-f5ce52172460"": ""76.4/12937.9/12538.5/133"", ""1af88d01-701c-4e00-840e-16ed9675ea7d"": ""74.5/12637.0/12837.5/124"", ""955f8cb9-2ee3-4703-8a44-3fc050025042"": ""70.1/12735.0/13035.1/124"", ""f405bd1d-c1a7-479d-ac9c-d5b759a38648"": ""69.2/11934.6/11834.6/120""}}","{""men"": {}, ""women"": {""bb5816ce-fc56-4223-a3e2-f5ce52172460"": ""76.4/12937.9/12538.5/133"", ""1af88d01-701c-4e00-840e-16ed9675ea7d"": ""74.5/12637.0/12837.5/124"", ""955f8cb9-2ee3-4703-8a44-3fc050025042"": ""70.1/12735.0/13035.1/124"", ""f405bd1d-c1a7-479d-ac9c-d5b759a38648"": ""69.2/11934.6/11834.6/120""}}"
8c789882-226f-4b3e-a25d-6cd8bc46689a,Pinos + Lagos,675004f1-d448-4664-8d62-065a3cf8586d,"[10, 4, 6, 14, 16, 1, 18, 15, 12, 9, 17, 8, 11, 2, 7, 5, 13, 3]","{""men"": {""2ad94faa-8be1-49dc-901b-36748e73b7cd"": ""71.7/12735.4/12636.3/128"", ""ce8b6071-0df1-4dea-958e-4b74818dfc1f"": ""69.8/12734.4/12635.4/128"", ""895caa8e-4b05-48b0-bff7-72a089aa6216"": ""67.5/11833.3/11734.2/119"", ""a4137428-e770-47eb-b9b6-36b41a1cb0de"": ""65.3/11832.3/11833.0/118""}, ""women"": {""2ad94faa-8be1-49dc-901b-36748e73b7cd"": ""77.1/13137.9/12539.2/137"", ""ce8b6071-0df1-4dea-958e-4b74818dfc1f"": ""75.4/12937.0/12838.4/130"", ""895caa8e-4b05-48b0-bff7-72a089aa6216"": ""72.1/12835.0/13037.1/126"", ""a4137428-e770-47eb-b9b6-36b41a1cb0de"": ""70.3/12234.6/11835.7/126""}}","{""men"": {}, ""women"": {""2ad94faa-8be1-49dc-901b-36748e73b7cd"": ""77.1/13137.9/12539.2/137"", ""ce8b6071-0df1-4dea-958e-4b74818dfc1f"": ""75.4/12937.0/12838.4/130"", ""895caa8e-4b05-48b0-bff7-72a089aa6216"": ""72.1/12835.0/13037.1/126"", ""a4137428-e770-47eb-b9b6-36b41a1cb0de"": ""70.3/12234.6/11835.7/126""}}"
64b7e56f-dafb-4d9d-bf94-2ca4337b88cc,Alcornoques + Lagos,675004f1-d448-4664-8d62-065a3cf8586d,"[8, 12, 11, 15, 18, 2, 13, 4, 5, 10, 17, 9, 14, 1, 7, 6, 16, 3]","{""men"": {""444434af-219a-4449-8a5f-53549d9077b3"": ""72.3/13136.0/13436.3/128"", ""f2eacfe5-3a62-4a29-bf23-c0456f930076"": ""70.6/12935.2/13035.4/128"", ""f0fe7559-4dcc-4b26-a50a-711b0c513b6e"": ""67.1/11732.9/11534.2/119"", ""e3aa897a-100b-432d-a724-b37ef567c4ca"": ""65.3/11632.3/11433.0/118""}, ""women"": {""444434af-219a-4449-8a5f-53549d9077b3"": ""77.7/13538.5/13339.2/137"", ""f2eacfe5-3a62-4a29-bf23-c0456f930076"": ""75.9/12737.5/12438.4/130"", ""f0fe7559-4dcc-4b26-a50a-711b0c513b6e"": ""72.2/12535.1/12437.1/126"", ""e3aa897a-100b-432d-a724-b37ef567c4ca"": ""70.3/12334.6/12035.7/126""}}","{""men"": {}, ""women"": {""444434af-219a-4449-8a5f-53549d9077b3"": ""77.7/13538.5/13339.2/137"", ""f2eacfe5-3a62-4a29-bf23-c0456f930076"": ""75.9/12737.5/12438.4/130"", ""f0fe7559-4dcc-4b26-a50a-711b0c513b6e"": ""72.2/12535.1/12437.1/126"", ""e3aa897a-100b-432d-a724-b37ef567c4ca"": ""70.3/12334.6/12035.7/126""}}"
95c439a0-7a2e-4da5-9b5f-284cfe0dac6d,18-hole course,0dad6cd7-905b-443f-b82f-bddba4f37178,"[2, 12, 16, 8, 6, 10, 14, 18, 4, 5, 7, 1, 13, 17, 9, 11, 15, 3]","{""men"": {""12e02405-2f43-4db5-9f3a-da6bf8e61cee"": ""73.1/13236.6/13236.5/132"", ""d92bbce9-8cc5-4985-813d-7683a976fa9c"": ""71.5/13235.8/13235.7/132"", ""b8ad9776-f298-47f7-a98f-201f02e20065"": ""69.9/13035.0/13034.9/130"", ""7ccc4838-392c-4494-8f8d-f70f51361409"": ""67.8/12433.9/12433.9/124"", ""5f935762-a64a-478d-8b3b-294fde16828c"": ""66.6/11733.3/11733.3/117""}, ""women"": {""12e02405-2f43-4db5-9f3a-da6bf8e61cee"": ""79.5/14339.8/14339.7/143"", ""d92bbce9-8cc5-4985-813d-7683a976fa9c"": ""77.6/13938.8/13938.8/139"", ""b8ad9776-f298-47f7-a98f-201f02e20065"": ""75.7/13537.9/13537.8/135"", ""7ccc4838-392c-4494-8f8d-f70f51361409"": ""73.4/13136.7/13136.7/131"", ""5f935762-a64a-478d-8b3b-294fde16828c"": ""71.4/12635.7/12635.7/126""}}","{""men"": {}, ""women"": {""12e02405-2f43-4db5-9f3a-da6bf8e61cee"": ""79.5/14339.8/14339.7/143"", ""d92bbce9-8cc5-4985-813d-7683a976fa9c"": ""77.6/13938.8/13938.8/139"", ""b8ad9776-f298-47f7-a98f-201f02e20065"": ""75.7/13537.9/13537.8/135"", ""7ccc4838-392c-4494-8f8d-f70f51361409"": ""73.4/13136.7/13136.7/131"", ""5f935762-a64a-478d-8b3b-294fde16828c"": ""71.4/12635.7/12635.7/126""}}"
2d521916-ed66-4b7a-9631-ce8c4a4a14a1,18-hole course,02fd8aa1-065f-4c7c-aa9c-93d2e7050084,"[3, 5, 11, 9, 13, 15, 7, 17, 1, 8, 18, 2, 12, 6, 10, 4, 16, 14]","{""men"": {""3e3062a6-5196-44cc-b519-5f971587647c"": ""72.6/13436.7/13235.9/136"", ""230daf02-3d2c-406e-9e5e-c9db7e5f3ba1"": ""69.5/12135.0/12434.5/117"", ""1b16f9b4-f358-49d5-95db-46999801f20b"": ""66.6/11233.3/11733.3/107"", ""db13e804-57e3-4b70-9673-55fbb8619052"": ""63.1/10431.3/10231.8/107""}, ""women"": {""3e3062a6-5196-44cc-b519-5f971587647c"": ""77.5/12837.7/10939.8/148"", ""230daf02-3d2c-406e-9e5e-c9db7e5f3ba1"": ""74.6/12636.6/11038.0/142"", ""1b16f9b4-f358-49d5-95db-46999801f20b"": ""72.0/12636.2/12235.8/130"", ""db13e804-57e3-4b70-9673-55fbb8619052"": ""67.7/12133.6/11934.1/123""}}","{""men"": {}, ""women"": {""3e3062a6-5196-44cc-b519-5f971587647c"": ""77.5/12837.7/10939.8/148"", ""230daf02-3d2c-406e-9e5e-c9db7e5f3ba1"": ""74.6/12636.6/11038.0/142"", ""1b16f9b4-f358-49d5-95db-46999801f20b"": ""72.0/12636.2/12235.8/130"", ""db13e804-57e3-4b70-9673-55fbb8619052"": ""67.7/12133.6/11934.1/123""}}"
800df9c3-345a-40f4-b8d4-f8a9d36639c7,18-hole course,64f589d6-13e4-4efc-a702-f62306bb4ff8,"[16, 14, 2, 6, 4, 18, 10, 8, 12, 15, 9, 7, 17, 1, 5, 13, 3, 11]","{""men"": {""0224c5ce-1303-4270-a9ff-d7a3d731758e"": ""70.1/12735.1/12735.1/127"", ""665d803e-f8cc-4893-88dd-559f0aee776b"": ""66.6/11833.3/11833.3/118""}, ""women"": {""0224c5ce-1303-4270-a9ff-d7a3d731758e"": ""---"", ""665d803e-f8cc-4893-88dd-559f0aee776b"": ""72.2/13236.1/13236.1/132""}}","{""men"": {}, ""women"": {""0224c5ce-1303-4270-a9ff-d7a3d731758e"": ""---"", ""665d803e-f8cc-4893-88dd-559f0aee776b"": ""72.2/13236.1/13236.1/132""}}"
18d95267-a4d8-442f-a2d7-c8029e9733fe,18-hole course,4497edeb-d16a-4d57-a61f-2fbcc25f33cd,"[4, 16, 10, 6, 18, 12, 8, 14, 2, 11, 5, 9, 3, 1, 17, 7, 13, 15]","{""men"": {""71226867-5eff-47e0-92d4-767292cf878c"": ""72.0/12436.0/12436.0/124"", ""a191d5ac-826b-4986-acb5-c0ecb8f3d734"": ""70.0/12135.0/12135.0/121"", ""22a7df18-3f04-443b-8339-53764a81adb9"": ""66.3/10833.2/10833.1/108""}, ""women"": {""71226867-5eff-47e0-92d4-767292cf878c"": ""78.6/14139.3/14139.3/141"", ""a191d5ac-826b-4986-acb5-c0ecb8f3d734"": ""75.8/13137.9/13137.9/131"", ""22a7df18-3f04-443b-8339-53764a81adb9"": ""70.9/12435.5/12435.4/124""}}","{""men"": {}, ""women"": {""71226867-5eff-47e0-92d4-767292cf878c"": ""78.6/14139.3/14139.3/141"", ""a191d5ac-826b-4986-acb5-c0ecb8f3d734"": ""75.8/13137.9/13137.9/131"", ""22a7df18-3f04-443b-8339-53764a81adb9"": ""70.9/12435.5/12435.4/124""}}"
d77d1336-355e-4d80-9d0b-e2d099a47bdf,P&P,4497edeb-d16a-4d57-a61f-2fbcc25f33cd,"[15, 13, 9, 11, 1, 7, 3, 17, 5]","{""men"": {""b2e1b728-a3ba-4d4c-bf45-129e863a15ca"": ""51.1/6325.6/63"", ""bea0a845-6da9-41a2-afd6-532a49c1e1fe"": ""--""}, ""women"": {""b2e1b728-a3ba-4d4c-bf45-129e863a15ca"": ""51.1/6325.6/63"", ""bea0a845-6da9-41a2-afd6-532a49c1e1fe"": ""\u00a0""}}","{""men"": {}, ""women"": {""b2e1b728-a3ba-4d4c-bf45-129e863a15ca"": ""51.1/6325.6/63"", ""bea0a845-6da9-41a2-afd6-532a49c1e1fe"": ""\u00a0""}}"
356a82b4-7ec6-4132-a12a-c3e2a2eed4c4,18-holes course,ec64e71a-cbdc-4ad2-b067-545d61da3bfa,"[17, 3, 15, 9, 5, 7, 1, 13, 11, 4, 12, 2, 14, 16, 18, 8, 6, 10]","{""men"": {""7fe7a1f7-69f7-41d1-b6cc-775f30be1931"": ""73.1/13836.6/13836.6/138"", ""9e88d5a7-5a83-4985-8798-9d638fb33e34"": ""70.5/13635.3/13635.3/136"", ""8a607969-37f3-4f99-b818-4c9ce288869e"": ""---"", ""214900a7-58b6-4936-8174-424193ba2fc5"": ""---""}, ""women"": {""7fe7a1f7-69f7-41d1-b6cc-775f30be1931"": ""---"", ""9e88d5a7-5a83-4985-8798-9d638fb33e34"": ""---"", ""8a607969-37f3-4f99-b818-4c9ce288869e"": ""74.4/13537.2/13537.2/135"", ""214900a7-58b6-4936-8174-424193ba2fc5"": ""71.6/12935.8/12935.8/129""}}","{""men"": {}, ""women"": {""7fe7a1f7-69f7-41d1-b6cc-775f30be1931"": ""---"", ""9e88d5a7-5a83-4985-8798-9d638fb33e34"": ""---"", ""8a607969-37f3-4f99-b818-4c9ce288869e"": ""74.4/13537.2/13537.2/135"", ""214900a7-58b6-4936-8174-424193ba2fc5"": ""71.6/12935.8/12935.8/129""}}"
36d3fa74-bfcd-40f0-ad12-de7d7bfddebc,Par3,ec64e71a-cbdc-4ad2-b067-545d61da3bfa,"[8, 4, 16, 2, 18, 5, 6, 12, 9, 3, 14, 10, 13, 17, 15, 7, 11, 1]","{""men"": {""6f039b49-fcb6-4b3f-a0e1-6abb41bc0df7"": ""50.9/6525.3/6425.6/66""}, ""women"": {""6f039b49-fcb6-4b3f-a0e1-6abb41bc0df7"": ""52.7/7726.1/7726.6/77""}}","{""men"": {}, ""women"": {""6f039b49-fcb6-4b3f-a0e1-6abb41bc0df7"": ""52.7/7726.1/7726.6/77""}}"
9d4bcb8c-915c-43ea-b199-30b5f5abc67c,Aravell golf,caaffd12-3c94-430c-9deb-d12092896087,"[2, 10, 18, 16, 12, 6, 8, 4, 14, 3, 7, 13, 15, 9, 5, 1, 17, 11]","{""men"": {""2b0734d7-339d-4679-a583-623b2a9a5510"": ""72.5/13536.3/13536.3/135"", ""fa020324-d741-41bd-88c2-a4d21546e35b"": ""70.9/13335.5/13335.5/133"", ""7f90fb2b-a539-4191-bc5e-7f787c59e1bf"": ""---"", ""0062cbf2-db5f-4a7e-9808-156f27de55b8"": ""---""}, ""women"": {""2b0734d7-339d-4679-a583-623b2a9a5510"": ""---"", ""fa020324-d741-41bd-88c2-a4d21546e35b"": ""---"", ""7f90fb2b-a539-4191-bc5e-7f787c59e1bf"": ""73.7/13436.9/13436.9/134"", ""0062cbf2-db5f-4a7e-9808-156f27de55b8"": ""71.9/12636.0/12636.0/126""}}","{""men"": {}, ""women"": {""2b0734d7-339d-4679-a583-623b2a9a5510"": ""---"", ""fa020324-d741-41bd-88c2-a4d21546e35b"": ""---"", ""7f90fb2b-a539-4191-bc5e-7f787c59e1bf"": ""73.7/13436.9/13436.9/134"", ""0062cbf2-db5f-4a7e-9808-156f27de55b8"": ""71.9/12636.0/12636.0/126""}}"
6b3924c4-c8d4-4354-af34-a8c70ce03c0e,18-hole course,46a24713-46fb-478d-89a4-0364d83fe9dc,"[12, 18, 14, 6, 4, 10, 16, 2, 8, 9, 11, 5, 1, 15, 17, 7, 13, 3]","{""men"": {""17f30ec0-6a40-4856-b91d-41e77ad0391d"": ""75.9/13738.0/13737.9/137"", ""77a89dd0-d67c-4133-803a-c40adc89111d"": ""73.3/13136.7/13136.6/131"", ""6086f314-01c6-453d-9d1c-c054e0d66e82"": ""70.7/12535.4/12535.3/125"", ""fd31db4c-244c-4f24-8521-cc8b4406c17e"": ""67.4/11533.7/11533.7/115"", ""fa293f31-e1e2-40aa-a106-f179024f9293"": ""64.9/10932.5/10932.4/109""}, ""women"": {""17f30ec0-6a40-4856-b91d-41e77ad0391d"": ""---"", ""77a89dd0-d67c-4133-803a-c40adc89111d"": ""---"", ""6086f314-01c6-453d-9d1c-c054e0d66e82"": ""---"", ""fd31db4c-244c-4f24-8521-cc8b4406c17e"": ""73.2/12636.6/12636.6/126"", ""fa293f31-e1e2-40aa-a106-f179024f9293"": ""70.2/12035.1/12035.1/120""}}","{""men"": {}, ""women"": {""17f30ec0-6a40-4856-b91d-41e77ad0391d"": ""---"", ""77a89dd0-d67c-4133-803a-c40adc89111d"": ""---"", ""6086f314-01c6-453d-9d1c-c054e0d66e82"": ""---"", ""fd31db4c-244c-4f24-8521-cc8b4406c17e"": ""73.2/12636.6/12636.6/126"", ""fa293f31-e1e2-40aa-a106-f179024f9293"": ""70.2/12035.1/12035.1/120""}}"
d8f48a9d-d5cd-49af-b124-0856c2c1cdfa,9-hole course,b1ccbfc7-1f82-4a33-bedf-d54a3fee98eb,"[17, 3, 7, 9, 11, 15, 5, 13, 1]","{""men"": {""17a0adee-baad-4b38-bbb0-78c7bccba4f6"": ""--"", ""da6cf771-dead-419c-a6b5-08f04077c914"": ""--""}, ""women"": {""17a0adee-baad-4b38-bbb0-78c7bccba4f6"": ""--"", ""da6cf771-dead-419c-a6b5-08f04077c914"": ""--""}}","{""men"": {}, ""women"": {""17a0adee-baad-4b38-bbb0-78c7bccba4f6"": ""--"", ""da6cf771-dead-419c-a6b5-08f04077c914"": ""--""}}"
5759b501-1b0b-4596-8c97-14be8da5ccc7,9 hoyos,cb6d11d7-1ff3-4919-887c-d709501ef65f,"[9, 17, 1, 7, 3, 15, 5, 13, 11]","{""men"": {""113ab86f-d816-49d7-8d00-5174cc40e90f"": ""57.2/8928.6/89""}, ""women"": {""113ab86f-d816-49d7-8d00-5174cc40e90f"": ""57.2/8928.6/89""}}","{""men"": {}, ""women"": {""113ab86f-d816-49d7-8d00-5174cc40e90f"": ""57.2/8928.6/89""}}"
ee65fdcd-2ff0-4024-ba80-0d4eb4cdf869,New Course,d1d5f718-206d-433d-b62c-e37f0d82d87a,"[10, 6, 14, 8, 18, 4, 16, 2, 12, 9, 13, 5, 11, 1, 15, 7, 17, 3]","{""men"": {""d9c744a8-d67b-4528-a71c-603459b54771"": ""68.4/12234.2/12234.2/122"", ""cc1c34a0-beae-47c2-9ee9-b5e7e4527ff3"": ""66.1/11833.1/11833.1/118"", ""200759e4-100b-4011-b98e-5a3248e92a7a"": ""64.9/11632.5/11632.5/116""}, ""women"": {""d9c744a8-d67b-4528-a71c-603459b54771"": ""73.5/13136.8/13136.8/131"", ""cc1c34a0-beae-47c2-9ee9-b5e7e4527ff3"": ""70.6/12435.3/12435.3/124"", ""200759e4-100b-4011-b98e-5a3248e92a7a"": ""69.1/12234.6/12234.6/122""}}","{""men"": {}, ""women"": {""d9c744a8-d67b-4528-a71c-603459b54771"": ""73.5/13136.8/13136.8/131"", ""cc1c34a0-beae-47c2-9ee9-b5e7e4527ff3"": ""70.6/12435.3/12435.3/124"", ""200759e4-100b-4011-b98e-5a3248e92a7a"": ""69.1/12234.6/12234.6/122""}}"
05ac36d3-598a-4491-93f4-95038a23677a,Old Course,d1d5f718-206d-433d-b62c-e37f0d82d87a,"[10, 14, 4, 2, 16, 8, 18, 12, 6, 17, 13, 1, 5, 3, 9, 7, 15, 11]","{""men"": {""3880faaa-cf62-4179-9459-4054b8a330a0"": ""74.3/13737.2/13737.1/137"", ""95117c51-7e72-4e3c-ae68-cdc7f6d90bd9"": ""71.2/13535.6/13535.6/135"", ""35c74803-ed85-4865-ac95-05083bbe39ce"": ""68.6/12834.3/12834.3/128"", ""c04a7417-c81f-4ede-bd68-0497795860d5"": ""\u00a0""}, ""women"": {""3880faaa-cf62-4179-9459-4054b8a330a0"": ""81.0/14740.5/14740.5/147"", ""95117c51-7e72-4e3c-ae68-cdc7f6d90bd9"": ""77.8/13738.9/13738.9/137"", ""35c74803-ed85-4865-ac95-05083bbe39ce"": ""74.4/13037.2/13037.2/130"", ""c04a7417-c81f-4ede-bd68-0497795860d5"": ""\u00a0""}}","{""men"": {}, ""women"": {""3880faaa-cf62-4179-9459-4054b8a330a0"": ""81.0/14740.5/14740.5/147"", ""95117c51-7e72-4e3c-ae68-cdc7f6d90bd9"": ""77.8/13738.9/13738.9/137"", ""35c74803-ed85-4865-ac95-05083bbe39ce"": ""74.4/13037.2/13037.2/130"", ""c04a7417-c81f-4ede-bd68-0497795860d5"": ""\u00a0""}}"
5909caa5-9140-4754-a61c-77d0b3c3158d,Augas Santas Golf,1c785d74-0489-433e-bbb0-3b7d4c6f28e4,"[7, 1, 9, 3, 17, 13, 5, 11, 15, 14, 18, 8, 4, 10, 2, 12, 6, 16]","{""men"": {""1c59d976-0414-4f1f-873f-d912dfff3508"": ""---"", ""9408b6d3-f45b-4dd2-a406-56a86277e578"": ""69.3/13234.7/13234.6/132"", ""48f72379-c7ac-4889-b7da-593478175535"": ""---"", ""c648c8ca-2a54-4109-92ab-e311810048c8"": ""---""}, ""women"": {""1c59d976-0414-4f1f-873f-d912dfff3508"": ""---"", ""9408b6d3-f45b-4dd2-a406-56a86277e578"": ""---"", ""48f72379-c7ac-4889-b7da-593478175535"": ""---"", ""c648c8ca-2a54-4109-92ab-e311810048c8"": ""69.7/12934.9/12934.8/129""}}","{""men"": {}, ""women"": {""1c59d976-0414-4f1f-873f-d912dfff3508"": ""---"", ""9408b6d3-f45b-4dd2-a406-56a86277e578"": ""---"", ""48f72379-c7ac-4889-b7da-593478175535"": ""---"", ""c648c8ca-2a54-4109-92ab-e311810048c8"": ""69.7/12934.9/12934.8/129""}}"
dc333ef0-9719-4769-a321-38355c01aff5,18-hole course,d8ef380c-064a-470c-ad0d-1a945e8a3b6c,"[3, 7, 5, 13, 1, 15, 11, 9, 17, 18, 10, 2, 12, 16, 14, 6, 8, 4]","{""men"": {""61ef4560-7c27-4c01-a3e4-0081c6e1f147"": ""71.8/12935.9/12935.9/129"", ""95c5849a-85c4-4647-a6e0-578ecaef857e"": ""70.1/12735.1/12735.0/127"", ""d3205249-2191-4e4f-a7b3-30b9eb2167e5"": ""67.2/12133.6/12133.6/121"", ""b7a4cbbf-2d5f-4d90-bdbe-67c18e1c89cd"": ""65.0/11532.5/11532.5/115""}, ""women"": {""61ef4560-7c27-4c01-a3e4-0081c6e1f147"": ""77.1/13838.6/13838.5/138"", ""95c5849a-85c4-4647-a6e0-578ecaef857e"": ""74.5/13237.3/13237.2/132"", ""d3205249-2191-4e4f-a7b3-30b9eb2167e5"": ""71.7/12735.9/12735.8/127"", ""b7a4cbbf-2d5f-4d90-bdbe-67c18e1c89cd"": ""69.1/12434.6/12434.5/124""}}","{""men"": {}, ""women"": {""61ef4560-7c27-4c01-a3e4-0081c6e1f147"": ""77.1/13838.6/13838.5/138"", ""95c5849a-85c4-4647-a6e0-578ecaef857e"": ""74.5/13237.3/13237.2/132"", ""d3205249-2191-4e4f-a7b3-30b9eb2167e5"": ""71.7/12735.9/12735.8/127"", ""b7a4cbbf-2d5f-4d90-bdbe-67c18e1c89cd"": ""69.1/12434.6/12434.5/124""}}"
84351b51-bff7-48e2-a81f-d4947e2cd441,18-hole course,6fd33c30-5a60-4f11-802d-144d76f67902,"[16, 17, 3, 11, 15, 7, 13, 1, 9, 5, 8, 10, 4, 12, 18, 2, 6, 14]","{""men"": {""67cc9e06-7fb9-41aa-8f66-026260f132aa"": ""72.0/13736.0/13736.0/137"", ""9fe7af5a-4640-4158-9cbf-e2fd58f23511"": ""71.1/13535.6/13535.5/135"", ""730c6b09-6fc0-46fb-8a90-7a37c0f9bd2a"": ""68.1/12634.1/12634.0/126"", ""b8ebbe55-5dfa-4b20-bd82-4194b9f22e42"": ""66.8/12233.4/12233.4/122""}, ""women"": {""67cc9e06-7fb9-41aa-8f66-026260f132aa"": ""---"", ""9fe7af5a-4640-4158-9cbf-e2fd58f23511"": ""---"", ""730c6b09-6fc0-46fb-8a90-7a37c0f9bd2a"": ""73.3/13536.7/13536.6/135"", ""b8ebbe55-5dfa-4b20-bd82-4194b9f22e42"": ""72.1/13036.1/13036.0/130""}}","{""men"": {}, ""women"": {""67cc9e06-7fb9-41aa-8f66-026260f132aa"": ""---"", ""9fe7af5a-4640-4158-9cbf-e2fd58f23511"": ""---"", ""730c6b09-6fc0-46fb-8a90-7a37c0f9bd2a"": ""73.3/13536.7/13536.6/135"", ""b8ebbe55-5dfa-4b20-bd82-4194b9f22e42"": ""72.1/13036.1/13036.0/130""}}"
83941f2b-c10e-4e25-9ac6-853c1f7dcdd6,Campo de Golf Los Balagares,3d412649-b028-4bdf-b2a4-7f9d6a48c626,"[3, 15, 1, 7, 13, 5, 17, 14, 9, 10, 11, 8, 18, 12, 16, 2, 6, 4]","{""men"": {""6121137e-eeec-4033-b370-f8fe2d2f233b"": ""---"", ""ec2991c4-5c29-4d64-a09b-02301cc764c2"": ""---"", ""9dc56fad-b797-4557-9d9c-77c0ddfdef2c"": ""---"", ""42f37f2f-2945-4b77-b517-65be11bb7b02"": ""---""}, ""women"": {""6121137e-eeec-4033-b370-f8fe2d2f233b"": ""---"", ""ec2991c4-5c29-4d64-a09b-02301cc764c2"": ""---"", ""9dc56fad-b797-4557-9d9c-77c0ddfdef2c"": ""---"", ""42f37f2f-2945-4b77-b517-65be11bb7b02"": ""---""}}","{""men"": {}, ""women"": {""6121137e-eeec-4033-b370-f8fe2d2f233b"": ""---"", ""ec2991c4-5c29-4d64-a09b-02301cc764c2"": ""---"", ""9dc56fad-b797-4557-9d9c-77c0ddfdef2c"": ""---"", ""42f37f2f-2945-4b77-b517-65be11bb7b02"": ""---""}}"
84086da2-1473-47b7-80c0-dad128d44ef5,18-hole course,fc56036a-d794-455e-a63a-6430fc38c8bc,"[13, 11, 5, 7, 17, 9, 1, 15, 3, 14, 12, 4, 16, 18, 8, 10, 6, 2]","{""men"": {""f96c5ef9-5191-45cb-9ec9-e56bf0323877"": ""72.1/12936.9/12635.2/131"", ""d604483d-2419-44d5-95f8-25677f631e2c"": ""70.6/12836.0/12534.6/130"", ""4c0b4a0c-c790-4f2a-b77a-151b0ba42ae7"": ""68.2/12134.6/12133.6/121"", ""03e49c40-0a1a-4c15-b2d0-3778f14cb2bd"": ""66.7/11634.0/11732.7/114""}, ""women"": {""f96c5ef9-5191-45cb-9ec9-e56bf0323877"": ""77.0/13139.1/13337.9/128"", ""d604483d-2419-44d5-95f8-25677f631e2c"": ""75.3/12838.2/12837.1/127"", ""4c0b4a0c-c790-4f2a-b77a-151b0ba42ae7"": ""73.0/12737.1/12735.9/126"", ""03e49c40-0a1a-4c15-b2d0-3778f14cb2bd"": ""71.5/12736.5/12735.0/127""}}","{""men"": {}, ""women"": {""f96c5ef9-5191-45cb-9ec9-e56bf0323877"": ""77.0/13139.1/13337.9/128"", ""d604483d-2419-44d5-95f8-25677f631e2c"": ""75.3/12838.2/12837.1/127"", ""4c0b4a0c-c790-4f2a-b77a-151b0ba42ae7"": ""73.0/12737.1/12735.9/126"", ""03e49c40-0a1a-4c15-b2d0-3778f14cb2bd"": ""71.5/12736.5/12735.0/127""}}"
38f238cd-9c6b-4f5b-b744-f38625b4b63f,9-hole course,156635ce-925f-4ebd-87de-5ff1bb8945ce,"[1, 3, 5, 7, 9, 11, 13, 15, 17]","{""men"": {""ee940c5d-59f3-4af8-9c7c-ccb060a41a3d"": ""--"", ""284b9d34-567e-4fca-b8b4-004a48b89a16"": ""--""}, ""women"": {""ee940c5d-59f3-4af8-9c7c-ccb060a41a3d"": ""--"", ""284b9d34-567e-4fca-b8b4-004a48b89a16"": ""--""}}","{""men"": {}, ""women"": {""ee940c5d-59f3-4af8-9c7c-ccb060a41a3d"": ""--"", ""284b9d34-567e-4fca-b8b4-004a48b89a16"": ""--""}}"
64895b4a-abc5-4589-9629-590f4cc50b59,Barberán,3ad4a89e-7467-4894-b33d-d462928d82a3,"[3, 11, 1, 5, 9, 13, 15, 17, 7]","{""men"": {""d775fad9-9e08-4b48-9273-5ba5becf20be"": ""71.4/13235.7/132"", ""922c2a53-540c-4ad5-b41f-975378895404"": ""68.6/12134.3/121"", ""9a1b2fec-6aca-4ee6-a800-917c491ebcd0"": ""65.0/10532.5/105""}, ""women"": {""d775fad9-9e08-4b48-9273-5ba5becf20be"": ""78.0/14439.0/144"", ""922c2a53-540c-4ad5-b41f-975378895404"": ""73.2/13036.6/130"", ""9a1b2fec-6aca-4ee6-a800-917c491ebcd0"": ""69.2/12734.6/127""}}","{""men"": {}, ""women"": {""d775fad9-9e08-4b48-9273-5ba5becf20be"": ""78.0/14439.0/144"", ""922c2a53-540c-4ad5-b41f-975378895404"": ""73.2/13036.6/130"", ""9a1b2fec-6aca-4ee6-a800-917c491ebcd0"": ""69.2/12734.6/127""}}"
9a14b1b8-e3e7-41ee-85eb-f30f1395361d,18-hole course,fd5a30fb-c255-4b53-abc2-731ef86f0c87,"[17, 11, 3, 12, 7, 13, 9, 8, 4, 5, 14, 15, 2, 18, 1, 16, 6, 10]","{""men"": {""6c51b70d-6250-46ce-83c8-4e4736ce379f"": ""74.5/13237.3/13237.2/132"", ""f680f761-3dac-4b9d-9471-c8a282d665f3"": ""72.6/13236.3/13236.3/132"", ""375f32f3-cdcb-42c0-a376-01345bd49ef3"": ""70.0/12935.0/12935.0/129"", ""d68749aa-d5c0-4eb3-bd22-3ab7636af36f"": ""68.1/12034.1/12034.0/120"", ""c232d1e2-897d-4d4a-a029-387958cbab81"": ""65.4/10932.7/10932.7/109""}, ""women"": {""6c51b70d-6250-46ce-83c8-4e4736ce379f"": ""81.1/14240.6/14240.5/142"", ""f680f761-3dac-4b9d-9471-c8a282d665f3"": ""78.7/13739.4/13739.3/137"", ""375f32f3-cdcb-42c0-a376-01345bd49ef3"": ""75.6/13237.8/13237.8/132"", ""d68749aa-d5c0-4eb3-bd22-3ab7636af36f"": ""73.1/13136.6/13136.5/131"", ""c232d1e2-897d-4d4a-a029-387958cbab81"": ""69.2/12634.6/12634.6/126""}}","{""men"": {}, ""women"": {""6c51b70d-6250-46ce-83c8-4e4736ce379f"": ""81.1/14240.6/14240.5/142"", ""f680f761-3dac-4b9d-9471-c8a282d665f3"": ""78.7/13739.4/13739.3/137"", ""375f32f3-cdcb-42c0-a376-01345bd49ef3"": ""75.6/13237.8/13237.8/132"", ""d68749aa-d5c0-4eb3-bd22-3ab7636af36f"": ""73.1/13136.6/13136.5/131"", ""c232d1e2-897d-4d4a-a029-387958cbab81"": ""69.2/12634.6/12634.6/126""}}"
9b0276ff-9540-4fd4-b820-096558582ade,18-hole course,91038ed5-6dac-4218-8112-c81a13cf905e,"[1, 2, 3, 4, 5, 6, 7, 8, 9, 10, 11, 12, 13, 14, 15, 16, 17, 18]","{""men"": {""241203f3-4923-4ab2-b74a-d497e5bbbb44"": ""---"", ""4df59ca4-6f07-4dd8-bd13-6774674fb6d4"": ""---"", ""35f58a56-f050-4a8c-8b67-8b806f23f630"": ""---"", ""d4beb065-6a33-4509-88fb-8afaa14a6a4d"": ""---""}, ""women"": {""241203f3-4923-4ab2-b74a-d497e5bbbb44"": ""---"", ""4df59ca4-6f07-4dd8-bd13-6774674fb6d4"": ""---"", ""35f58a56-f050-4a8c-8b67-8b806f23f630"": ""---"", ""d4beb065-6a33-4509-88fb-8afaa14a6a4d"": ""---""}}","{""men"": {}, ""women"": {""241203f3-4923-4ab2-b74a-d497e5bbbb44"": ""---"", ""4df59ca4-6f07-4dd8-bd13-6774674fb6d4"": ""---"", ""35f58a56-f050-4a8c-8b67-8b806f23f630"": ""---"", ""d4beb065-6a33-4509-88fb-8afaa14a6a4d"": ""---""}}"
d0f8bfd1-292c-4737-a246-86d2a22f311b,18-hole course,17d87a7a-ef92-40e7-af9e-e2fda69c6af2,"[15, 11, 7, 3, 5, 13, 9, 17, 1, 16, 12, 10, 6, 4, 14, 8, 2, 18]","{""men"": {""c4a6771f-1caf-48a3-b585-fafbf6651a2b"": ""73.3/13636.7/13636.6/136"", ""2ed315f8-a64d-4c1c-8d92-7906cd9c54ab"": ""71.0/13535.5/13535.5/135"", ""ba9d4e2a-fbdb-4164-a1bb-da34bd4b1e36"": ""68.5/13034.3/13034.2/130"", ""3c523507-72ec-4cff-b022-cd3779b3de9c"": ""65.7/11332.9/11332.8/113""}, ""women"": {""c4a6771f-1caf-48a3-b585-fafbf6651a2b"": ""80.1/14540.1/14540.0/145"", ""2ed315f8-a64d-4c1c-8d92-7906cd9c54ab"": ""77.8/14238.9/14238.9/142"", ""ba9d4e2a-fbdb-4164-a1bb-da34bd4b1e36"": ""74.5/13437.3/13437.2/134"", ""3c523507-72ec-4cff-b022-cd3779b3de9c"": ""69.9/13035.0/13034.9/130""}}","{""men"": {}, ""women"": {""c4a6771f-1caf-48a3-b585-fafbf6651a2b"": ""80.1/14540.1/14540.0/145"", ""2ed315f8-a64d-4c1c-8d92-7906cd9c54ab"": ""77.8/14238.9/14238.9/142"", ""ba9d4e2a-fbdb-4164-a1bb-da34bd4b1e36"": ""74.5/13437.3/13437.2/134"", ""3c523507-72ec-4cff-b022-cd3779b3de9c"": ""69.9/13035.0/13034.9/130""}}"
cdf37efb-a087-4224-8ebd-d0238509b0ce,Captain Jake Dennis,95abf0ee-7830-44f0-b9f7-7b49e0c896ee,"[17, 7, 11, 1, 3, 13, 5, 9, 15, 6, 12, 4, 10, 8, 16, 14, 2, 18]","{""men"": {""13e8a7b2-950a-495d-86b5-f62787bb611e"": ""71.3/12435.7/12435.7/124"", ""bc972f2d-e523-4c3d-ac10-72395f9dcc0a"": ""70.3/12235.2/12235.2/122"", ""e745ea85-8240-43ab-b239-bc79bba0bb41"": ""---"", ""58698eb8-f662-4f7e-999c-e2cd005e1d00"": ""---""}, ""women"": {""13e8a7b2-950a-495d-86b5-f62787bb611e"": ""---"", ""bc972f2d-e523-4c3d-ac10-72395f9dcc0a"": ""---"", ""e745ea85-8240-43ab-b239-bc79bba0bb41"": ""71.2/12135.6/12135.6/121"", ""58698eb8-f662-4f7e-999c-e2cd005e1d00"": ""68.9/11334.5/11334.5/113""}}","{""men"": {}, ""women"": {""13e8a7b2-950a-495d-86b5-f62787bb611e"": ""---"", ""bc972f2d-e523-4c3d-ac10-72395f9dcc0a"": ""---"", ""e745ea85-8240-43ab-b239-bc79bba0bb41"": ""71.2/12135.6/12135.6/121"", ""58698eb8-f662-4f7e-999c-e2cd005e1d00"": ""68.9/11334.5/11334.5/113""}}"
235067ae-147a-4544-8d95-25b4265dccf7,Baviera,f5377f48-39b9-4cfb-bd0e-c6e6ca21152e,"[17, 12, 18, 2, 6, 5, 13, 16, 4, 11, 8, 1, 9, 7, 14, 10, 3, 15]","{""men"": {""d8bdf819-6ecb-40d9-a317-65a547deb253"": ""70.3/13035.2/13035.2/130"", ""59d0b737-1198-40be-9005-0ac5cfcff447"": ""69.0/12634.5/12634.5/126"", ""54d2b3f0-996d-41f5-8f65-828471b3f15b"": ""67.6/12733.8/12733.8/127"", ""ce84d8ec-fad8-4dc1-b45b-0f7b9322bb10"": ""66.2/12333.1/12333.1/123""}, ""women"": {""d8bdf819-6ecb-40d9-a317-65a547deb253"": ""76.7/13038.4/13038.4/130"", ""59d0b737-1198-40be-9005-0ac5cfcff447"": ""74.8/12837.4/12837.4/128"", ""54d2b3f0-996d-41f5-8f65-828471b3f15b"": ""73.2/13336.6/13336.6/133"", ""ce84d8ec-fad8-4dc1-b45b-0f7b9322bb10"": ""71.0/13135.5/13135.5/131""}}","{""men"": {}, ""women"": {""d8bdf819-6ecb-40d9-a317-65a547deb253"": ""76.7/13038.4/13038.4/130"", ""59d0b737-1198-40be-9005-0ac5cfcff447"": ""74.8/12837.4/12837.4/128"", ""54d2b3f0-996d-41f5-8f65-828471b3f15b"": ""73.2/13336.6/13336.6/133"", ""ce84d8ec-fad8-4dc1-b45b-0f7b9322bb10"": ""71.0/13135.5/13135.5/131""}}"
4767378c-58ce-457e-b269-21f8b2b10266,18-hole course,31b81726-9ce2-4f86-b821-b0b3021a3a94,"[4, 10, 18, 2, 12, 8, 14, 6, 16, 13, 11, 15, 9, 1, 17, 3, 7, 5]","{""men"": {""c0b480ea-e49a-4e80-b513-61dbb2c70cb4"": ""71.3/13335.7/13335.6/133"", ""73fb2632-d198-43ae-a0f5-1b9f63937d6d"": ""69.7/13134.9/13134.8/131"", ""bc5b40ec-723f-45c3-90bf-0356f569ab2c"": ""67.8/12433.9/12433.9/124"", ""7b04a984-1124-4801-a617-3f7fc6b7e02e"": ""65.8/12032.9/12032.9/120""}, ""women"": {""c0b480ea-e49a-4e80-b513-61dbb2c70cb4"": ""77.0/13138.5/13138.5/131"", ""73fb2632-d198-43ae-a0f5-1b9f63937d6d"": ""75.3/12737.7/12737.6/127"", ""bc5b40ec-723f-45c3-90bf-0356f569ab2c"": ""72.9/12536.5/12536.4/125"", ""7b04a984-1124-4801-a617-3f7fc6b7e02e"": ""70.6/12535.3/12535.3/125""}}","{""men"": {}, ""women"": {""c0b480ea-e49a-4e80-b513-61dbb2c70cb4"": ""77.0/13138.5/13138.5/131"", ""73fb2632-d198-43ae-a0f5-1b9f63937d6d"": ""75.3/12737.7/12737.6/127"", ""bc5b40ec-723f-45c3-90bf-0356f569ab2c"": ""72.9/12536.5/12536.4/125"", ""7b04a984-1124-4801-a617-3f7fc6b7e02e"": ""70.6/12535.3/12535.3/125""}}"
45edef32-b9b6-4237-af94-f928960fa1b3,9-hole course,006f32ab-b906-4bab-8ec5-1b5275dac2a4,"[13, 17, 11, 15, 3, 5, 9, 1, 7]","{""men"": {""dfd95db5-2383-471d-baa9-7eb63d0c97cf"": ""50.1/6325.1/63""}, ""women"": {""dfd95db5-2383-471d-baa9-7eb63d0c97cf"": ""51.6/6925.8/69""}}","{""men"": {}, ""women"": {""dfd95db5-2383-471d-baa9-7eb63d0c97cf"": ""51.6/6925.8/69""}}"
eddbfb30-75df-44fb-b090-da52f9bdebdc,Bilbao golf (deleted),8e314621-6179-4e66-ace2-cd82bbd9656a,"[1, 15, 13, 7, 11, 9, 17, 3, 5, 2, 16, 14, 8, 12, 10, 18, 4, 6]","{""men"": {""3d82f044-6cb7-4c4e-a593-5419af813e7b"": ""62.9/11831.5/11831.5/118"", ""bf92f930-172c-4742-8991-feedae91c46f"": ""62.3/10931.2/10931.2/109"", ""0eee37f3-ee85-4c6f-b6f7-745a4e5722a5"": ""---"", ""153da302-3c25-415b-b6de-d7bd0c6cd3ff"": ""---""}, ""women"": {""3d82f044-6cb7-4c4e-a593-5419af813e7b"": ""---"", ""bf92f930-172c-4742-8991-feedae91c46f"": ""---"", ""0eee37f3-ee85-4c6f-b6f7-745a4e5722a5"": ""---"", ""153da302-3c25-415b-b6de-d7bd0c6cd3ff"": ""---""}}","{""men"": {}, ""women"": {""3d82f044-6cb7-4c4e-a593-5419af813e7b"": ""---"", ""bf92f930-172c-4742-8991-feedae91c46f"": ""---"", ""0eee37f3-ee85-4c6f-b6f7-745a4e5722a5"": ""---"", ""153da302-3c25-415b-b6de-d7bd0c6cd3ff"": ""---""}}"
aa658142-2186-4200-b81c-ae2fd08f42a1,18-hole course,1544eab2-7b90-4a2f-86bf-835ceac9c3f5,"[7, 17, 15, 9, 13, 3, 1, 5, 11, 18, 2, 16, 12, 10, 8, 6, 4, 14]","{""men"": {""900ba143-d359-4a07-946d-2a63d2f2a61f"": ""71.9/13036.0/13035.9/130"", ""079a2e2b-5224-4d6b-b00e-272930ba0e93"": ""70.6/12735.3/12735.3/127"", ""f8e0dab3-71da-4929-be5b-01536a1bf3e9"": ""68.2/12334.1/12334.1/123"", ""f0e0e6d6-8ef2-4cf6-bc67-ba84c53fd7f2"": ""65.9/11733.0/11732.9/117""}, ""women"": {""900ba143-d359-4a07-946d-2a63d2f2a61f"": ""---"", ""079a2e2b-5224-4d6b-b00e-272930ba0e93"": ""---"", ""f8e0dab3-71da-4929-be5b-01536a1bf3e9"": ""73.6/13036.8/13036.8/130"", ""f0e0e6d6-8ef2-4cf6-bc67-ba84c53fd7f2"": ""71.1/12635.6/12635.5/126""}}","{""men"": {}, ""women"": {""900ba143-d359-4a07-946d-2a63d2f2a61f"": ""---"", ""079a2e2b-5224-4d6b-b00e-272930ba0e93"": ""---"", ""f8e0dab3-71da-4929-be5b-01536a1bf3e9"": ""73.6/13036.8/13036.8/130"", ""f0e0e6d6-8ef2-4cf6-bc67-ba84c53fd7f2"": ""71.1/12635.6/12635.5/126""}}"
ead0afa7-6298-41bc-a9f5-0b6fe48d590a,Sotoverde,fb7a980f-fd1a-4d07-9b9b-04a0a4e03a8a,"[16, 9, 8, 13, 11, 3, 18, 6, 2, 10, 17, 12, 15, 1, 14, 4, 5, 7]","{""men"": {""bab1016c-22d8-40d4-a2dc-b48c9ee2f371"": ""---"", ""a5d55a4d-1356-4efa-9a97-85a738709f3b"": ""59.4/10729.7/10729.7/107"", ""da8fac1d-f6c6-4094-b68b-020e25ebf113"": ""---"", ""a9e6b920-693e-4b62-a952-5a4144067a15"": ""---""}, ""women"": {""bab1016c-22d8-40d4-a2dc-b48c9ee2f371"": ""---"", ""a5d55a4d-1356-4efa-9a97-85a738709f3b"": ""---"", ""da8fac1d-f6c6-4094-b68b-020e25ebf113"": ""61.1/10630.6/10630.6/106"", ""a9e6b920-693e-4b62-a952-5a4144067a15"": ""---""}}","{""men"": {}, ""women"": {""bab1016c-22d8-40d4-a2dc-b48c9ee2f371"": ""---"", ""a5d55a4d-1356-4efa-9a97-85a738709f3b"": ""---"", ""da8fac1d-f6c6-4094-b68b-020e25ebf113"": ""61.1/10630.6/10630.6/106"", ""a9e6b920-693e-4b62-a952-5a4144067a15"": ""---""}}"
e68d4ee3-6386-4dae-a5e7-672114db633d,Cabopino,e0982fa0-72f7-410e-b3c8-836b5c2328ad,"[11, 12, 13, 9, 1, 10, 15, 6, 3, 7, 2, 5, 18, 4, 17, 14, 16, 8]","{""men"": {""43775144-826a-4d02-9183-8114d67e47c4"": ""69.1/13034.6/13034.6/130"", ""d30ec970-e369-476f-ad89-c9217789e2cf"": ""67.9/12734.0/12734.0/127"", ""a15ba5f6-d352-4eb5-9f11-c4274d8487d3"": ""65.1/12332.6/12332.6/123""}, ""women"": {""43775144-826a-4d02-9183-8114d67e47c4"": ""---"", ""d30ec970-e369-476f-ad89-c9217789e2cf"": ""72.5/13436.3/13436.3/134"", ""a15ba5f6-d352-4eb5-9f11-c4274d8487d3"": ""70.1/12735.1/12735.1/127""}}","{""men"": {}, ""women"": {""43775144-826a-4d02-9183-8114d67e47c4"": ""---"", ""d30ec970-e369-476f-ad89-c9217789e2cf"": ""72.5/13436.3/13436.3/134"", ""a15ba5f6-d352-4eb5-9f11-c4274d8487d3"": ""70.1/12735.1/12735.1/127""}}"
3d6c4e18-e096-4aee-b84d-a48103f10704,18-hole course,fb93e153-067e-4466-b12c-bc7505959e26,"[1, 2, 3, 4, 5, 6, 7, 8, 9, 10, 11, 12, 13, 14, 15, 16, 17, 18]","{""men"": {""952260b2-e9e9-4609-a235-34f06c9c3f7c"": ""70.7/11535.4/11535.4/115"", ""03eb362d-94a0-4cdc-9e26-b2ad0828172e"": ""---"", ""d944e9af-0619-4f0b-a51e-47f24ead386d"": ""---"", ""912c90bc-daf8-456e-9b10-cd5b39ee3830"": ""---""}, ""women"": {""952260b2-e9e9-4609-a235-34f06c9c3f7c"": ""---"", ""03eb362d-94a0-4cdc-9e26-b2ad0828172e"": ""---"", ""d944e9af-0619-4f0b-a51e-47f24ead386d"": ""---"", ""912c90bc-daf8-456e-9b10-cd5b39ee3830"": ""---""}}","{""men"": {}, ""women"": {""952260b2-e9e9-4609-a235-34f06c9c3f7c"": ""---"", ""03eb362d-94a0-4cdc-9e26-b2ad0828172e"": ""---"", ""d944e9af-0619-4f0b-a51e-47f24ead386d"": ""---"", ""912c90bc-daf8-456e-9b10-cd5b39ee3830"": ""---""}}"
27f9072d-126f-422a-a0a7-82a5f0cd0d1b,18-hole course,28c01e84-9d2d-4217-8800-d02275074abb,"[9, 5, 13, 11, 1, 7, 15, 17, 3, 6, 4, 18, 12, 2, 8, 10, 16, 14]","{""men"": {""001cd761-0dfb-4c7d-82a3-d4a1eeaef2a2"": ""72.1/13636.1/13636.0/136"", ""55108561-1b68-464a-aebc-f900e08bb3f7"": ""71.5/13635.8/13635.7/136"", ""1bf62314-a16a-41e2-8cf8-3ae44b2e8ed0"": ""69.4/13634.7/13634.7/136"", ""f7fa5ab8-f172-45dc-b032-64340b36949b"": ""67.2/12633.6/12633.6/126""}, ""women"": {""001cd761-0dfb-4c7d-82a3-d4a1eeaef2a2"": ""---"", ""55108561-1b68-464a-aebc-f900e08bb3f7"": ""---"", ""1bf62314-a16a-41e2-8cf8-3ae44b2e8ed0"": ""75.3/13737.7/13737.6/137"", ""f7fa5ab8-f172-45dc-b032-64340b36949b"": ""72.6/12936.3/12936.3/129""}}","{""men"": {}, ""women"": {""001cd761-0dfb-4c7d-82a3-d4a1eeaef2a2"": ""---"", ""55108561-1b68-464a-aebc-f900e08bb3f7"": ""---"", ""1bf62314-a16a-41e2-8cf8-3ae44b2e8ed0"": ""75.3/13737.7/13737.6/137"", ""f7fa5ab8-f172-45dc-b032-64340b36949b"": ""72.6/12936.3/12936.3/129""}}"
414ef172-b343-4917-9520-5f5798c04616,9-hole course,e9ef9681-22e5-4f1d-97fa-75e73f9ffb13,"[5, 9, 15, 3, 17, 11, 1, 7, 13]","{""men"": {""cb80a833-0c34-485a-8741-46bad672fa01"": ""--"", ""d5086870-e6d6-4310-ac82-8e9c39bae8a4"": ""71.6/12735.8/127"", ""f844d266-3fa2-4066-8dcb-baa6e065725a"": ""--"", ""0ef27c6a-b962-4660-9216-f88cea287579"": ""--""}, ""women"": {""cb80a833-0c34-485a-8741-46bad672fa01"": ""--"", ""d5086870-e6d6-4310-ac82-8e9c39bae8a4"": ""--"", ""f844d266-3fa2-4066-8dcb-baa6e065725a"": ""--"", ""0ef27c6a-b962-4660-9216-f88cea287579"": ""--""}}","{""men"": {}, ""women"": {""cb80a833-0c34-485a-8741-46bad672fa01"": ""--"", ""d5086870-e6d6-4310-ac82-8e9c39bae8a4"": ""--"", ""f844d266-3fa2-4066-8dcb-baa6e065725a"": ""--"", ""0ef27c6a-b962-4660-9216-f88cea287579"": ""--""}}"
da235821-dacc-4181-8ed4-d011d92f028c,Mas Gallau,f362d869-638b-40d9-b5e0-54b25204288c,"[2, 14, 11, 17, 10, 5, 16, 4, 7, 9, 6, 12, 15, 13, 3, 18, 1, 8]","{""men"": {""6764551a-43cb-444d-954b-fb2dcdd0543e"": ""---"", ""57a890e7-9509-4afa-b3ad-60882dae031b"": ""---"", ""98e9927d-b8b2-4cce-a293-4311c733c200"": ""---"", ""893402a8-1d84-4d8c-8cce-648c9763774b"": ""---""}, ""women"": {""6764551a-43cb-444d-954b-fb2dcdd0543e"": ""---"", ""57a890e7-9509-4afa-b3ad-60882dae031b"": ""---"", ""98e9927d-b8b2-4cce-a293-4311c733c200"": ""---"", ""893402a8-1d84-4d8c-8cce-648c9763774b"": ""---""}}","{""men"": {}, ""women"": {""6764551a-43cb-444d-954b-fb2dcdd0543e"": ""---"", ""57a890e7-9509-4afa-b3ad-60882dae031b"": ""---"", ""98e9927d-b8b2-4cce-a293-4311c733c200"": ""---"", ""893402a8-1d84-4d8c-8cce-648c9763774b"": ""---""}}"
6353a861-d96a-4252-99ec-7508f17e7e46,18-hole course,4d5766e9-b0aa-4a9a-af7a-11e062881795,"[8, 18, 3, 13, 2, 14, 5, 11, 16, 1, 10, 17, 4, 6, 9, 7, 12, 15]","{""men"": {""d0f66ba3-ab2b-4ef8-98f6-6323cd6fe570"": ""73.3/14536.1/14537.2/145"", ""003ece8b-e574-42d5-ba47-37d9ed8fcf59"": ""71.7/14035.3/13836.4/142"", ""25a01f53-1d61-4fe6-9de1-e0b5bd5e27c4"": ""69.8/13834.4/13535.4/140"", ""b1bde08a-2338-407a-9591-b496d289506d"": ""67.0/12833.1/12333.9/132""}, ""women"": {""d0f66ba3-ab2b-4ef8-98f6-6323cd6fe570"": ""---"", ""003ece8b-e574-42d5-ba47-37d9ed8fcf59"": ""---"", ""25a01f53-1d61-4fe6-9de1-e0b5bd5e27c4"": ""75.2/14137.1/13738.1/145"", ""b1bde08a-2338-407a-9591-b496d289506d"": ""71.3/13835.4/13635.9/139""}}","{""men"": {}, ""women"": {""d0f66ba3-ab2b-4ef8-98f6-6323cd6fe570"": ""---"", ""003ece8b-e574-42d5-ba47-37d9ed8fcf59"": ""---"", ""25a01f53-1d61-4fe6-9de1-e0b5bd5e27c4"": ""75.2/14137.1/13738.1/145"", ""b1bde08a-2338-407a-9591-b496d289506d"": ""71.3/13835.4/13635.9/139""}}"
a50610cc-794c-44d0-ae8e-87c7f79558b4,Base Aerea de Zaragoza,649c65b6-1345-49da-be07-b7deb533e88a,"[8, 14, 18, 6, 10, 16, 4, 2, 12, 9, 13, 15, 5, 11, 17, 1, 7, 3]","{""men"": {""809912f8-ee12-4c57-8f36-48e4832bdece"": ""---"", ""bb8aa217-ec6d-400a-a01d-5ed03dd67516"": ""67.5/13133.5/13234.0/131"", ""0836ef62-f356-4950-b8f7-07051590d581"": ""---"", ""9001b344-7020-4102-b770-f5409f343dff"": ""64.2/11631.9/11632.3/117""}, ""women"": {""809912f8-ee12-4c57-8f36-48e4832bdece"": ""---"", ""bb8aa217-ec6d-400a-a01d-5ed03dd67516"": ""---"", ""0836ef62-f356-4950-b8f7-07051590d581"": ""---"", ""9001b344-7020-4102-b770-f5409f343dff"": ""---""}}","{""men"": {}, ""women"": {""809912f8-ee12-4c57-8f36-48e4832bdece"": ""---"", ""bb8aa217-ec6d-400a-a01d-5ed03dd67516"": ""---"", ""0836ef62-f356-4950-b8f7-07051590d581"": ""---"", ""9001b344-7020-4102-b770-f5409f343dff"": ""---""}}"
57b19b9c-d1f4-471f-a995-af2dd63c46da,18-hole course,56b573bf-93de-4e16-b643-a3f50b307f4e,"[18, 8, 4, 10, 16, 2, 6, 12, 14, 15, 9, 3, 11, 13, 1, 17, 5, 7]","{""men"": {""8ea6a176-2247-4425-82a8-7daf060b9485"": ""---"", ""4ddc2921-d5e3-4f40-81eb-cb030dd249a4"": ""66.1/10833.1/10833.0/108"", ""bd919749-1984-4797-8499-d9aa4a0f31ef"": ""62.9/11231.5/11231.4/112"", ""6fa49b0c-e395-417a-b001-1ebff0292496"": ""---""}, ""women"": {""8ea6a176-2247-4425-82a8-7daf060b9485"": ""---"", ""4ddc2921-d5e3-4f40-81eb-cb030dd249a4"": ""---"", ""bd919749-1984-4797-8499-d9aa4a0f31ef"": ""---"", ""6fa49b0c-e395-417a-b001-1ebff0292496"": ""64.1/11532.1/11532.0/115""}}","{""men"": {}, ""women"": {""8ea6a176-2247-4425-82a8-7daf060b9485"": ""---"", ""4ddc2921-d5e3-4f40-81eb-cb030dd249a4"": ""---"", ""bd919749-1984-4797-8499-d9aa4a0f31ef"": ""---"", ""6fa49b0c-e395-417a-b001-1ebff0292496"": ""64.1/11532.1/11532.0/115""}}"
095f2c54-1266-4a72-9add-d9e6ab6fe01d,La cartuja,5d47cf97-de34-401c-aaa0-0c0804590f52,"[3, 5, 15, 13, 9, 17, 1, 11, 7]","{""men"": {""e2b9d85d-10b9-4550-8c2b-de97c41c97c6"": ""--"", ""74960591-c8d9-4675-8575-8214821acc6a"": ""54.8/6627.4/66"", ""997ef0dd-9e33-4640-90c4-26ce898ece1d"": ""--"", ""26a47444-c7c4-49b2-b082-f7de66de1ed1"": ""--""}, ""women"": {""e2b9d85d-10b9-4550-8c2b-de97c41c97c6"": ""--"", ""74960591-c8d9-4675-8575-8214821acc6a"": ""--"", ""997ef0dd-9e33-4640-90c4-26ce898ece1d"": ""--"", ""26a47444-c7c4-49b2-b082-f7de66de1ed1"": ""54.0/7127.0/71""}}","{""men"": {}, ""women"": {""e2b9d85d-10b9-4550-8c2b-de97c41c97c6"": ""--"", ""74960591-c8d9-4675-8575-8214821acc6a"": ""--"", ""997ef0dd-9e33-4640-90c4-26ce898ece1d"": ""--"", ""26a47444-c7c4-49b2-b082-f7de66de1ed1"": ""54.0/7127.0/71""}}"
79c2bfdb-af98-4b23-a82b-2f4e59b46d0c,Ranillas,4c558689-cb23-478d-b3e9-cacf4d8f52f3,"[13, 18, 5, 2, 11, 4, 15, 8, 9, 14, 17, 6, 1, 12, 3, 16, 7, 10]","{""men"": {""591e8c0b-889b-4fa4-a1bf-074be5a66735"": ""---"", ""ba9d683f-110b-49a9-bd69-a5c50a30f94e"": ""---"", ""abc41b29-f51b-4e97-9bdf-0968fa389a30"": ""---"", ""b6ad2244-361a-422c-876d-34b250459fbc"": ""---""}, ""women"": {""591e8c0b-889b-4fa4-a1bf-074be5a66735"": ""---"", ""ba9d683f-110b-49a9-bd69-a5c50a30f94e"": ""---"", ""abc41b29-f51b-4e97-9bdf-0968fa389a30"": ""---"", ""b6ad2244-361a-422c-876d-34b250459fbc"": ""---""}}","{""men"": {}, ""women"": {""591e8c0b-889b-4fa4-a1bf-074be5a66735"": ""---"", ""ba9d683f-110b-49a9-bd69-a5c50a30f94e"": ""---"", ""abc41b29-f51b-4e97-9bdf-0968fa389a30"": ""---"", ""b6ad2244-361a-422c-876d-34b250459fbc"": ""---""}}"
933f31e4-4033-4235-9e05-1ca8ca63c6e1,Salas de los infantes (ar),1cd6413b-ead5-4cfb-9ae1-b5ff8d3f7cb4,"[7, 15, 17, 1, 13, 5, 3, 11, 9, 8, 16, 18, 2, 14, 6, 4, 12, 10]","{""men"": {""589a249f-8d98-452e-955f-f0e1b91926f9"": ""69.7/13134.9/13134.9/131"", ""08c00eb8-e550-4dde-be4d-136d33f1fa8f"": ""69.0/13134.5/13134.5/131"", ""69cdf28f-9be2-4f4b-a903-ad280066107f"": ""---"", ""cba34653-15f4-4f79-89b7-d79cf884c5c5"": ""---""}, ""women"": {""589a249f-8d98-452e-955f-f0e1b91926f9"": ""---"", ""08c00eb8-e550-4dde-be4d-136d33f1fa8f"": ""---"", ""69cdf28f-9be2-4f4b-a903-ad280066107f"": ""---"", ""cba34653-15f4-4f79-89b7-d79cf884c5c5"": ""---""}}","{""men"": {}, ""women"": {""589a249f-8d98-452e-955f-f0e1b91926f9"": ""---"", ""08c00eb8-e550-4dde-be4d-136d33f1fa8f"": ""---"", ""69cdf28f-9be2-4f4b-a903-ad280066107f"": ""---"", ""cba34653-15f4-4f79-89b7-d79cf884c5c5"": ""---""}}"
a322dd9c-348e-4a11-b1e3-1da147462c2d,El Bonillo,a7ef9a22-d2cf-4e82-a538-9d381cdf8605,"[7, 17, 15, 3, 13, 5, 9, 1, 11]","{""men"": {""b76ef464-9bc8-4e73-b97b-210d23d9af08"": ""--"", ""cf9ff450-7b3f-4d14-b9cd-14e8f9a09084"": ""71.6/12835.8/128"", ""4ba97b45-2758-4076-b38a-cdb0a0277f32"": ""--"", ""b29c1d8a-4d22-4322-a3a3-4f1d3022e145"": ""--""}, ""women"": {""b76ef464-9bc8-4e73-b97b-210d23d9af08"": ""--"", ""cf9ff450-7b3f-4d14-b9cd-14e8f9a09084"": ""--"", ""4ba97b45-2758-4076-b38a-cdb0a0277f32"": ""--"", ""b29c1d8a-4d22-4322-a3a3-4f1d3022e145"": ""--""}}","{""men"": {}, ""women"": {""b76ef464-9bc8-4e73-b97b-210d23d9af08"": ""--"", ""cf9ff450-7b3f-4d14-b9cd-14e8f9a09084"": ""--"", ""4ba97b45-2758-4076-b38a-cdb0a0277f32"": ""--"", ""b29c1d8a-4d22-4322-a3a3-4f1d3022e145"": ""--""}}"
f53dbdd8-091f-4755-9bfd-5c92316bb265,9-hole course,da2496e1-1c11-4d8e-8f99-05138ef43b1c,"[13, 9, 5, 17, 11, 3, 1, 7, 15]","{""men"": {""82f3729d-5628-4669-9a6c-70905227cc8f"": ""51.2/6925.6/69""}, ""women"": {""82f3729d-5628-4669-9a6c-70905227cc8f"": ""52.8/7426.4/74""}}","{""men"": {}, ""women"": {""82f3729d-5628-4669-9a6c-70905227cc8f"": ""52.8/7426.4/74""}}"
8e04fc74-5e82-45f7-9b3b-f0f59b4a3dc8,Camposol club de golf,c62f57cd-4714-4687-ac75-4a1bcb1daba4,"[3, 7, 13, 9, 17, 5, 1, 15, 11, 10, 16, 12, 18, 14, 2, 8, 4, 6]","{""men"": {""fa853973-2e29-4a93-a148-8c86c27d8721"": ""---"", ""23346f43-5427-4884-b22f-d09f19b5669f"": ""---"", ""a0ae77e6-53d2-4eb9-9a4f-07796b539453"": ""---"", ""e67be0ef-5181-4221-9dfa-6fd7c22a2d3e"": ""---""}, ""women"": {""fa853973-2e29-4a93-a148-8c86c27d8721"": ""---"", ""23346f43-5427-4884-b22f-d09f19b5669f"": ""---"", ""a0ae77e6-53d2-4eb9-9a4f-07796b539453"": ""---"", ""e67be0ef-5181-4221-9dfa-6fd7c22a2d3e"": ""---""}}","{""men"": {}, ""women"": {""fa853973-2e29-4a93-a148-8c86c27d8721"": ""---"", ""23346f43-5427-4884-b22f-d09f19b5669f"": ""---"", ""a0ae77e6-53d2-4eb9-9a4f-07796b539453"": ""---"", ""e67be0ef-5181-4221-9dfa-6fd7c22a2d3e"": ""---""}}"
eb0c0840-508f-4000-a698-bfc6143d28d6,SENSOL GOLF,25c77cc2-5315-46f0-8cf3-633b10f38375,"[3, 7, 13, 9, 17, 5, 1, 15, 11, 10, 16, 12, 18, 14, 2, 8, 4, 6]","{""men"": {""841b4077-b6b2-4403-ab38-9c79301f8eff"": ""75.4/13637.7/13637.7/136"", ""f01f811f-0fa7-40ed-958d-d1f60b48d34c"": ""72.0/12936.0/12936.0/129"", ""b1c649c2-d7cc-4ac2-a0d9-c6594e4969d2"": ""70.9/12635.5/12635.5/126"", ""3a9a48a7-7e9e-4bd4-9b77-2c34a10a4ce0"": ""---""}, ""women"": {""841b4077-b6b2-4403-ab38-9c79301f8eff"": ""---"", ""f01f811f-0fa7-40ed-958d-d1f60b48d34c"": ""---"", ""b1c649c2-d7cc-4ac2-a0d9-c6594e4969d2"": ""---"", ""3a9a48a7-7e9e-4bd4-9b77-2c34a10a4ce0"": ""74.1/13437.1/13437.1/134""}}","{""men"": {}, ""women"": {""841b4077-b6b2-4403-ab38-9c79301f8eff"": ""---"", ""f01f811f-0fa7-40ed-958d-d1f60b48d34c"": ""---"", ""b1c649c2-d7cc-4ac2-a0d9-c6594e4969d2"": ""---"", ""3a9a48a7-7e9e-4bd4-9b77-2c34a10a4ce0"": ""74.1/13437.1/13437.1/134""}}"
011fe82b-0c62-40b4-bd7b-d2b4b855fc34,18-hole course,4df465ec-d926-475d-a9f0-f9888223c32b,"[1, 3, 17, 13, 9, 11, 15, 7, 5, 2, 4, 18, 14, 10, 12, 16, 8, 6]","{""men"": {""f2a08315-ec06-4913-b3f4-1fb35989e731"": ""52.6/6626.3/6626.3/66"", ""c4d4f050-020c-4322-9ea0-bf9b2ab77d3a"": ""51.8/7625.9/7625.9/76"", ""c2e659ad-d9c5-45ff-b051-3ad9b825d4ed"": ""51.6/6325.8/6325.8/63""}, ""women"": {""f2a08315-ec06-4913-b3f4-1fb35989e731"": ""54.4/7827.2/7827.2/78"", ""c4d4f050-020c-4322-9ea0-bf9b2ab77d3a"": ""53.7/7526.9/7526.8/75"", ""c2e659ad-d9c5-45ff-b051-3ad9b825d4ed"": ""53.2/7526.6/7526.6/75""}}","{""men"": {}, ""women"": {""f2a08315-ec06-4913-b3f4-1fb35989e731"": ""54.4/7827.2/7827.2/78"", ""c4d4f050-020c-4322-9ea0-bf9b2ab77d3a"": ""53.7/7526.9/7526.8/75"", ""c2e659ad-d9c5-45ff-b051-3ad9b825d4ed"": ""53.2/7526.6/7526.6/75""}}"
91db04bf-fa5e-4c24-a058-9535d775586a,9 forats amb sortides dobles,86c5dfb4-ff80-455a-93bf-dcf5beb339d9,"[1, 2, 3, 4, 5, 6, 7, 8, 9, 10, 11, 12, 13, 14, 15, 16, 17, 18]","{""men"": {""2baec4c4-b27c-4166-8628-500dc9ea7443"": ""---""}, ""women"": {""2baec4c4-b27c-4166-8628-500dc9ea7443"": ""---""}}","{""men"": {}, ""women"": {""2baec4c4-b27c-4166-8628-500dc9ea7443"": ""---""}}"
95e4b55e-e39d-4a25-8976-8639d85bc078,18-hole course,be5abf62-ac62-47e1-b3fb-3f28d3426312,"[16, 2, 11, 5, 18, 13, 9, 7, 1, 12, 17, 6, 4, 14, 3, 10, 15, 8]","{""men"": {""a59ab5f1-9ea4-419d-b3f0-56d5f4319f1f"": ""73.4/14336.7/14336.7/143"", ""4bc2fd79-c50c-4ce9-85ef-ac5d81b78bd1"": ""72.2/14136.1/14136.1/141"", ""5161661e-f2be-4669-82fb-d71ec418c9d1"": ""69.0/12934.5/12934.5/129""}, ""women"": {""a59ab5f1-9ea4-419d-b3f0-56d5f4319f1f"": ""80.1/14940.1/14940.0/149"", ""4bc2fd79-c50c-4ce9-85ef-ac5d81b78bd1"": ""78.7/14639.4/14639.3/146"", ""5161661e-f2be-4669-82fb-d71ec418c9d1"": ""74.7/13837.4/13837.3/138""}}","{""men"": {}, ""women"": {""a59ab5f1-9ea4-419d-b3f0-56d5f4319f1f"": ""80.1/14940.1/14940.0/149"", ""4bc2fd79-c50c-4ce9-85ef-ac5d81b78bd1"": ""78.7/14639.4/14639.3/146"", ""5161661e-f2be-4669-82fb-d71ec418c9d1"": ""74.7/13837.4/13837.3/138""}}"
7bdc5eb4-f50a-464f-b215-336eeb53b2d0,18-hole course,8bfe7ab9-285a-45a1-8e23-115570d8fc4d,"[8, 14, 2, 18, 12, 10, 4, 16, 6, 17, 5, 1, 13, 3, 11, 15, 9, 7]","{""men"": {""ce104c87-f377-4e84-81b7-e5669d37142e"": ""71.9/14336.0/14335.9/143"", ""41f08474-289f-4529-a821-3c8d31e11c7b"": ""70.7/14035.4/14035.3/140"", ""aa0c0de2-bced-4ced-8242-843b0c5a292a"": ""67.6/13033.8/13033.8/130"", ""21d5ac74-df0a-4ecf-a0e5-4805c21a6e2e"": ""66.0/12833.0/12833.0/128""}, ""women"": {""ce104c87-f377-4e84-81b7-e5669d37142e"": ""78.0/14539.0/14539.0/145"", ""41f08474-289f-4529-a821-3c8d31e11c7b"": ""76.7/14338.4/14338.3/143"", ""aa0c0de2-bced-4ced-8242-843b0c5a292a"": ""73.3/13636.7/13636.6/136"", ""21d5ac74-df0a-4ecf-a0e5-4805c21a6e2e"": ""71.7/13235.9/13235.8/132""}}","{""men"": {}, ""women"": {""ce104c87-f377-4e84-81b7-e5669d37142e"": ""78.0/14539.0/14539.0/145"", ""41f08474-289f-4529-a821-3c8d31e11c7b"": ""76.7/14338.4/14338.3/143"", ""aa0c0de2-bced-4ced-8242-843b0c5a292a"": ""73.3/13636.7/13636.6/136"", ""21d5ac74-df0a-4ecf-a0e5-4805c21a6e2e"": ""71.7/13235.9/13235.8/132""}}"
78a94b50-de00-4eab-bc35-f50154a28860,9-hole course,595eca59-47d5-41a0-8891-77c9949511b1,"[5, 13, 3, 11, 9, 17, 1, 15, 7]","{""men"": {""b71bf4af-d341-4c54-a640-a72807ad7d6d"": ""64.5/12032.3/120"", ""7eba6dee-0248-49e0-81d4-048473d6ff12"": ""60.5/8430.3/84""}, ""women"": {""b71bf4af-d341-4c54-a640-a72807ad7d6d"": ""--"", ""7eba6dee-0248-49e0-81d4-048473d6ff12"": ""66.9/11733.5/117""}}","{""men"": {}, ""women"": {""b71bf4af-d341-4c54-a640-a72807ad7d6d"": ""--"", ""7eba6dee-0248-49e0-81d4-048473d6ff12"": ""66.9/11733.5/117""}}"
651f3534-e141-4f03-aa11-ff3a5ed51c76,18-hole course,b3578ff6-a886-4744-83e8-e5a2a308559f,"[7, 11, 17, 15, 5, 13, 3, 9, 1, 8, 12, 18, 16, 6, 14, 4, 10, 2]","{""men"": {""75602540-1635-4202-b6e9-94f10e0aede6"": ""---"", ""69bbe688-ae72-4cb8-bb22-aebe55ad675b"": ""72.0/13936.0/13936.0/139"", ""6a767a2a-abc0-4b29-86e9-8dcdad1d740a"": ""---"", ""3176f3f4-75b8-424c-abfd-768894fff0a9"": ""---""}, ""women"": {""75602540-1635-4202-b6e9-94f10e0aede6"": ""---"", ""69bbe688-ae72-4cb8-bb22-aebe55ad675b"": ""---"", ""6a767a2a-abc0-4b29-86e9-8dcdad1d740a"": ""---"", ""3176f3f4-75b8-424c-abfd-768894fff0a9"": ""70.5/13435.3/13435.3/134""}}","{""men"": {}, ""women"": {""75602540-1635-4202-b6e9-94f10e0aede6"": ""---"", ""69bbe688-ae72-4cb8-bb22-aebe55ad675b"": ""---"", ""6a767a2a-abc0-4b29-86e9-8dcdad1d740a"": ""---"", ""3176f3f4-75b8-424c-abfd-768894fff0a9"": ""70.5/13435.3/13435.3/134""}}"
009bcee6-cb76-4c34-86e4-7638c69ba612,Torija P&P,9eb3b9b2-5834-400b-8047-104722479874,"[5, 17, 7, 13, 15, 11, 3, 9, 1, 16, 12, 10, 14, 18, 4, 6, 2, 8]","{""men"": {""424e202a-41d1-4625-83cb-142fc6e6ff8d"": ""51.0/5625.5/5625.5/56"", ""7eb3b353-734a-4301-be7d-81c48898fc96"": ""---"", ""ec4bb1c5-e9fb-4821-874e-0803268a4857"": ""---"", ""96797d10-b091-42e9-b78c-518b37771ee7"": ""---""}, ""women"": {""424e202a-41d1-4625-83cb-142fc6e6ff8d"": ""52.0/6726.0/6726.0/67"", ""7eb3b353-734a-4301-be7d-81c48898fc96"": ""---"", ""ec4bb1c5-e9fb-4821-874e-0803268a4857"": ""---"", ""96797d10-b091-42e9-b78c-518b37771ee7"": ""---""}}","{""men"": {}, ""women"": {""424e202a-41d1-4625-83cb-142fc6e6ff8d"": ""52.0/6726.0/6726.0/67"", ""7eb3b353-734a-4301-be7d-81c48898fc96"": ""---"", ""ec4bb1c5-e9fb-4821-874e-0803268a4857"": ""---"", ""96797d10-b091-42e9-b78c-518b37771ee7"": ""---""}}"
e4d8b64c-7c1d-4397-9775-84e36a028d18,18-hole course,a935a050-3dc8-45d0-b5b0-d02e24e4e7d4,"[15, 17, 13, 7, 1, 3, 5, 10, 8, 16, 18, 14, 12, 2, 4, 6, 11, 9]","{""men"": {""b24c73af-5ff9-4d73-9039-a6c60313b4ee"": ""---"", ""97082358-f731-41d6-8ada-eee9f30496cf"": ""72.8/13036.4/13036.4/130"", ""927e7b56-7641-48a1-9569-acb774681a01"": ""---""}, ""women"": {""b24c73af-5ff9-4d73-9039-a6c60313b4ee"": ""---"", ""97082358-f731-41d6-8ada-eee9f30496cf"": ""---"", ""927e7b56-7641-48a1-9569-acb774681a01"": ""73.4/12836.7/12836.7/128""}}","{""men"": {}, ""women"": {""b24c73af-5ff9-4d73-9039-a6c60313b4ee"": ""---"", ""97082358-f731-41d6-8ada-eee9f30496cf"": ""---"", ""927e7b56-7641-48a1-9569-acb774681a01"": ""73.4/12836.7/12836.7/128""}}"
58980d5e-144c-4df3-b213-b4bd1153fd93,Centro de Tecnificacion de Madrid,71217d53-ccb2-407e-a4b3-2d32c0a3e483,"[3, 1, 7, 11, 5, 15, 9, 13, 17, 4, 2, 8, 12, 6, 16, 10, 14, 18]","{""men"": {""e6857639-a7e1-48ec-b868-f4d2ae46ae7e"": ""50.0/7125.0/7125.0/71""}, ""women"": {}}","{""men"": {}, ""women"": {}}"
7c4b2466-fe35-439d-bc08-3e661c71ff23,Ct,71217d53-ccb2-407e-a4b3-2d32c0a3e483,"[1, 2, 3, 4, 5, 6, 7, 8, 9, 10, 11, 12, 13, 14, 15, 16, 17, 18]","{""men"": {}, ""women"": {}}","{""men"": {}, ""women"": {}}"
77418f2c-32ab-41ed-94a5-757cb676171d,18-hole course,02fef473-d6e1-4a09-81a7-0840454f6969,"[4, 10, 18, 6, 2, 12, 14, 8, 16, 3, 9, 5, 13, 17, 11, 1, 15, 7]","{""men"": {""a002e595-5830-4365-ba9d-e002fda8d594"": ""68.6/12234.6/12634.0/118"", ""95cbbb2d-ef57-45bf-838f-4d5237ab14b5"": ""65.7/11233.1/11232.6/112""}, ""women"": {""a002e595-5830-4365-ba9d-e002fda8d594"": ""75.0/13037.4/13037.6/130"", ""95cbbb2d-ef57-45bf-838f-4d5237ab14b5"": ""70.7/11735.5/11435.2/120""}}","{""men"": {}, ""women"": {""a002e595-5830-4365-ba9d-e002fda8d594"": ""75.0/13037.4/13037.6/130"", ""95cbbb2d-ef57-45bf-838f-4d5237ab14b5"": ""70.7/11735.5/11435.2/120""}}"
28b3c4c7-b647-4faf-9b5c-fecfb34ec9d8,9-hole course,0ccf7261-9d16-4543-8fd4-f7c05eebc7c9,"[15, 1, 3, 7, 11, 9, 13, 17, 5]","{""men"": {""7e038f04-84c7-48f5-8e6d-19ecb28698e1"": ""69.6/12934.8/129"", ""f030fe59-1977-4be6-ad1e-1022a3ef0ac5"": ""68.4/12634.2/126""}, ""women"": {""254aecda-c01f-4ccb-bd80-b9daf5033a0a"": ""71.6/12235.8/122"", ""f030fe59-1977-4be6-ad1e-1022a3ef0ac5"": ""68.6/12934.3/129""}}","{""men"": {}, ""women"": {""254aecda-c01f-4ccb-bd80-b9daf5033a0a"": ""71.6/12235.8/122"", ""f030fe59-1977-4be6-ad1e-1022a3ef0ac5"": ""68.6/12934.3/129""}}"
73722f06-f983-49fc-b38a-c0df99347671,18-hole course,f515b5a3-c2fe-4400-bf45-5d667bc41340,"[7, 9, 1, 3, 15, 13, 11, 5, 17, 14, 6, 8, 12, 4, 16, 18, 2, 10]","{""men"": {""1b6336b5-45d8-4338-8dc9-88d5c575e8b1"": ""71.4/14035.7/14035.7/140"", ""02000069-3f7b-414a-9834-57d78fd0304c"": ""70.2/13735.1/13735.1/137"", ""e73a2f6d-3d2f-4484-b900-95c03e219747"": ""68.7/13034.4/13034.4/130"", ""8268177e-e295-4141-a247-e903738f0259"": ""66.2/13133.1/13133.1/131""}, ""women"": {""e73a2f6d-3d2f-4484-b900-95c03e219747"": ""72.8/13436.4/13436.4/134"", ""8268177e-e295-4141-a247-e903738f0259"": ""70.1/12635.1/12635.1/126""}}","{""men"": {}, ""women"": {""e73a2f6d-3d2f-4484-b900-95c03e219747"": ""72.8/13436.4/13436.4/134"", ""8268177e-e295-4141-a247-e903738f0259"": ""70.1/12635.1/12635.1/126""}}"
69dcbdde-b91c-4b5f-ac79-c3cbd7fc8301,18-hole course,b96ec758-a67a-4ef0-b2ca-c3e9c8822ce1,"[3, 13, 17, 11, 7, 15, 5, 1, 9, 4, 14, 18, 12, 8, 16, 6, 2, 10]","{""men"": {}, ""women"": {}}","{""men"": {}, ""women"": {}}"
51ca2f1e-515c-4546-8027-edac08b48962,18-hole course,71c0700f-99b1-4486-88a3-8169888e74f6,"[8, 14, 4, 18, 6, 12, 16, 2, 10, 13, 9, 5, 11, 7, 3, 17, 1, 15]","{""men"": {""dc0226fe-d2e3-4057-a24f-ed65bf5ea9f5"": ""71.8/13035.9/13035.9/130"", ""15174b86-aa73-401e-95c5-f4726f4fa890"": ""73.0/12436.5/12436.5/124""}, ""women"": {}}","{""men"": {}, ""women"": {}}"
a092bfd7-820b-4751-8a35-baa8693188b9,A + A,1f76c12d-e091-4d4a-bab5-9816a2ad6f1a,"[15, 7, 9, 1, 17, 3, 11, 13, 5, 16, 8, 10, 2, 18, 4, 12, 14, 6]","{""men"": {}, ""women"": {}}","{""men"": {}, ""women"": {}}"
cd387979-d345-48fe-b28f-6f096c2c6237,B + B,1f76c12d-e091-4d4a-bab5-9816a2ad6f1a,"[11, 9, 15, 3, 1, 13, 17, 7, 5, 12, 10, 16, 4, 2, 14, 18, 8, 6]","{""men"": {}, ""women"": {}}","{""men"": {}, ""women"": {}}"
b34db86e-4645-4b13-8729-f5d6472a1ddd,C + C,1f76c12d-e091-4d4a-bab5-9816a2ad6f1a,"[17, 7, 11, 15, 9, 1, 5, 13, 3, 18, 8, 12, 16, 10, 2, 6, 14, 4]","{""men"": {}, ""women"": {}}","{""men"": {}, ""women"": {}}"
adf678af-edd0-45cc-985a-63c00fae2a3e,A + B,1f76c12d-e091-4d4a-bab5-9816a2ad6f1a,"[15, 7, 9, 1, 17, 3, 11, 13, 5, 12, 10, 16, 4, 2, 14, 18, 8, 6]","{""men"": {""83474c2b-091a-4f83-bc82-8e61bc5940ae"": ""72.7/13736.4/13736.4/137""}, ""women"": {""6567c992-180b-471c-910f-08b319b0bae8"": ""73.2/12636.6/12636.6/126""}}","{""men"": {}, ""women"": {""6567c992-180b-471c-910f-08b319b0bae8"": ""73.2/12636.6/12636.6/126""}}"
51b98ca3-a72a-47cd-b5ea-8e3ad83400f9,A + C,1f76c12d-e091-4d4a-bab5-9816a2ad6f1a,"[15, 7, 9, 1, 17, 3, 11, 13, 5, 18, 8, 12, 16, 10, 2, 6, 14, 4]","{""men"": {}, ""women"": {}}","{""men"": {}, ""women"": {}}"
db270a77-b19a-425a-9c79-1b44c4a4c78f,B + C,1f76c12d-e091-4d4a-bab5-9816a2ad6f1a,"[11, 9, 15, 3, 1, 13, 17, 7, 5, 18, 8, 12, 16, 10, 2, 6, 14, 4]","{""men"": {}, ""women"": {}}","{""men"": {}, ""women"": {}}"
9253d961-caf1-4563-9a32-e689a9665db1,18-hole course,d166e905-bbe3-46d1-bfe9-4904c72ec15c,"[7, 5, 15, 3, 11, 1, 13, 9, 17, 8, 10, 2, 6, 4, 14, 16, 18, 12]","{""men"": {""628cbed0-1d05-4c0e-9540-d50db90750e7"": ""71.9/12936.0/12936.0/129""}, ""women"": {}}","{""men"": {}, ""women"": {}}"
c7157168-f936-4239-9697-a6db1746a37e,Pares 3,d166e905-bbe3-46d1-bfe9-4904c72ec15c,"[5, 17, 7, 1, 9, 13, 15, 3, 11]","{""men"": {""69a39911-d2af-4e24-8c42-0ecd874bbc3c"": ""-/74-/74""}, ""women"": {""3bfbe189-4bfe-4191-84a3-a4916a5e2fd2"": ""-/66-/66""}}","{""men"": {}, ""women"": {""3bfbe189-4bfe-4191-84a3-a4916a5e2fd2"": ""-/66-/66""}}"
15ceb38e-e7cd-4ea7-910e-333f54527be9,Recorrido Amarillo,d166e905-bbe3-46d1-bfe9-4904c72ec15c,"[4, 12, 2, 14, 6, 16, 18, 8, 10, 11, 5, 17, 13, 7, 1, 15, 3, 9]","{""men"": {""9c5f809e-5360-422d-a6c7-eb535ae99bef"": ""72.6/13436.3/13636.3/132"", ""651567c3-0cb1-4e18-b839-924b0b829761"": ""71.1/12736.5/13234.6/121"", ""6e6d80dd-861e-4c8f-a1f6-7b05c36127eb"": ""71.0/13035.4/13335.6/127""}, ""women"": {""651567c3-0cb1-4e18-b839-924b0b829761"": ""73.0/13236.5/13236.5/132"", ""6e6d80dd-861e-4c8f-a1f6-7b05c36127eb"": ""70.7/13335.4/13335.4/133"", ""09e29c72-b664-4f72-891d-e9169abeb6fd"": ""69.0/12435.7/13233.3/116""}}","{""men"": {}, ""women"": {""651567c3-0cb1-4e18-b839-924b0b829761"": ""73.0/13236.5/13236.5/132"", ""6e6d80dd-861e-4c8f-a1f6-7b05c36127eb"": ""70.7/13335.4/13335.4/133"", ""09e29c72-b664-4f72-891d-e9169abeb6fd"": ""69.0/12435.7/13233.3/116""}}"
ca746d71-95a8-43f4-9b59-d52bd7e07f87,Recorrido Negro,d166e905-bbe3-46d1-bfe9-4904c72ec15c,"[7, 5, 15, 3, 11, 1, 13, 9, 17, 8, 10, 2, 6, 4, 14, 16, 18, 12]","{""men"": {""196649d9-cd31-4a97-aac9-076199824a66"": ""75.4/14037.7/14037.7/140"", ""0e8b68d2-ead8-4e4b-a9e7-c305fdef0ee4"": ""74.6/14437.3/14437.3/144"", ""8bbd079c-18d0-4f77-b306-aa23f3c62873"": ""72.9/14036.5/14036.5/140""}, ""women"": {""4f1a73f2-98c2-45fc-ab42-c1c4dfee71ba"": ""73.5/13436.8/13436.8/134""}}","{""men"": {}, ""women"": {""4f1a73f2-98c2-45fc-ab42-c1c4dfee71ba"": ""73.5/13436.8/13436.8/134""}}"
1dc797bd-8e3e-42f9-9ee0-5c125992a8a7,Negro,8332c6fd-ed6a-4a10-88be-e05464ea6626,"[7, 5, 13, 3, 11, 1, 13, 9, 17, 8, 10, 2, 6, 4, 14, 16, 18, 12]","{""men"": {""2e889f49-8898-45bd-b67b-ddec66caea68"": ""71.9/12936.0/12936.0/129""}, ""women"": {}}","{""men"": {}, ""women"": {}}"
fbebc5c1-0441-429d-92ef-2c8c6a67cb17,18-hole course,988296bc-1975-4b43-b085-e8a767913c73,"[11, 4, 12, 16, 7, 17, 3, 1, 5, 10, 6, 8, 18, 14, 13, 2, 9, 15]","{""men"": {""6fbd0b99-f93e-4ed6-bd06-6a374a1fff0b"": ""74.5/13737.3/13737.2/137"", ""e96fc3f7-f169-4e01-b099-c03dea9ac0c6"": ""72.4/13536.2/13536.2/135"", ""5745663b-df32-420e-a592-8f84088ae099"": ""70.9/13135.5/13135.4/131"", ""51269736-f7e8-4976-b61f-1ded82a549fd"": ""67.8/12833.9/12833.9/128"", ""65b18e53-7f13-4f82-94a8-76d3d610020e"": ""66.9/13233.5/13233.4/132""}, ""women"": {""5745663b-df32-420e-a592-8f84088ae099"": ""76.3/13338.2/13338.1/133"", ""51269736-f7e8-4976-b61f-1ded82a549fd"": ""73.7/13236.9/13236.8/132"", ""65b18e53-7f13-4f82-94a8-76d3d610020e"": ""76.3/13338.2/13338.1/133""}}","{""men"": {}, ""women"": {""5745663b-df32-420e-a592-8f84088ae099"": ""76.3/13338.2/13338.1/133"", ""51269736-f7e8-4976-b61f-1ded82a549fd"": ""73.7/13236.9/13236.8/132"", ""65b18e53-7f13-4f82-94a8-76d3d610020e"": ""76.3/13338.2/13338.1/133""}}"
77918b76-7a6d-4d36-87f4-cdd30bc602d5,Rojo + Rojo,28235b3c-1fc1-4ba0-ac14-cbca199cbb30,"[11, 7, 9, 1, 17, 15, 13, 5, 3, 12, 8, 10, 2, 18, 16, 14, 6, 4]","{""men"": {""7e4fab2b-32cf-489b-ba1a-d4404720afad"": ""72.0/13136.0/13136.0/131"", ""11015fd0-81a3-4d26-a754-16f511d233c5"": ""71.4/12935.7/12935.7/129"", ""26ba987a-9ad8-4356-b9de-b30807fbe599"": ""68.6/12034.3/12034.3/120"", ""8c266a60-6074-461f-bfcd-375aa75ea242"": ""67.4/11733.7/11733.7/117"", ""75d4d09a-e3b0-4639-b235-f2f508319146"": ""64.2/10832.1/10832.1/108""}, ""women"": {""26ba987a-9ad8-4356-b9de-b30807fbe599"": ""74.0/12837.0/12837.0/128"", ""8c266a60-6074-461f-bfcd-375aa75ea242"": ""72.4/12936.2/12936.2/129"", ""75d4d09a-e3b0-4639-b235-f2f508319146"": ""69.2/11434.6/11434.6/114""}}","{""men"": {}, ""women"": {""26ba987a-9ad8-4356-b9de-b30807fbe599"": ""74.0/12837.0/12837.0/128"", ""8c266a60-6074-461f-bfcd-375aa75ea242"": ""72.4/12936.2/12936.2/129"", ""75d4d09a-e3b0-4639-b235-f2f508319146"": ""69.2/11434.6/11434.6/114""}}"
abc55d12-1177-42af-be0a-fcb06f8612ba,Azul + Azul,28235b3c-1fc1-4ba0-ac14-cbca199cbb30,"[1, 13, 7, 3, 15, 11, 9, 17, 5, 2, 14, 8, 4, 16, 12, 10, 18, 6]","{""men"": {""b90c63e6-7c33-44e0-8fe4-34b17b96eed9"": ""71.6/12935.8/12935.8/129"", ""44bda04b-b0ac-4414-aea5-317b24ebb66e"": ""71.2/12935.6/12935.6/129"", ""6374a2e1-ce71-4c78-9939-8f552d64e748"": ""68.4/12634.2/12634.2/126"", ""9a94893e-117d-4ab8-9f39-943562a17dba"": ""67.0/12333.5/12333.5/123"", ""f59cb30b-37f8-4b3b-9592-389a165c907a"": ""63.8/10831.9/10831.9/108""}, ""women"": {""6374a2e1-ce71-4c78-9939-8f552d64e748"": ""74.0/13037.0/13037.0/130"", ""9a94893e-117d-4ab8-9f39-943562a17dba"": ""72.4/12136.2/12136.2/121"", ""f59cb30b-37f8-4b3b-9592-389a165c907a"": ""67.4/11433.7/11433.7/114""}}","{""men"": {}, ""women"": {""6374a2e1-ce71-4c78-9939-8f552d64e748"": ""74.0/13037.0/13037.0/130"", ""9a94893e-117d-4ab8-9f39-943562a17dba"": ""72.4/12136.2/12136.2/121"", ""f59cb30b-37f8-4b3b-9592-389a165c907a"": ""67.4/11433.7/11433.7/114""}}"
598abe1f-fc10-427d-8e52-3547e282729e,Blanco + Blanco,28235b3c-1fc1-4ba0-ac14-cbca199cbb30,"[5, 1, 13, 9, 11, 17, 15, 7, 3, 6, 2, 14, 10, 12, 18, 16, 8, 4]","{""men"": {""e7f5f6d3-b684-4061-a60e-23cb59e9c6e2"": ""74.8/13937.4/13937.4/139"", ""44a45bd0-3165-47b3-9364-df3538cc64b2"": ""73.6/13736.8/13736.8/137"", ""baeb78f1-53be-485c-8df4-a4b839bc67f4"": ""69.8/13434.9/13434.9/134"", ""745a95cf-ad58-44b5-b874-0df6d05b54a3"": ""68.2/13134.1/13134.1/131"", ""2b3b0427-093f-4a3d-94d0-a31d44c3a175"": ""66.0/12233.0/12233.0/122""}, ""women"": {""baeb78f1-53be-485c-8df4-a4b839bc67f4"": ""75.8/13837.9/13837.9/138"", ""745a95cf-ad58-44b5-b874-0df6d05b54a3"": ""74.2/13737.1/13737.1/137"", ""2b3b0427-093f-4a3d-94d0-a31d44c3a175"": ""71.2/12435.6/12435.6/124""}}","{""men"": {}, ""women"": {""baeb78f1-53be-485c-8df4-a4b839bc67f4"": ""75.8/13837.9/13837.9/138"", ""745a95cf-ad58-44b5-b874-0df6d05b54a3"": ""74.2/13737.1/13737.1/137"", ""2b3b0427-093f-4a3d-94d0-a31d44c3a175"": ""71.2/12435.6/12435.6/124""}}"
1bb12caf-56e7-42ba-872a-9e42e078410c,Rojo + Azul,28235b3c-1fc1-4ba0-ac14-cbca199cbb30,"[11, 7, 9, 1, 17, 15, 13, 5, 3, 2, 14, 8, 4, 16, 12, 10, 18, 6]","{""men"": {""cee60264-f648-4c56-99a2-ff29bf3f77ef"": ""71.8/13036.0/13135.8/129"", ""ed25db6c-792f-4d61-afb4-60e745e77cee"": ""71.3/12935.7/12935.6/129"", ""3047b9ba-44cd-4002-a8d5-c7e9d479a83b"": ""68.5/12334.3/12034.2/126"", ""3c06d9fb-ca81-416c-ae0c-d94e8404ce13"": ""67.2/12033.7/11733.5/123"", ""d8889f3f-9ccb-435e-b600-7e8e419f160f"": ""64.0/10832.1/10831.9/108""}, ""women"": {""3047b9ba-44cd-4002-a8d5-c7e9d479a83b"": ""74.0/12937.0/12837.0/130"", ""3c06d9fb-ca81-416c-ae0c-d94e8404ce13"": ""72.4/12536.2/12936.2/121"", ""d8889f3f-9ccb-435e-b600-7e8e419f160f"": ""68.3/11434.6/11433.7/114""}}","{""men"": {}, ""women"": {""3047b9ba-44cd-4002-a8d5-c7e9d479a83b"": ""74.0/12937.0/12837.0/130"", ""3c06d9fb-ca81-416c-ae0c-d94e8404ce13"": ""72.4/12536.2/12936.2/121"", ""d8889f3f-9ccb-435e-b600-7e8e419f160f"": ""68.3/11434.6/11433.7/114""}}"
be3679da-d07c-42bc-811c-15e5182d965c,Rojo + Blanco,28235b3c-1fc1-4ba0-ac14-cbca199cbb30,"[11, 7, 9, 1, 17, 15, 13, 5, 3, 6, 2, 14, 10, 12, 18, 16, 8, 4]","{""men"": {""b7f1c8f6-0174-4311-b0a5-8eb428fd93c8"": ""73.4/13536.0/13137.4/139"", ""188d24cc-7a1a-465c-930f-2b0422794845"": ""72.5/13335.7/12936.8/137"", ""fc132937-5d20-4631-b2e1-b7887172fa35"": ""69.2/12734.3/12034.9/134"", ""ad07156d-d62d-4e9c-aec5-995912e93566"": ""67.8/12433.7/11734.1/131"", ""39bd5d6b-a3ef-4e10-87a7-769c40e1d4de"": ""65.1/11532.1/10833.0/122""}, ""women"": {""fc132937-5d20-4631-b2e1-b7887172fa35"": ""74.9/13337.0/12837.9/138"", ""ad07156d-d62d-4e9c-aec5-995912e93566"": ""73.3/13336.2/12937.1/137"", ""39bd5d6b-a3ef-4e10-87a7-769c40e1d4de"": ""70.2/11934.6/11435.6/124""}}","{""men"": {}, ""women"": {""fc132937-5d20-4631-b2e1-b7887172fa35"": ""74.9/13337.0/12837.9/138"", ""ad07156d-d62d-4e9c-aec5-995912e93566"": ""73.3/13336.2/12937.1/137"", ""39bd5d6b-a3ef-4e10-87a7-769c40e1d4de"": ""70.2/11934.6/11435.6/124""}}"
7ab6ff9d-ee9d-441e-a781-262bcd87a54b,Azul + Blanco,28235b3c-1fc1-4ba0-ac14-cbca199cbb30,"[1, 13, 7, 3, 15, 11, 9, 17, 5, 6, 2, 14, 10, 12, 18, 16, 8, 4]","{""men"": {""96724a3a-4721-446e-9171-68a01ea1ff6b"": ""73.2/13435.8/12937.4/139"", ""e1c40e09-48bc-4c3c-bc92-ff383ae84b41"": ""72.4/13335.6/12936.8/137"", ""d51bc8bb-e0e3-4425-b512-faa41819eef1"": ""69.1/13034.2/12634.9/134"", ""9d20857a-35c3-4b46-aafa-962df46f1869"": ""67.6/12733.5/12334.1/131"", ""29701d05-f479-4159-8dcd-024c6f6582c5"": ""64.9/11531.9/10833.0/122""}, ""women"": {""d51bc8bb-e0e3-4425-b512-faa41819eef1"": ""74.9/13437.0/13037.9/138"", ""9d20857a-35c3-4b46-aafa-962df46f1869"": ""73.3/12936.2/12137.1/137"", ""29701d05-f479-4159-8dcd-024c6f6582c5"": ""69.3/11933.7/11435.6/124""}}","{""men"": {}, ""women"": {""d51bc8bb-e0e3-4425-b512-faa41819eef1"": ""74.9/13437.0/13037.9/138"", ""9d20857a-35c3-4b46-aafa-962df46f1869"": ""73.3/12936.2/12137.1/137"", ""29701d05-f479-4159-8dcd-024c6f6582c5"": ""69.3/11933.7/11435.6/124""}}"
a65983d1-3e23-407c-a502-91757de3faa2,18-hole course,4c3c4de4-0f9f-4e7c-b641-49e5dbca01e4,"[11, 7, 17, 9, 5, 1, 15, 3, 13, 8, 2, 6, 10, 18, 16, 14, 12, 4]","{""men"": {""7264b490-5ebb-473d-86dd-7be7ab2929a3"": ""72.6/14235.6/13837.0/145"", ""5a2922da-b727-463a-89a6-5c1dbf8260ae"": ""70.9/13834.3/13236.6/145"", ""9f322efe-7ab6-456d-baa5-c4372523d7f7"": ""69.5/12733.8/12535.7/128"", ""b7dc5772-e571-4270-861c-d8485d67c1f8"": ""68.1/11932.8/11935.3/119""}, ""women"": {""7264b490-5ebb-473d-86dd-7be7ab2929a3"": ""78.8/14338.5/13340.3/154"", ""5a2922da-b727-463a-89a6-5c1dbf8260ae"": ""76.7/13937.1/12739.6/150"", ""9f322efe-7ab6-456d-baa5-c4372523d7f7"": ""74.8/14336.2/13638.6/149"", ""b7dc5772-e571-4270-861c-d8485d67c1f8"": ""73.1/14235.4/13337.7/150""}}","{""men"": {}, ""women"": {""7264b490-5ebb-473d-86dd-7be7ab2929a3"": ""78.8/14338.5/13340.3/154"", ""5a2922da-b727-463a-89a6-5c1dbf8260ae"": ""76.7/13937.1/12739.6/150"", ""9f322efe-7ab6-456d-baa5-c4372523d7f7"": ""74.8/14336.2/13638.6/149"", ""b7dc5772-e571-4270-861c-d8485d67c1f8"": ""73.1/14235.4/13337.7/150""}}"
ac66cfba-7c12-443f-9086-ade9b6eb5a54,Club de Golf Aranjuez,4c667633-57e8-44d5-b87e-6d572ef1bd3f,"[3, 9, 11, 1, 5, 15, 13, 17, 7]","{""men"": {""8f7b8cca-c1fb-44c0-a89b-007880d4b700"": ""65.5/11432.8/114""}, ""women"": {}}","{""men"": {}, ""women"": {}}"
b80f2f3e-1405-4481-b5d5-81784902bbf4,Arévalo,734200ed-4da4-4409-a3fe-af04d95a9228,"[11, 9, 1, 13, 3, 7, 15, 5, 17]","{""men"": {}, ""women"": {}}","{""men"": {}, ""women"": {}}"
88d90e7f-30df-4bf6-b4e8-6d950862eebc,18 forats - masia,909b2662-b411-47fc-8c4d-f3cb873e1a1f,"[11, 17, 15, 5, 9, 1, 13, 7, 3, 8, 12, 6, 2, 16, 14, 18, 4, 10]","{""men"": {""0bd2c5f1-2b2b-47fb-9f21-6df0b99d0e2b"": ""73.0/14336.5/14336.5/143"", ""4f1d10f7-8115-4906-ac62-c0fde9c719fb"": ""72.7/14136.4/14136.3/141"", ""89ce54c5-d87d-4f6f-a817-3578767c25b7"": ""70.4/14135.2/14135.2/141"", ""f723615b-9dc0-4150-8d81-8db836480476"": ""68.4/13534.2/13534.2/135"", ""a627b020-eef3-4b11-ae28-03aa408817d7"": ""67.2/12533.6/12533.6/125"", ""253581f5-f084-4e1b-b8c2-94a9c0ca56d8"": ""63.6/10931.8/10931.8/109""}, ""women"": {""f723615b-9dc0-4150-8d81-8db836480476"": ""74.1/13337.1/13337.0/133"", ""a627b020-eef3-4b11-ae28-03aa408817d7"": ""72.1/13236.1/13236.0/132"", ""253581f5-f084-4e1b-b8c2-94a9c0ca56d8"": ""67.3/12033.7/12033.6/120""}}","{""men"": {}, ""women"": {""f723615b-9dc0-4150-8d81-8db836480476"": ""74.1/13337.1/13337.0/133"", ""a627b020-eef3-4b11-ae28-03aa408817d7"": ""72.1/13236.1/13236.0/132"", ""253581f5-f084-4e1b-b8c2-94a9c0ca56d8"": ""67.3/12033.7/12033.6/120""}}"
2174c0ba-286d-46a8-9340-360e57fe6b85,9 forats - executive,909b2662-b411-47fc-8c4d-f3cb873e1a1f,"[17, 13, 9, 5, 1, 7, 3, 15, 11]","{""men"": {""4d6160f7-1b99-4a44-80c5-1d8fef5a929d"": ""60.0/10630.0/106"", ""47bbbb8d-a7d3-4e96-abe8-124c1e772b2d"": ""58.4/10229.2/102""}, ""women"": {""4d6160f7-1b99-4a44-80c5-1d8fef5a929d"": ""61.4/10130.7/101"", ""47bbbb8d-a7d3-4e96-abe8-124c1e772b2d"": ""60.0/9630.0/96""}}","{""men"": {}, ""women"": {""4d6160f7-1b99-4a44-80c5-1d8fef5a929d"": ""61.4/10130.7/101"", ""47bbbb8d-a7d3-4e96-abe8-124c1e772b2d"": ""60.0/9630.0/96""}}"
f9039a0d-eb86-4268-a0b4-dbd70f5e6d0f,18-hole course,93ef541c-4ca4-4ffa-98b6-a3f357d9da53,"[5, 9, 17, 15, 11, 7, 1, 13, 3, 18, 12, 2, 4, 16, 14, 6, 8, 10]","{""men"": {""6380a4f4-26b9-4d02-8b16-63a16ad1f686"": ""73.5/14036.8/14036.7/140"", ""2a590934-192f-4936-bf2c-9741a54541ce"": ""72.0/13836.0/13836.0/138"", ""270e657b-1c6a-4f12-bf22-97c7029ebce6"": ""69.0/12934.5/12934.5/129"", ""d82cd88b-1062-4865-99f4-de9e2c6d23e0"": ""68.0/12234.0/12234.0/122""}, ""women"": {""270e657b-1c6a-4f12-bf22-97c7029ebce6"": ""74.8/13537.4/13537.4/135"", ""d82cd88b-1062-4865-99f4-de9e2c6d23e0"": ""73.9/13337.0/13336.9/133""}}","{""men"": {}, ""women"": {""270e657b-1c6a-4f12-bf22-97c7029ebce6"": ""74.8/13537.4/13537.4/135"", ""d82cd88b-1062-4865-99f4-de9e2c6d23e0"": ""73.9/13337.0/13336.9/133""}}"
86e437bf-e811-44d5-958c-3e00f510f611,Campomar 18 Hoyos,e7fba160-035b-4c52-8f5b-7bc9212aae63,"[13, 17, 9, 7, 1, 3, 15, 11, 5, 14, 18, 10, 8, 2, 4, 16, 12, 6]","{""men"": {""2ccced06-c6ea-4525-b4a1-c7781773a7c6"": ""67.6/12033.8/12033.8/120"", ""14fe6288-6c6e-46aa-990a-347fef925f18"": ""64.2/11632.1/11632.1/116""}, ""women"": {""14fe6288-6c6e-46aa-990a-347fef925f18"": ""68.6/11534.3/11534.3/115""}}","{""men"": {}, ""women"": {""14fe6288-6c6e-46aa-990a-347fef925f18"": ""68.6/11534.3/11534.3/115""}}"
ca82bbb2-0d70-4ae5-82ab-d0b395cf3101,18-hole course,f8dc59dc-8e31-48dd-82ab-cd9380ab002e,"[3, 8, 9, 12, 5, 14, 15, 18, 1, 4, 7, 10, 11, 6, 13, 16, 17, 2]","{""men"": {""5b37fb92-fa89-4320-8cc2-472534c30793"": ""67.7/12633.8/12733.9/125"", ""0afa376a-4a80-4d5b-a793-1d72963be8da"": ""64.5/11332.3/11532.2/110""}, ""women"": {}}","{""men"": {}, ""women"": {}}"
90a4c201-ebc9-4853-b65c-e3d65cad95cb,18-hole course,ee04c3d2-25c3-4b66-8840-d6f49f08ef56,"[5, 15, 13, 11, 17, 1, 7, 9, 3, 6, 16, 14, 12, 18, 2, 8, 10, 4]","{""men"": {""aab5664f-d9df-4d40-bda4-23a316a59ddd"": ""70.0/11935.0/11935.0/119""}, ""women"": {""d44c2544-0151-4813-9629-9f1a5a060a35"": ""71.4/12035.7/12035.7/120""}}","{""men"": {}, ""women"": {""d44c2544-0151-4813-9629-9f1a5a060a35"": ""71.4/12035.7/12035.7/120""}}"
e881c741-f316-4eaf-81e2-314dd38b30e6,18-hole course,4f219ad7-1f73-4b0b-92cc-221ec0443520,"[17, 7, 11, 9, 1, 3, 15, 13, 5, 18, 8, 12, 10, 2, 4, 16, 14, 6]","{""men"": {""6af7cefc-ed82-44e5-9a76-5391b74f27d8"": ""61.0/9830.6/9830.4/98""}, ""women"": {""6af7cefc-ed82-44e5-9a76-5391b74f27d8"": ""61.6/10630.8/10630.8/106""}}","{""men"": {}, ""women"": {""6af7cefc-ed82-44e5-9a76-5391b74f27d8"": ""61.6/10630.8/10630.8/106""}}"
4dc7d8f3-b60a-45ea-b030-f276f0decee9,Gorraiz,d498d8aa-a7f2-41ef-9258-432e5cdfcff2,"[14, 4, 10, 16, 8, 2, 12, 6, 18, 7, 3, 17, 15, 13, 9, 11, 5, 1]","{""men"": {""72b5036c-870d-4024-94b3-fecaa6e4622b"": ""74.1/13937.1/13937.0/139"", ""3cdb4f99-3d16-458a-a857-10128a143828"": ""72.5/13836.3/13836.2/138"", ""5a9670e3-10ca-4ef3-8915-379a9aa596ff"": ""69.5/13034.8/13034.7/130"", ""28f85529-a039-4d12-8fac-91fc06a14afb"": ""68.0/12434.0/12434.0/124""}, ""women"": {""72b5036c-870d-4024-94b3-fecaa6e4622b"": ""80.4/14640.2/14640.2/146"", ""3cdb4f99-3d16-458a-a857-10128a143828"": ""78.6/14139.3/14139.3/141"", ""5a9670e3-10ca-4ef3-8915-379a9aa596ff"": ""75.0/13337.5/13337.5/133"", ""28f85529-a039-4d12-8fac-91fc06a14afb"": ""73.3/13036.7/13036.6/130""}}","{""men"": {}, ""women"": {""72b5036c-870d-4024-94b3-fecaa6e4622b"": ""80.4/14640.2/14640.2/146"", ""3cdb4f99-3d16-458a-a857-10128a143828"": ""78.6/14139.3/14139.3/141"", ""5a9670e3-10ca-4ef3-8915-379a9aa596ff"": ""75.0/13337.5/13337.5/133"", ""28f85529-a039-4d12-8fac-91fc06a14afb"": ""73.3/13036.7/13036.6/130""}}"
464b5791-33e8-4e57-a6f1-61764f28e076,9-hole course,820948e8-7f26-4bd2-870e-fedb5fade1a1,"[1, 17, 5, 3, 11, 9, 7, 15, 13]","{""men"": {""923c3d34-0288-4196-ba42-ad196778725e"": ""65.7/11132.9/111""}, ""women"": {""460bb9b7-3796-4fa2-99a5-cdc6be3a7570"": ""65.6/10332.8/103""}}","{""men"": {}, ""women"": {""460bb9b7-3796-4fa2-99a5-cdc6be3a7570"": ""65.6/10332.8/103""}}"
6739612f-f22f-432e-8e51-32a0c6bb8572,Recorregut Vermell,7bd238c4-4d06-4530-adde-cc2ff8397a7f,"[7, 13, 11, 17, 3, 9, 1, 15, 5, 14, 10, 2, 16, 12, 6, 8, 18, 4]","{""men"": {""8d6d6b0e-d2f5-4ade-bcc4-42183f83c305"": ""72.2/14436.1/14436.1/144"", ""152c8dda-6460-48ab-9f2b-f11f4eb24210"": ""70.8/14135.4/14135.4/141""}, ""women"": {""70bc41e8-7bbf-40f6-a57c-53a041ed5929"": ""73.0/13236.5/13236.5/132"", ""81213ecf-a157-474a-a7d0-a5342952a4e9"": ""71.0/12835.5/12835.5/128""}}","{""men"": {}, ""women"": {""70bc41e8-7bbf-40f6-a57c-53a041ed5929"": ""73.0/13236.5/13236.5/132"", ""81213ecf-a157-474a-a7d0-a5342952a4e9"": ""71.0/12835.5/12835.5/128""}}"
383a4d5b-ca88-4be2-92af-10674e0f725e,Rojo,7bd238c4-4d06-4530-adde-cc2ff8397a7f,"[10, 14, 8, 18, 12, 16, 4, 6, 2, 15, 5, 1, 7, 13, 17, 9, 11, 3]","{""men"": {""e62eee3f-3abd-4f94-a726-420904a37114"": ""72.2/14436.1/14436.1/144"", ""d1305816-7506-41fa-b1c3-4712d3492deb"": ""70.8/14135.4/14135.4/141"", ""fafe8bc4-cd97-483c-88e4-40d517bd3356"": ""68.0/12334.0/12334.0/123"", ""2bc71b3f-85ad-496e-9738-5946e74219da"": ""66.4/12033.2/12033.2/120""}, ""women"": {""d1305816-7506-41fa-b1c3-4712d3492deb"": ""70.8/14135.4/14135.4/141"", ""fafe8bc4-cd97-483c-88e4-40d517bd3356"": ""73.0/13236.5/13236.5/132"", ""2bc71b3f-85ad-496e-9738-5946e74219da"": ""71.0/12835.5/12835.5/128""}}","{""men"": {}, ""women"": {""d1305816-7506-41fa-b1c3-4712d3492deb"": ""70.8/14135.4/14135.4/141"", ""fafe8bc4-cd97-483c-88e4-40d517bd3356"": ""73.0/13236.5/13236.5/132"", ""2bc71b3f-85ad-496e-9738-5946e74219da"": ""71.0/12835.5/12835.5/128""}}"
90fdf98c-838b-40b0-8037-6464fd619707,Verde,7bd238c4-4d06-4530-adde-cc2ff8397a7f,"[9, 13, 17, 3, 11, 1, 5, 7, 15, 8, 10, 12, 18, 6, 14, 2, 16, 4]","{""men"": {""2291007b-cf23-4c8c-a163-644eb4642e72"": ""70.1/13235.1/13235.0/132"", ""3907b1bf-6bfe-42e4-b319-769bb0dfbf4c"": ""69.2/13034.6/13034.6/130"", ""f23f6455-4b85-45f3-82d7-a65922bc766b"": ""66.4/11833.2/11833.2/118"", ""9f969f1a-bd26-4503-80bb-dbe53e0b2ea0"": ""65.4/11632.7/11632.7/116""}, ""women"": {""2291007b-cf23-4c8c-a163-644eb4642e72"": ""76.2/13438.1/13438.1/134"", ""3907b1bf-6bfe-42e4-b319-769bb0dfbf4c"": ""74.8/13137.4/13137.4/131"", ""f23f6455-4b85-45f3-82d7-a65922bc766b"": ""71.5/12735.8/12735.7/127"", ""9f969f1a-bd26-4503-80bb-dbe53e0b2ea0"": ""70.4/12635.2/12635.2/126""}}","{""men"": {}, ""women"": {""2291007b-cf23-4c8c-a163-644eb4642e72"": ""76.2/13438.1/13438.1/134"", ""3907b1bf-6bfe-42e4-b319-769bb0dfbf4c"": ""74.8/13137.4/13137.4/131"", ""f23f6455-4b85-45f3-82d7-a65922bc766b"": ""71.5/12735.8/12735.7/127"", ""9f969f1a-bd26-4503-80bb-dbe53e0b2ea0"": ""70.4/12635.2/12635.2/126""}}"
c1e8fe27-fa2d-4ce4-8be8-0bd50c978640,Main course,9964d760-f6be-4e29-accc-13afda5f1d64,"[6, 16, 18, 12, 2, 14, 4, 8, 10, 17, 9, 13, 7, 15, 3, 5, 11, 1]","{""men"": {""2167333c-741b-489c-a82b-6d96a4945616"": ""71.3/13535.7/13535.6/135"", ""2c66474b-04d2-41b9-90c7-c00700924bda"": ""69.8/13234.9/13234.9/132"", ""a8e36513-fc5b-4c18-8eae-b6882fc5f5e3"": ""67.5/12333.8/12333.7/123"", ""de2be3f4-09d3-4c36-89ef-b7a2afa8221a"": ""66.0/11533.0/11533.0/115""}, ""women"": {""a8e36513-fc5b-4c18-8eae-b6882fc5f5e3"": ""73.0/12936.5/12936.5/129"", ""de2be3f4-09d3-4c36-89ef-b7a2afa8221a"": ""70.6/12435.3/12435.3/124""}}","{""men"": {}, ""women"": {""a8e36513-fc5b-4c18-8eae-b6882fc5f5e3"": ""73.0/12936.5/12936.5/129"", ""de2be3f4-09d3-4c36-89ef-b7a2afa8221a"": ""70.6/12435.3/12435.3/124""}}"
2c969366-8268-4b39-9662-a319a07f2a7f,Pitch and Putt,9964d760-f6be-4e29-accc-13afda5f1d64,"[2, 12, 18, 10, 6, 4, 14, 16, 8, 17, 9, 15, 1, 11, 7, 5, 13, 3]","{""men"": {}, ""women"": {}}","{""men"": {}, ""women"": {}}"
2181f07e-f053-48fc-b8bc-e0fd57f606e6,Costa Azahar Recorrido Azul,3942afba-9421-432d-9938-d1271123bccb,"[1, 7, 15, 17, 3, 5, 9, 13, 11, 2, 8, 16, 18, 4, 6, 10, 14, 12]","{""men"": {""4b3e07e3-3b14-4c4f-8430-a0b50ca8bf36"": ""70.8/13435.4/13435.4/134"", ""e9988abd-51d6-4eb4-91f6-3e3af918fc6e"": ""67.8/12233.9/12233.9/122""}, ""women"": {""e9988abd-51d6-4eb4-91f6-3e3af918fc6e"": ""72.6/12736.3/12736.3/127""}}","{""men"": {}, ""women"": {""e9988abd-51d6-4eb4-91f6-3e3af918fc6e"": ""72.6/12736.3/12736.3/127""}}"
c9fc6b41-04db-4e46-adb7-ed16f7859eab,Costa Azahar Recorrido Rosa,3942afba-9421-432d-9938-d1271123bccb,"[1, 7, 15, 17, 3, 5, 9, 11, 13, 2, 8, 16, 18, 4, 6, 10, 12, 14]","{""men"": {""797010ff-39ee-41b6-ad5c-7b7afac12991"": ""70.4/13235.2/13235.2/132"", ""0987f051-e839-4a3b-9e86-8ecc1470ca54"": ""67.6/12133.8/12133.8/121""}, ""women"": {""0987f051-e839-4a3b-9e86-8ecc1470ca54"": ""72.4/12536.2/12536.2/125""}}","{""men"": {}, ""women"": {""0987f051-e839-4a3b-9e86-8ecc1470ca54"": ""72.4/12536.2/12536.2/125""}}"
16973b5e-16e9-4aa8-8c9e-9552e2fa68b2,Costa Azahar Recorrido Verde,3942afba-9421-432d-9938-d1271123bccb,"[1, 7, 15, 3, 5, 9, 13, 11, 17, 2, 8, 16, 4, 6, 10, 14, 12, 18]","{""men"": {""03deead0-7bc8-49bd-ac9c-d10afc75dda2"": ""71.0/13535.5/13535.5/135"", ""e4213a08-bfe8-4b97-ab1f-5787fa31f4a3"": ""68.0/12234.0/12234.0/122""}, ""women"": {""e4213a08-bfe8-4b97-ab1f-5787fa31f4a3"": ""72.8/12836.4/12836.4/128""}}","{""men"": {}, ""women"": {""e4213a08-bfe8-4b97-ab1f-5787fa31f4a3"": ""72.8/12836.4/12836.4/128""}}"
fb49227c-b7e6-42fc-ad48-68b777f5cd57,costa de azahar,3942afba-9421-432d-9938-d1271123bccb,"[1, 7, 13, 17, 3, 5, 9, 11, 15]","{""men"": {}, ""women"": {}}","{""men"": {}, ""women"": {}}"
48516018-496f-4969-900c-5a56229603e8,18-hole course (deleted),f19c220d-2f58-48bb-b678-5b834061437c,"[11, 7, 15, 13, 3, 5, 17, 9, 1, 18, 8, 6, 12, 10, 16, 4, 14, 2]","{""men"": {""31a0391f-273d-4c11-b5b7-7ab9e17dee33"": ""71.8/12835.9/12835.9/128""}, ""women"": {""35ef355e-3122-4550-b0a6-d9c243ce490f"": ""71.2/11735.6/11735.6/117""}}","{""men"": {}, ""women"": {""35ef355e-3122-4550-b0a6-d9c243ce490f"": ""71.2/11735.6/11735.6/117""}}"
25c88c98-2867-417c-b2cc-a8f3a47ca663,Recorrido verde,6783d25c-dd86-48e3-8709-c4d11f5ad372,"[10, 12, 8, 6, 14, 16, 4, 18, 2, 7, 13, 1, 15, 17, 5, 9, 11, 3]","{""men"": {}, ""women"": {}}","{""men"": {}, ""women"": {}}"
dfd27fd7-5d22-48cb-a4bf-04ab3399deac,18-hole course,52d517d6-4ae9-448d-9319-799627c031c1,"[11, 5, 3, 11, 5, 13, 7, 17, 9, 6, 4, 18, 16, 10, 2, 14, 12, 8]","{""men"": {}, ""women"": {}}","{""men"": {}, ""women"": {}}"
fb6e2545-670f-4f47-a84f-b3e983b79cb9,18-hole course,ad6d752b-e02b-4953-9276-3eb64fa789bb,"[14, 4, 16, 6, 12, 18, 10, 2, 8, 13, 3, 15, 5, 11, 17, 9, 1, 7]","{""men"": {""fa4715d6-7423-46be-baa0-0b76a1804cc0"": ""72.7/13536.2/13436.5/135"", ""ec95c792-f80c-4f31-a290-9c5152550b1e"": ""68.6/12234.2/12334.4/121""}, ""women"": {}}","{""men"": {}, ""women"": {}}"
61469139-adb7-46e1-8ace-a16af34c27c3,Masia + Masia,331626df-a81e-4960-856a-0e7b231e0e62,"[5, 15, 9, 1, 3, 17, 7, 13, 11, 6, 16, 10, 2, 4, 18, 8, 14, 12]","{""men"": {""2acd32fa-2e3c-46f5-b677-c142865f0332"": ""71.8/13035.9/13035.9/130"", ""81d17ee7-d4ea-4434-89c2-acb2e2107102"": ""70.4/12735.2/12735.2/127"", ""a360a1d1-0155-41c8-bd2d-adc344244213"": ""69.0/12534.5/12534.5/125"", ""416134e2-235e-4239-9203-68c52be7992f"": ""68.0/12334.0/12334.0/123"", ""e9667d12-7ad8-474d-bb13-56d0e7c9e819"": ""66.6/11933.3/11933.3/119"", ""773404fe-f0ed-4149-891d-c68a436d19ff"": ""64.6/11232.3/11232.3/112"", ""6f0f55bc-c525-43b2-a0e9-ba575a0f8348"": ""60.8/10430.4/10430.4/104""}, ""women"": {""2acd32fa-2e3c-46f5-b677-c142865f0332"": ""79.0/14539.5/14539.5/145"", ""81d17ee7-d4ea-4434-89c2-acb2e2107102"": ""77.4/14138.7/14138.7/141"", ""a360a1d1-0155-41c8-bd2d-adc344244213"": ""75.8/13937.9/13937.9/139"", ""416134e2-235e-4239-9203-68c52be7992f"": ""74.6/13637.3/13637.3/136"", ""e9667d12-7ad8-474d-bb13-56d0e7c9e819"": ""72.6/13236.3/13236.3/132"", ""773404fe-f0ed-4149-891d-c68a436d19ff"": ""70.2/12735.1/12735.1/127"", ""6f0f55bc-c525-43b2-a0e9-ba575a0f8348"": ""66.4/11633.2/11633.2/116""}}","{""men"": {}, ""women"": {""2acd32fa-2e3c-46f5-b677-c142865f0332"": ""79.0/14539.5/14539.5/145"", ""81d17ee7-d4ea-4434-89c2-acb2e2107102"": ""77.4/14138.7/14138.7/141"", ""a360a1d1-0155-41c8-bd2d-adc344244213"": ""75.8/13937.9/13937.9/139"", ""416134e2-235e-4239-9203-68c52be7992f"": ""74.6/13637.3/13637.3/136"", ""e9667d12-7ad8-474d-bb13-56d0e7c9e819"": ""72.6/13236.3/13236.3/132"", ""773404fe-f0ed-4149-891d-c68a436d19ff"": ""70.2/12735.1/12735.1/127"", ""6f0f55bc-c525-43b2-a0e9-ba575a0f8348"": ""66.4/11633.2/11633.2/116""}}"
3ef6d8c2-2a47-4862-a82d-a4368286965d,Lagos + Lagos,331626df-a81e-4960-856a-0e7b231e0e62,"[5, 9, 17, 3, 15, 13, 11, 7, 1, 6, 10, 18, 4, 16, 14, 12, 8, 2]","{""men"": {""0766228b-79e8-4072-93a3-9bac17338318"": ""71.8/13035.9/13035.9/130"", ""b36efbbf-4b13-478b-adaa-dd7b9882abfe"": ""70.4/12735.2/12735.2/127"", ""6550e792-a031-4432-8933-7ea848cce5eb"": ""69.0/12534.5/12534.5/125"", ""8155078e-38e5-4da9-acb8-079cd5848d9a"": ""68.0/12334.0/12334.0/123"", ""84cb4ed2-b3e7-47f2-8f7a-27ccba072bf1"": ""66.6/11933.3/11933.3/119"", ""618585ed-186f-421f-b9b4-9cf888a6d515"": ""64.6/11232.3/11232.3/112"", ""72b70cf2-58ba-49ab-ab10-bd3572c7fec7"": ""61.0/10430.5/10430.5/104""}, ""women"": {""0766228b-79e8-4072-93a3-9bac17338318"": ""79.0/14539.5/14539.5/145"", ""b36efbbf-4b13-478b-adaa-dd7b9882abfe"": ""77.4/14138.7/14138.7/141"", ""6550e792-a031-4432-8933-7ea848cce5eb"": ""75.8/13937.9/13937.9/139"", ""8155078e-38e5-4da9-acb8-079cd5848d9a"": ""74.6/13637.3/13637.3/136"", ""84cb4ed2-b3e7-47f2-8f7a-27ccba072bf1"": ""72.6/13236.3/13236.3/132"", ""618585ed-186f-421f-b9b4-9cf888a6d515"": ""70.2/12735.1/12735.1/127"", ""72b70cf2-58ba-49ab-ab10-bd3572c7fec7"": ""66.4/11633.2/11633.2/116""}}","{""men"": {}, ""women"": {""0766228b-79e8-4072-93a3-9bac17338318"": ""79.0/14539.5/14539.5/145"", ""b36efbbf-4b13-478b-adaa-dd7b9882abfe"": ""77.4/14138.7/14138.7/141"", ""6550e792-a031-4432-8933-7ea848cce5eb"": ""75.8/13937.9/13937.9/139"", ""8155078e-38e5-4da9-acb8-079cd5848d9a"": ""74.6/13637.3/13637.3/136"", ""84cb4ed2-b3e7-47f2-8f7a-27ccba072bf1"": ""72.6/13236.3/13236.3/132"", ""618585ed-186f-421f-b9b4-9cf888a6d515"": ""70.2/12735.1/12735.1/127"", ""72b70cf2-58ba-49ab-ab10-bd3572c7fec7"": ""66.4/11633.2/11633.2/116""}}"
517d2670-d0ad-415e-a382-494d18958a59,Nuevos + Nuevos,331626df-a81e-4960-856a-0e7b231e0e62,"[5, 15, 9, 1, 3, 17, 7, 13, 11, 6, 16, 10, 2, 4, 18, 8, 14, 12]","{""men"": {""fb5f9294-c7a7-408a-aff0-aef9172f4382"": ""77.0/14238.5/14238.5/142"", ""cae1cc27-f47e-4e56-afc4-2ce5cb27ed80"": ""74.8/13737.4/13737.4/137"", ""06461317-0e06-42ac-8a2c-1568f04884fb"": ""73.4/13536.7/13536.7/135"", ""2df3dc7a-cdc6-4107-9964-99064249727d"": ""72.8/13336.4/13336.4/133"", ""2f3e8c5d-ad79-4c26-986c-1114fc47b88d"": ""70.6/13135.3/13135.3/131"", ""bd457a72-8c9a-4fec-8dea-0f8421854b10"": ""69.4/12434.7/12434.7/124"", ""f7f0835f-7eeb-41be-9e2f-c9b9a55ab72d"": ""66.6/11833.3/11833.3/118""}, ""women"": {""fb5f9294-c7a7-408a-aff0-aef9172f4382"": ""42.2/15321.1/15321.1/153"", ""cae1cc27-f47e-4e56-afc4-2ce5cb27ed80"": ""82.6/14741.3/14741.3/147"", ""06461317-0e06-42ac-8a2c-1568f04884fb"": ""80.8/14540.4/14540.4/145"", ""2df3dc7a-cdc6-4107-9964-99064249727d"": ""79.6/14239.8/14239.8/142"", ""2f3e8c5d-ad79-4c26-986c-1114fc47b88d"": ""75.4/13237.7/13237.7/132"", ""bd457a72-8c9a-4fec-8dea-0f8421854b10"": ""74.2/13137.1/13137.1/131"", ""f7f0835f-7eeb-41be-9e2f-c9b9a55ab72d"": ""72.4/13036.2/13036.2/130""}}","{""men"": {}, ""women"": {""fb5f9294-c7a7-408a-aff0-aef9172f4382"": ""42.2/15321.1/15321.1/153"", ""cae1cc27-f47e-4e56-afc4-2ce5cb27ed80"": ""82.6/14741.3/14741.3/147"", ""06461317-0e06-42ac-8a2c-1568f04884fb"": ""80.8/14540.4/14540.4/145"", ""2df3dc7a-cdc6-4107-9964-99064249727d"": ""79.6/14239.8/14239.8/142"", ""2f3e8c5d-ad79-4c26-986c-1114fc47b88d"": ""75.4/13237.7/13237.7/132"", ""bd457a72-8c9a-4fec-8dea-0f8421854b10"": ""74.2/13137.1/13137.1/131"", ""f7f0835f-7eeb-41be-9e2f-c9b9a55ab72d"": ""72.4/13036.2/13036.2/130""}}"
91bca1a8-36b8-4b3f-897c-2517d0076198,Masia + Lagos,331626df-a81e-4960-856a-0e7b231e0e62,"[6, 16, 10, 2, 4, 18, 8, 14, 12, 5, 9, 17, 3, 15, 13, 11, 7, 1]","{""men"": {""5ff906f0-5e08-4d19-b8c0-b08a75a1166d"": ""71.8/13035.9/13035.9/130"", ""cd185a5d-d704-45ca-ac99-8f74551522b8"": ""69.0/12534.5/12534.5/125"", ""0b9544e8-0cbb-45eb-89b9-f3d6cbb08005"": ""68.0/12334.0/12334.0/123"", ""7e004e3e-a4a7-4f8b-935b-1b9e7040935c"": ""66.6/11933.3/11933.3/119"", ""9f05da84-0e35-4016-96b6-82f8c2248fe6"": ""64.6/11232.3/11232.3/112"", ""d91ebf48-efd9-43cb-9f80-06b9195c66f5"": ""60.9/10430.4/10430.5/104""}, ""women"": {""5ff906f0-5e08-4d19-b8c0-b08a75a1166d"": ""79.0/14539.5/14539.5/145"", ""cd185a5d-d704-45ca-ac99-8f74551522b8"": ""75.8/13937.9/13937.9/139"", ""0b9544e8-0cbb-45eb-89b9-f3d6cbb08005"": ""74.5/13637.3/13637.3/136"", ""7e004e3e-a4a7-4f8b-935b-1b9e7040935c"": ""72.6/13236.3/13236.3/132"", ""9f05da84-0e35-4016-96b6-82f8c2248fe6"": ""70.2/12735.1/12735.1/127"", ""d91ebf48-efd9-43cb-9f80-06b9195c66f5"": ""66.3/11633.2/11633.2/116""}}","{""men"": {}, ""women"": {""5ff906f0-5e08-4d19-b8c0-b08a75a1166d"": ""79.0/14539.5/14539.5/145"", ""cd185a5d-d704-45ca-ac99-8f74551522b8"": ""75.8/13937.9/13937.9/139"", ""0b9544e8-0cbb-45eb-89b9-f3d6cbb08005"": ""74.5/13637.3/13637.3/136"", ""7e004e3e-a4a7-4f8b-935b-1b9e7040935c"": ""72.6/13236.3/13236.3/132"", ""9f05da84-0e35-4016-96b6-82f8c2248fe6"": ""70.2/12735.1/12735.1/127"", ""d91ebf48-efd9-43cb-9f80-06b9195c66f5"": ""66.3/11633.2/11633.2/116""}}"
f14fd97e-e5d7-4630-82cd-9d30d123a3e9,Masia + Nuevos,331626df-a81e-4960-856a-0e7b231e0e62,"[6, 16, 10, 2, 4, 18, 8, 14, 12, 15, 5, 13, 17, 9, 1, 3, 11, 7]","{""men"": {""31d2caa7-ab13-47bc-aadf-96c58502608e"": ""74.4/13635.9/13038.5/142"", ""8dea0ac2-ff67-47c4-9172-36b3c3a8a0d5"": ""72.5/13235.2/12737.4/137"", ""461cbf5c-4cdd-4d2e-a488-24e37eed7a59"": ""71.2/13034.5/12536.7/135"", ""2ad23e0c-8576-4441-bacc-f09a90707f43"": ""70.4/12834.0/12336.4/133"", ""a5060c64-997c-484d-8349-7a23303a81d1"": ""67.0/11832.3/11234.7/124"", ""791891f0-1be4-4f9a-ac86-643ffbe2f4ee"": ""63.7/11130.4/10433.3/118""}, ""women"": {""31d2caa7-ab13-47bc-aadf-96c58502608e"": ""81.7/14939.5/14521.1/153"", ""8dea0ac2-ff67-47c4-9172-36b3c3a8a0d5"": ""80.0/14438.7/14141.3/147"", ""461cbf5c-4cdd-4d2e-a488-24e37eed7a59"": ""78.3/14237.9/13940.4/145"", ""2ad23e0c-8576-4441-bacc-f09a90707f43"": ""77.0/13937.3/13639.8/142"", ""a5060c64-997c-484d-8349-7a23303a81d1"": ""72.2/12935.1/12737.1/131"", ""791891f0-1be4-4f9a-ac86-643ffbe2f4ee"": ""69.3/12333.2/11636.2/130""}}","{""men"": {}, ""women"": {""31d2caa7-ab13-47bc-aadf-96c58502608e"": ""81.7/14939.5/14521.1/153"", ""8dea0ac2-ff67-47c4-9172-36b3c3a8a0d5"": ""80.0/14438.7/14141.3/147"", ""461cbf5c-4cdd-4d2e-a488-24e37eed7a59"": ""78.3/14237.9/13940.4/145"", ""2ad23e0c-8576-4441-bacc-f09a90707f43"": ""77.0/13937.3/13639.8/142"", ""a5060c64-997c-484d-8349-7a23303a81d1"": ""72.2/12935.1/12737.1/131"", ""791891f0-1be4-4f9a-ac86-643ffbe2f4ee"": ""69.3/12333.2/11636.2/130""}}"
efb2d507-f14c-45e4-9d6c-70b93f8e6a77,Lagos + Nuevos,331626df-a81e-4960-856a-0e7b231e0e62,"[6, 10, 18, 4, 16, 14, 12, 8, 2, 15, 5, 13, 17, 9, 1, 3, 11, 7]","{""men"": {""6ca78667-3638-4ba6-b914-9bd02bb430d9"": ""74.4/13635.9/13038.5/142"", ""62bb6d00-80ef-4a01-8d79-36ded7ef5162"": ""72.5/13235.2/12737.4/137"", ""6d06f2d7-54ed-4397-9ad0-68a43ec9ddfa"": ""71.2/13034.5/12536.7/135"", ""4e1493cb-984d-4b90-be8b-e2091760246a"": ""70.4/12834.0/12336.4/133"", ""d46de172-8627-4c7c-8cba-579cc0b2ebcc"": ""67.0/11832.3/11234.7/124"", ""4f0ae416-0194-4952-8c23-601ef02950c3"": ""63.7/11130.5/10433.3/118""}, ""women"": {""6ca78667-3638-4ba6-b914-9bd02bb430d9"": ""81.7/14939.5/14521.1/153"", ""62bb6d00-80ef-4a01-8d79-36ded7ef5162"": ""80.0/14438.7/14141.3/147"", ""6d06f2d7-54ed-4397-9ad0-68a43ec9ddfa"": ""78.3/14237.9/13940.4/145"", ""4e1493cb-984d-4b90-be8b-e2091760246a"": ""77.0/13937.3/13639.8/142"", ""d46de172-8627-4c7c-8cba-579cc0b2ebcc"": ""72.2/12935.1/12737.1/131"", ""4f0ae416-0194-4952-8c23-601ef02950c3"": ""69.3/12333.2/11636.2/130""}}","{""men"": {}, ""women"": {""6ca78667-3638-4ba6-b914-9bd02bb430d9"": ""81.7/14939.5/14521.1/153"", ""62bb6d00-80ef-4a01-8d79-36ded7ef5162"": ""80.0/14438.7/14141.3/147"", ""6d06f2d7-54ed-4397-9ad0-68a43ec9ddfa"": ""78.3/14237.9/13940.4/145"", ""4e1493cb-984d-4b90-be8b-e2091760246a"": ""77.0/13937.3/13639.8/142"", ""d46de172-8627-4c7c-8cba-579cc0b2ebcc"": ""72.2/12935.1/12737.1/131"", ""4f0ae416-0194-4952-8c23-601ef02950c3"": ""69.3/12333.2/11636.2/130""}}"
6b7d2163-0e21-4678-9626-8f2ab6bec3eb,HATO VERDE,bfa2aa35-7204-478c-a6c2-43b06a517adb,"[1, 7, 13, 5, 9, 11, 17, 3, 15, 8, 18, 10, 4, 6, 12, 2, 16, 14]","{""men"": {""5cdeaf78-bad5-47a9-834b-7b2cd2278040"": ""69.6/12334.8/12334.8/123"", ""a5012f6d-0482-464f-8d04-7ef51d302207"": ""68.3/12234.2/12234.1/122"", ""0a5c5974-b859-4d8a-a0f3-213f0c3e135d"": ""65.4/10432.7/10432.7/104"", ""7bf8587e-d13a-4d95-bbd4-602da9000c92"": ""63.9/10132.0/10131.9/101""}, ""women"": {""5cdeaf78-bad5-47a9-834b-7b2cd2278040"": ""75.0/12737.5/12737.5/127"", ""a5012f6d-0482-464f-8d04-7ef51d302207"": ""73.3/12336.7/12336.6/123"", ""0a5c5974-b859-4d8a-a0f3-213f0c3e135d"": ""70.8/12135.4/12135.4/121"", ""7bf8587e-d13a-4d95-bbd4-602da9000c92"": ""68.8/11734.4/11734.4/117""}}","{""men"": {}, ""women"": {""5cdeaf78-bad5-47a9-834b-7b2cd2278040"": ""75.0/12737.5/12737.5/127"", ""a5012f6d-0482-464f-8d04-7ef51d302207"": ""73.3/12336.7/12336.6/123"", ""0a5c5974-b859-4d8a-a0f3-213f0c3e135d"": ""70.8/12135.4/12135.4/121"", ""7bf8587e-d13a-4d95-bbd4-602da9000c92"": ""68.8/11734.4/11734.4/117""}}"
